tpr,tnr,theta,n_class,n_unlabeled,method,reps,excluded,kept,coverage,mean_width,median_width,judgy_mean_dropped,bias,rmse
0.2,0.95,0.1,10,100,judgy,500,107,393,0.4580152671755725,0.592322829577124,0.6300000000000002,0.17899267827297874,,
0.2,0.95,0.1,10,100,skill,500,107,393,0.4580152671755725,0.7091164119613075,0.7466666666666681,0.17899267827297874,,
0.2,0.95,0.1,10,100,repo,500,107,393,0.7608142493638677,0.8252840747304012,0.8799999999999999,0.17899267827297874,,
0.2,0.95,0.1,10,100,stratified,500,107,393,0.7022900763358778,0.8180816773698453,0.8666666666666666,0.17899267827297874,,
0.2,0.95,0.1,10,100,lang_reiczigel,500,107,393,1.0,0.8624765805261851,1.0,0.17899267827297874,,
0.2,0.95,0.1,10,100,wilson_known,500,107,393,0.34096692111959287,0.39626320101001555,0.3806319617486593,0.17899267827297874,,
0.2,0.95,0.1,10,100,point_rogan_gladen,500,107,393,,,,,0.18051314673452087,0.3206081543480079
0.2,0.95,0.1,10,1000,judgy,500,123,377,0.4005305039787798,0.6300339844638124,0.6489999999999999,0.19292971087665847,,
0.2,0.95,0.1,10,1000,skill,500,123,377,0.40318302387267907,0.7289704808912353,0.7040000000000011,0.19292971087665847,,
0.2,0.95,0.1,10,1000,repo,500,123,377,0.4376657824933687,0.7487970098101135,0.7408625000000004,0.19292971087665847,,
0.2,0.95,0.1,10,1000,stratified,500,123,377,0.4244031830238727,0.6945934486968965,0.63,0.19292971087665847,,
0.2,0.95,0.1,10,1000,lang_reiczigel,500,123,377,1.0,0.8371812386710032,0.8938882910172372,0.19292971087665847,,
0.2,0.95,0.1,10,1000,wilson_known,500,123,377,0.021220159151193633,0.1333237197766313,0.10916378255262371,0.19292971087665847,,
0.2,0.95,0.1,10,1000,point_rogan_gladen,500,123,377,,,,,0.1833561007957558,0.30708566516659547
0.2,0.95,0.1,20,100,judgy,500,58,442,0.6289592760180995,0.6430994726917887,0.6718333333333332,0.09816968325791854,,
0.2,0.95,0.1,20,100,skill,500,58,442,0.6447963800904978,0.7833547607010464,0.8426785714285713,0.09816968325791854,,
0.2,0.95,0.1,20,100,repo,500,58,442,0.834841628959276,0.8500029521710191,0.9355749999999999,0.09816968325791854,,
0.2,0.95,0.1,20,100,stratified,500,58,442,0.8190045248868778,0.8324543679673769,0.9199999999999999,0.09816968325791854,,
0.2,0.95,0.1,20,100,lang_reiczigel,500,58,442,1.0,0.7834398888681954,0.8201071186199758,0.09816968325791854,,
0.2,0.95,0.1,20,100,wilson_known,500,58,442,0.5950226244343891,0.4558630450447222,0.43555046210042736,0.09816968325791854,,
0.2,0.95,0.1,20,100,point_rogan_gladen,500,58,442,,,,,0.12461089564030756,0.2787068156702552
0.2,0.95,0.1,20,1000,judgy,500,50,450,0.6244444444444445,0.6907321251198626,0.7435555555555562,0.11165333333333333,,
0.2,0.95,0.1,20,1000,skill,500,50,450,0.6266666666666667,0.8287109360599275,0.9933750000000008,0.11165333333333333,,
0.2,0.95,0.1,20,1000,repo,500,50,450,0.6311111111111111,0.833179852888365,0.9711366666666674,0.11165333333333333,,
0.2,0.95,0.1,20,1000,stratified,500,50,450,0.6288888888888889,0.7911117960958793,0.8304166666666668,0.11165333333333333,,
0.2,0.95,0.1,20,1000,lang_reiczigel,500,50,450,1.0,0.7457100141353011,0.8238077822766245,0.11165333333333333,,
0.2,0.95,0.1,20,1000,wilson_known,500,50,450,0.31333333333333335,0.1582663642115733,0.1347640459021282,0.11165333333333333,,
0.2,0.95,0.1,20,1000,point_rogan_gladen,500,50,450,,,,,0.10961804232804215,0.2555501062097697
0.2,0.95,0.1,50,100,judgy,500,4,496,0.8225806451612904,0.517000046182871,0.4801250000000006,0.03856451612903226,,
0.2,0.95,0.1,50,100,skill,500,4,496,0.8548387096774194,0.6566409007310482,0.6863071497774518,0.03856451612903226,,
0.2,0.95,0.1,50,100,repo,500,4,496,0.9536290322580645,0.7621179433449894,0.8694382884972172,0.03856451612903226,,
0.2,0.95,0.1,50,100,stratified,500,4,496,0.9556451612903226,0.7447095540000591,0.8333333333333333,0.03856451612903226,,
0.2,0.95,0.1,50,100,lang_reiczigel,500,4,496,1.0,0.7239065432401253,0.7047162774704535,0.03856451612903226,,
0.2,0.95,0.1,50,100,wilson_known,500,4,496,0.7983870967741935,0.5296422226064778,0.518947327631205,0.03856451612903226,,
0.2,0.95,0.1,50,100,point_rogan_gladen,500,4,496,,,,,0.06751001950028386,0.21642514278514355
0.2,0.95,0.1,50,1000,judgy,500,4,496,0.8931451612903226,0.5401487115876235,0.49030475308642,0.038776209677419356,,
0.2,0.95,0.1,50,1000,skill,500,4,496,0.9092741935483871,0.6826788302096951,0.6772166015624994,0.038776209677419356,,
0.2,0.95,0.1,50,1000,repo,500,4,496,0.9153225806451613,0.6993638050806732,0.7125978846153858,0.038776209677419356,,
0.2,0.95,0.1,50,1000,stratified,500,4,496,0.9112903225806451,0.6762966954851783,0.6775,0.038776209677419356,,
0.2,0.95,0.1,50,1000,lang_reiczigel,500,4,496,0.9979838709677419,0.5785917859654834,0.5114641111392308,0.038776209677419356,,
0.2,0.95,0.1,50,1000,wilson_known,500,4,496,0.3467741935483871,0.15663668062655095,0.15270504933869603,0.038776209677419356,,
0.2,0.95,0.1,50,1000,point_rogan_gladen,500,4,496,,,,,0.05829328909218007,0.17856879544596438
0.2,0.95,0.1,100,100,judgy,500,1,499,0.7715430861723447,0.36258455431163394,0.31972574263865533,0.009511022044088177,,
0.2,0.95,0.1,100,100,skill,500,1,499,0.7895791583166333,0.40556200083805644,0.34271190148300346,0.009511022044088177,,
0.2,0.95,0.1,100,100,repo,500,1,499,0.9679358717434869,0.5982071893876699,0.5736434718569394,0.009511022044088177,,
0.2,0.95,0.1,100,100,stratified,500,1,499,0.9619238476953907,0.593175188726555,0.571428571428571,0.009511022044088177,,
0.2,0.95,0.1,100,100,lang_reiczigel,500,1,499,0.9919839679358717,0.6344123083443529,0.612878465593377,0.009511022044088177,,
0.2,0.95,0.1,100,100,wilson_known,500,1,499,0.87374749498998,0.5222637924008099,0.5109404326994945,0.009511022044088177,,
0.2,0.95,0.1,100,100,point_rogan_gladen,500,1,499,,,,,0.041996656747449485,0.16858894751166864
0.2,0.95,0.1,100,1000,judgy,500,2,498,0.9196787148594378,0.3651813671222763,0.3244289097618084,0.007385542168674699,,
0.2,0.95,0.1,100,1000,skill,500,2,498,0.927710843373494,0.4162782526764706,0.34081742223640954,0.007385542168674699,,
0.2,0.95,0.1,100,1000,repo,500,2,498,0.9377510040160643,0.44209616712514577,0.37102599515184487,0.007385542168674699,,
0.2,0.95,0.1,100,1000,stratified,500,2,498,0.9417670682730924,0.4322490918766671,0.36308035714285636,0.007385542168674699,,
0.2,0.95,0.1,100,1000,lang_reiczigel,500,2,498,0.9799196787148594,0.41447647309105484,0.37200908721926196,0.007385542168674699,,
0.2,0.95,0.1,100,1000,wilson_known,500,2,498,0.4979919678714859,0.15748760353132862,0.1586914200249468,0.007385542168674699,,
0.2,0.95,0.1,100,1000,point_rogan_gladen,500,2,498,,,,,0.016146349086985326,0.1131798508121694
0.2,0.95,0.1,200,100,judgy,500,0,500,0.638,0.24559965896617614,0.24430941520928362,0.000306,,
0.2,0.95,0.1,200,100,skill,500,0,500,0.65,0.24884432256435848,0.24487563942712512,0.000306,,
0.2,0.95,0.1,200,100,repo,500,0,500,0.924,0.49827690577973893,0.48158690315714053,0.000306,,
0.2,0.95,0.1,200,100,stratified,500,0,500,0.928,0.4972149974143874,0.482772525027809,0.000306,,
0.2,0.95,0.1,200,100,lang_reiczigel,500,0,500,0.98,0.57774546400757,0.5583282651617749,0.000306,,
0.2,0.95,0.1,200,100,wilson_known,500,0,500,0.908,0.5158062275622564,0.5137463906603583,0.000306,,
0.2,0.95,0.1,200,100,point_rogan_gladen,500,0,500,,,,,0.030597241953295835,0.14654813929029503
0.2,0.95,0.1,200,1000,judgy,500,0,500,0.912,0.265122152095543,0.25753875603566734,0.00042300000000000004,,
0.2,0.95,0.1,200,1000,skill,500,0,500,0.906,0.26966387184181756,0.2574257248465901,0.00042300000000000004,,
0.2,0.95,0.1,200,1000,repo,500,0,500,0.934,0.30812009172495636,0.2959733626908252,0.00042300000000000004,,
0.2,0.95,0.1,200,1000,stratified,500,0,500,0.938,0.3070975942827173,0.2937463235294121,0.00042300000000000004,,
0.2,0.95,0.1,200,1000,lang_reiczigel,500,0,500,0.966,0.31272396186215445,0.2989248403598965,0.00042300000000000004,,
0.2,0.95,0.1,200,1000,wilson_known,500,0,500,0.69,0.17302523705566944,0.1765424459517327,0.00042300000000000004,,
0.2,0.95,0.1,200,1000,point_rogan_gladen,500,0,500,,,,,0.007726719867795648,0.09020887439480223
0.2,0.95,0.3,10,100,judgy,500,125,375,0.8826666666666667,0.7088991000000002,0.7400000000000002,0.17496456428214105,,
0.2,0.95,0.3,10,100,skill,500,125,375,0.8826666666666667,0.7618839483164984,0.7799999999999998,0.17496456428214105,,
0.2,0.95,0.3,10,100,repo,500,125,375,0.9626666666666667,0.8346993592314117,0.8599999999999999,0.17496456428214105,,
0.2,0.95,0.3,10,100,stratified,500,125,375,0.952,0.8317401058201056,0.8499999999999999,0.17496456428214105,,
0.2,0.95,0.3,10,100,lang_reiczigel,500,125,375,1.0,0.8716443779421218,1.0,0.17496456428214105,,
0.2,0.95,0.3,10,100,wilson_known,500,125,375,0.5893333333333334,0.43313023237346054,0.4135370518366578,0.17496456428214105,,
0.2,0.95,0.3,10,100,point_rogan_gladen,500,125,375,,,,,0.08908000000000016,0.33929097094229166
0.2,0.95,0.3,10,1000,judgy,500,113,387,0.9431524547803618,0.7792682173409062,0.8039999999999998,0.17750022621129685,,
0.2,0.95,0.3,10,1000,skill,500,113,387,0.958656330749354,0.8232284375640869,0.8180000000000001,0.17750022621129685,,
0.2,0.95,0.3,10,1000,repo,500,113,387,0.9715762273901809,0.830627521027458,0.82341875,0.17750022621129685,,
0.2,0.95,0.3,10,1000,stratified,500,113,387,0.9509043927648578,0.828382145164267,0.8146249999999999,0.17750022621129685,,
0.2,0.95,0.3,10,1000,lang_reiczigel,500,113,387,0.9948320413436692,0.8455749626007265,0.947363701436644,0.17750022621129685,,
0.2,0.95,0.3,10,1000,wilson_known,500,113,387,0.17571059431524547,0.13972934542102108,0.12787361184535417,0.17750022621129685,,
0.2,0.95,0.3,10,1000,point_rogan_gladen,500,113,387,,,,,0.06271631598375792,0.3344448169807711
0.2,0.95,0.3,20,100,judgy,500,51,449,0.844097995545657,0.7533993004530689,0.7637499999999998,0.09401559020044542,,
0.2,0.95,0.3,20,100,skill,500,51,449,0.8730512249443207,0.823743322564325,1.0,0.09401559020044542,,
0.2,0.95,0.3,20,100,repo,500,51,449,0.955456570155902,0.87254733233265,1.0,0.09401559020044542,,
0.2,0.95,0.3,20,100,stratified,500,51,449,0.9532293986636972,0.862270107645386,0.9333333333333332,0.09401559020044542,,
0.2,0.95,0.3,20,100,lang_reiczigel,500,51,449,0.9977728285077951,0.8578642861686299,1.0,0.09401559020044542,,
0.2,0.95,0.3,20,100,wilson_known,500,51,449,0.7282850779510023,0.5500975474135436,0.5333729041987008,0.09401559020044542,,
0.2,0.95,0.3,20,100,point_rogan_gladen,500,51,449,,,,,0.050072648212960265,0.28995556657965504
0.2,0.95,0.3,20,1000,judgy,500,65,435,0.8942528735632184,0.8070562598225182,0.7975000000000001,0.11030000000000001,,
0.2,0.95,0.3,20,1000,skill,500,65,435,0.8988505747126436,0.8492892926538931,1.0,0.11030000000000001,,
0.2,0.95,0.3,20,1000,repo,500,65,435,0.9080459770114943,0.8574618633704346,1.0,0.11030000000000001,,
0.2,0.95,0.3,20,1000,stratified,500,65,435,0.8988505747126436,0.8462699511152958,0.96,0.11030000000000001,,
0.2,0.95,0.3,20,1000,lang_reiczigel,500,65,435,1.0,0.8187726071260434,0.9132365330356944,0.11030000000000001,,
0.2,0.95,0.3,20,1000,wilson_known,500,65,435,0.30344827586206896,0.20344231959150966,0.18289110329767547,0.11030000000000001,,
0.2,0.95,0.3,20,1000,point_rogan_gladen,500,65,435,,,,,0.0755813902572524,0.3088358458847239
0.2,0.95,0.3,50,100,judgy,500,8,492,0.8211382113821138,0.6807204599570984,0.6883788050580681,0.03965548780487805,,
0.2,0.95,0.3,50,100,skill,500,8,492,0.8780487804878049,0.7593143984585755,0.8024801587301589,0.03965548780487805,,
0.2,0.95,0.3,50,100,repo,500,8,492,0.9634146341463414,0.8639282770375495,1.0,0.03965548780487805,,
0.2,0.95,0.3,50,100,stratified,500,8,492,0.9552845528455285,0.8551248511711883,1.0,0.03965548780487805,,
0.2,0.95,0.3,50,100,lang_reiczigel,500,8,492,1.0,0.8356302410188403,0.9208481999102089,0.03965548780487805,,
0.2,0.95,0.3,50,100,wilson_known,500,8,492,0.8638211382113821,0.649709209913589,0.6428107594260447,0.03965548780487805,,
0.2,0.95,0.3,50,100,point_rogan_gladen,500,8,492,,,,,0.04685428054330513,0.27376791876382406
0.2,0.95,0.3,50,1000,judgy,500,2,498,0.9457831325301205,0.7216332451781963,0.7369826829873478,0.03296586345381526,,
0.2,0.95,0.3,50,1000,skill,500,2,498,0.9759036144578314,0.781185168401975,0.8299956071742527,0.03296586345381526,,
0.2,0.95,0.3,50,1000,repo,500,2,498,0.9779116465863453,0.7971774911887058,0.8632317088065016,0.03296586345381526,,
0.2,0.95,0.3,50,1000,stratified,500,2,498,0.9759036144578314,0.7806741454272258,0.8223958333333317,0.03296586345381526,,
0.2,0.95,0.3,50,1000,lang_reiczigel,500,2,498,0.9979919678714859,0.6689622658422276,0.6386209526921003,0.03296586345381526,,
0.2,0.95,0.3,50,1000,wilson_known,500,2,498,0.5120481927710844,0.2399184915545635,0.21994533192159782,0.03296586345381526,,
0.2,0.95,0.3,50,1000,point_rogan_gladen,500,2,498,,,,,0.015821576127431947,0.20283443670492693
0.2,0.95,0.3,100,100,judgy,500,0,500,0.7,0.520444330923963,0.4937149604156696,0.009536,,
0.2,0.95,0.3,100,100,skill,500,0,500,0.742,0.5605682214226932,0.52593811847635,0.009536,,
0.2,0.95,0.3,100,100,repo,500,0,500,0.942,0.7732756928128546,0.8214006384055612,0.009536,,
0.2,0.95,0.3,100,100,stratified,500,0,500,0.936,0.7708128598132273,0.8181818181818179,0.009536,,
0.2,0.95,0.3,100,100,lang_reiczigel,500,0,500,0.996,0.782799632340005,0.8062369486721099,0.009536,,
0.2,0.95,0.3,100,100,wilson_known,500,0,500,0.882,0.6646132607399302,0.6603654619244885,0.009536,,
0.2,0.95,0.3,100,100,point_rogan_gladen,500,0,500,,,,,0.014297837233761232,0.23704519672267127
0.2,0.95,0.3,100,1000,judgy,500,1,499,0.9098196392785571,0.5820473259051971,0.5581567168049106,0.0069118236472945896,,
0.2,0.95,0.3,100,1000,skill,500,1,499,0.9178356713426854,0.5967000970266312,0.568859546851855,0.0069118236472945896,,
0.2,0.95,0.3,100,1000,repo,500,1,499,0.9418837675350702,0.636345123075511,0.6089326298701301,0.0069118236472945896,,
0.2,0.95,0.3,100,1000,stratified,500,1,499,0.9378757515030061,0.6311651662819602,0.6145833333333339,0.0069118236472945896,,
0.2,0.95,0.3,100,1000,lang_reiczigel,500,1,499,0.9819639278557114,0.5548564082052834,0.5313152510954586,0.0069118236472945896,,
0.2,0.95,0.3,100,1000,wilson_known,500,1,499,0.6232464929859719,0.25295841306518985,0.2387834497532147,0.0069118236472945896,,
0.2,0.95,0.3,100,1000,point_rogan_gladen,500,1,499,,,,,0.012175001661691524,0.15777688995212005
0.2,0.95,0.3,200,100,judgy,500,0,500,0.546,0.3767647892935494,0.36363978162601746,0.00013000000000000002,,
0.2,0.95,0.3,200,100,skill,500,0,500,0.544,0.37709528840154827,0.3632067159041059,0.00013000000000000002,,
0.2,0.95,0.3,200,100,repo,500,0,500,0.944,0.7137035926539141,0.7377472571833448,0.00013000000000000002,,
0.2,0.95,0.3,200,100,stratified,500,0,500,0.938,0.7144361773557885,0.7391304347826084,0.00013000000000000002,,
0.2,0.95,0.3,200,100,lang_reiczigel,500,0,500,0.98,0.7496376884231322,0.770120195942112,0.00013000000000000002,,
0.2,0.95,0.3,200,100,wilson_known,500,0,500,0.92,0.6745994841624511,0.6912646316949058,0.00013000000000000002,,
0.2,0.95,0.3,200,100,point_rogan_gladen,500,0,500,,,,,0.029825558782199245,0.22782858022034932
0.2,0.95,0.3,200,1000,judgy,500,0,500,0.896,0.4099850188495416,0.3875670482101208,0.000252,,
0.2,0.95,0.3,200,1000,skill,500,0,500,0.902,0.4108825906634649,0.38615594619927335,0.000252,,
0.2,0.95,0.3,200,1000,repo,500,0,500,0.966,0.47880312380652823,0.4539252164706211,0.000252,,
0.2,0.95,0.3,200,1000,stratified,500,0,500,0.96,0.4780549557052301,0.4528379934749811,0.000252,,
0.2,0.95,0.3,200,1000,lang_reiczigel,500,0,500,0.992,0.44345445755371676,0.42489841693634556,0.000252,,
0.2,0.95,0.3,200,1000,wilson_known,500,0,500,0.75,0.2494831692362062,0.23795384360088076,0.000252,,
0.2,0.95,0.3,200,1000,point_rogan_gladen,500,0,500,,,,,0.0012052344462470863,0.11498619444634287
0.2,0.95,0.5,10,100,judgy,500,116,384,0.9192708333333334,0.7426622852173145,0.7599999999999998,0.16952528021823413,,
0.2,0.95,0.5,10,100,skill,500,116,384,0.9479166666666666,0.7646802378087046,0.7666666666666665,0.16952528021823413,,
0.2,0.95,0.5,10,100,repo,500,116,384,0.9713541666666666,0.8156029327876982,0.8234499999999998,0.16952528021823413,,
0.2,0.95,0.5,10,100,stratified,500,116,384,0.9713541666666666,0.8113391126198742,0.8249999999999998,0.16952528021823413,,
0.2,0.95,0.5,10,100,lang_reiczigel,500,116,384,0.9453125,0.8959573367881543,1.0,0.16952528021823413,,
0.2,0.95,0.5,10,100,wilson_known,500,116,384,0.5546875,0.43908738065412195,0.4361688127909399,0.16952528021823413,,
0.2,0.95,0.5,10,100,point_rogan_gladen,500,116,384,,,,,0.01824466765873024,0.33152876062215436
0.2,0.95,0.5,10,1000,judgy,500,131,369,0.981029810298103,0.7900497678463888,0.7766666666666668,0.17166127440413975,,
0.2,0.95,0.5,10,1000,skill,500,131,369,0.994579945799458,0.8170261174560159,0.786,0.17166127440413975,,
0.2,0.95,0.5,10,1000,repo,500,131,369,0.994579945799458,0.8208515178375899,0.7916854166666667,0.17166127440413975,,
0.2,0.95,0.5,10,1000,stratified,500,131,369,0.994579945799458,0.8133006121757645,0.79,0.17166127440413975,,
0.2,0.95,0.5,10,1000,lang_reiczigel,500,131,369,0.967479674796748,0.8884601172004076,1.0,0.17166127440413975,,
0.2,0.95,0.5,10,1000,wilson_known,500,131,369,0.1978319783197832,0.1597048505422772,0.1403550647128322,0.17166127440413975,,
0.2,0.95,0.5,10,1000,point_rogan_gladen,500,131,369,,,,,-0.024765130984643117,0.3184545132746472
0.2,0.95,0.5,20,100,judgy,500,48,452,0.9004424778761062,0.767692000326401,0.7567001915708808,0.09334181415929203,,
0.2,0.95,0.5,20,100,skill,500,48,452,0.9203539823008849,0.8174309614003143,0.9900827674023767,0.09334181415929203,,
0.2,0.95,0.5,20,100,repo,500,48,452,0.9601769911504425,0.8622104720038891,1.0,0.09334181415929203,,
0.2,0.95,0.5,20,100,stratified,500,48,452,0.9557522123893806,0.8553828519071882,1.0,0.09334181415929203,,
0.2,0.95,0.5,20,100,lang_reiczigel,500,48,452,0.9712389380530974,0.9071918336307236,1.0,0.09334181415929203,,
0.2,0.95,0.5,20,100,wilson_known,500,48,452,0.6814159292035398,0.5441536868112352,0.5444359298332612,0.09334181415929203,,
0.2,0.95,0.5,20,100,point_rogan_gladen,500,48,452,,,,,0.00894858828487156,0.31807982650541833
0.2,0.95,0.5,20,1000,judgy,500,56,444,0.9324324324324325,0.8164358036981159,0.9070665458937202,0.10691554054054055,,
0.2,0.95,0.5,20,1000,skill,500,56,444,0.9369369369369369,0.8402336945445198,1.0,0.10691554054054055,,
0.2,0.95,0.5,20,1000,repo,500,56,444,0.9504504504504504,0.8458280101253266,1.0,0.10691554054054055,,
0.2,0.95,0.5,20,1000,stratified,500,56,444,0.9459459459459459,0.8367901548214047,1.0,0.10691554054054055,,
0.2,0.95,0.5,20,1000,lang_reiczigel,500,56,444,0.9572072072072072,0.8719542943072334,1.0,0.10691554054054055,,
0.2,0.95,0.5,20,1000,wilson_known,500,56,444,0.32882882882882886,0.22049338735875662,0.20508803796878478,0.10691554054054055,,
0.2,0.95,0.5,20,1000,point_rogan_gladen,500,56,444,,,,,0.02858617546117556,0.28898699012910994
0.2,0.95,0.5,50,100,judgy,500,4,496,0.8266129032258065,0.696678411221165,0.6920648485676655,0.03739616935483871,,
0.2,0.95,0.5,50,100,skill,500,4,496,0.8810483870967742,0.7812412704107494,0.8187259528527774,0.03739616935483871,,
0.2,0.95,0.5,50,100,repo,500,4,496,0.9616935483870968,0.8825674759808316,1.0,0.03739616935483871,,
0.2,0.95,0.5,50,100,stratified,500,4,496,0.9637096774193549,0.8763270710711674,1.0,0.03739616935483871,,
0.2,0.95,0.5,50,100,lang_reiczigel,500,4,496,0.9758064516129032,0.8961270823887861,0.9735866236981029,0.03739616935483871,,
0.2,0.95,0.5,50,100,wilson_known,500,4,496,0.8266129032258065,0.6525122508464072,0.6611592006417956,0.03739616935483871,,
0.2,0.95,0.5,50,100,point_rogan_gladen,500,4,496,,,,,0.015439095712162678,0.29689252756376705
0.2,0.95,0.5,50,1000,judgy,500,2,498,0.9236947791164659,0.7590933955891686,0.7456166779447371,0.038705823293172695,,
0.2,0.95,0.5,50,1000,skill,500,2,498,0.9658634538152611,0.8220638551602993,0.8838166314778061,0.038705823293172695,,
0.2,0.95,0.5,50,1000,repo,500,2,498,0.9698795180722891,0.8353440426655394,0.9203872159455975,0.038705823293172695,,
0.2,0.95,0.5,50,1000,stratified,500,2,498,0.9658634538152611,0.8187181713366589,0.8582575757575759,0.038705823293172695,,
0.2,0.95,0.5,50,1000,lang_reiczigel,500,2,498,0.9518072289156626,0.788197725612401,0.8089336892988138,0.038705823293172695,,
0.2,0.95,0.5,50,1000,wilson_known,500,2,498,0.4578313253012048,0.2628096908938632,0.24530603676934265,0.038705823293172695,,
0.2,0.95,0.5,50,1000,point_rogan_gladen,500,2,498,,,,,0.028936033386777468,0.2533558402098493
0.2,0.95,0.5,100,100,judgy,500,0,500,0.724,0.5752872499468442,0.5706941884361563,0.007619,,
0.2,0.95,0.5,100,100,skill,500,0,500,0.754,0.6086931437514097,0.5860757946009846,0.007619,,
0.2,0.95,0.5,100,100,repo,500,0,500,0.964,0.838290609173591,0.8740746427972048,0.007619,,
0.2,0.95,0.5,100,100,stratified,500,0,500,0.968,0.8381502538492526,0.8750919117647058,0.007619,,
0.2,0.95,0.5,100,100,lang_reiczigel,500,0,500,0.982,0.8628228709608345,0.8887233969622133,0.007619,,
0.2,0.95,0.5,100,100,wilson_known,500,0,500,0.898,0.7008186612853523,0.7079459311659687,0.007619,,
0.2,0.95,0.5,100,100,point_rogan_gladen,500,0,500,,,,,0.012331478740935202,0.26618998265250926
0.2,0.95,0.5,100,1000,judgy,500,0,500,0.936,0.6514876656247718,0.6272917545449601,0.008561,,
0.2,0.95,0.5,100,1000,skill,500,0,500,0.946,0.6708389586615771,0.6351252369061514,0.008561,,
0.2,0.95,0.5,100,1000,repo,500,0,500,0.962,0.7091368251456627,0.6814092388978344,0.008561,,
0.2,0.95,0.5,100,1000,stratified,500,0,500,0.968,0.7024636396677015,0.6698299568078961,0.008561,,
0.2,0.95,0.5,100,1000,lang_reiczigel,500,0,500,0.948,0.6696766982912745,0.6632306250405262,0.008561,,
0.2,0.95,0.5,100,1000,wilson_known,500,0,500,0.596,0.2877981783402338,0.26926086262618065,0.008561,,
0.2,0.95,0.5,100,1000,point_rogan_gladen,500,0,500,,,,,0.01325514177603118,0.1853160150266741
0.2,0.95,0.5,200,100,judgy,500,0,500,0.588,0.42655987380041743,0.41927920302054544,0.000397,,
0.2,0.95,0.5,200,100,skill,500,0,500,0.588,0.4272960583807642,0.4220864432980409,0.000397,,
0.2,0.95,0.5,200,100,repo,500,0,500,0.932,0.7881738590637953,0.8065301958542457,0.000397,,
0.2,0.95,0.5,200,100,stratified,500,0,500,0.942,0.7883497992246957,0.808059980662067,0.000397,,
0.2,0.95,0.5,200,100,lang_reiczigel,500,0,500,0.966,0.8085370848241602,0.8211118656339071,0.000397,,
0.2,0.95,0.5,200,100,wilson_known,500,0,500,0.914,0.7083482535875699,0.7142258158376368,0.000397,,
0.2,0.95,0.5,200,100,point_rogan_gladen,500,0,500,,,,,0.013822409905418956,0.24738274657972978
0.2,0.95,0.5,200,1000,judgy,500,0,500,0.884,0.48471587419830897,0.47525905377097544,0.00044100000000000004,,
0.2,0.95,0.5,200,1000,skill,500,0,500,0.898,0.48698927002543096,0.47541350517276204,0.00044100000000000004,,
0.2,0.95,0.5,200,1000,repo,500,0,500,0.952,0.5617406113173675,0.5500052966005586,0.00044100000000000004,,
0.2,0.95,0.5,200,1000,stratified,500,0,500,0.954,0.5601388947616129,0.5484286942982584,0.00044100000000000004,,
0.2,0.95,0.5,200,1000,lang_reiczigel,500,0,500,0.97,0.5332612672489244,0.5201646182869242,0.00044100000000000004,,
0.2,0.95,0.5,200,1000,wilson_known,500,0,500,0.716,0.28560566782255886,0.27766409961512944,0.00044100000000000004,,
0.2,0.95,0.5,200,1000,point_rogan_gladen,500,0,500,,,,,0.026249271286621707,0.14799310724720238
0.2,0.95,0.7,10,100,judgy,500,126,374,0.9812834224598931,0.7396367259782701,0.7203125000000008,0.1801783278002638,,
0.2,0.95,0.7,10,100,skill,500,126,374,0.9893048128342246,0.7491607546048723,0.7255000000000004,0.1801783278002638,,
0.2,0.95,0.7,10,100,repo,500,126,374,0.9946524064171123,0.7930134607808615,0.7815416666666666,0.1801783278002638,,
0.2,0.95,0.7,10,100,stratified,500,126,374,0.9919786096256684,0.7857580293481027,0.769047619047619,0.1801783278002638,,
0.2,0.95,0.7,10,100,lang_reiczigel,500,126,374,0.9518716577540107,0.955407268656401,1.0,0.1801783278002638,,
0.2,0.95,0.7,10,100,wilson_known,500,126,374,0.5561497326203209,0.4359192242645952,0.4536948183674901,0.1801783278002638,,
0.2,0.95,0.7,10,100,point_rogan_gladen,500,126,374,,,,,-0.07385918003565056,0.32525395717919386
0.2,0.95,0.7,10,1000,judgy,500,117,383,0.9660574412532638,0.7479527144363469,0.7188749999999999,0.1762902724208057,,
0.2,0.95,0.7,10,1000,skill,500,117,383,0.9869451697127938,0.75807140026477,0.727059375,0.1762902724208057,,
0.2,0.95,0.7,10,1000,repo,500,117,383,0.9895561357702349,0.7628838698906257,0.73217,0.1762902724208057,,
0.2,0.95,0.7,10,1000,stratified,500,117,383,0.9843342036553525,0.7507788366695677,0.7200000000000002,0.1762902724208057,,
0.2,0.95,0.7,10,1000,lang_reiczigel,500,117,383,0.9007832898172323,0.9209619772033775,1.0,0.1762902724208057,,
0.2,0.95,0.7,10,1000,wilson_known,500,117,383,0.2689295039164491,0.1703871276519549,0.15294402077106412,0.1762902724208057,,
0.2,0.95,0.7,10,1000,point_rogan_gladen,500,117,383,,,,,-0.07598781549173197,0.2921123135257635
0.2,0.95,0.7,20,100,judgy,500,54,446,0.9192825112107623,0.7437585363055245,0.7459239085239083,0.10707511210762331,,
0.2,0.95,0.7,20,100,skill,500,54,446,0.9506726457399103,0.8308286535888515,1.0,0.10707511210762331,,
0.2,0.95,0.7,20,100,repo,500,54,446,0.9641255605381166,0.8649521905764793,1.0,0.10707511210762331,,
0.2,0.95,0.7,20,100,stratified,500,54,446,0.9641255605381166,0.8603542860042299,1.0,0.10707511210762331,,
0.2,0.95,0.7,20,100,lang_reiczigel,500,54,446,0.9573991031390134,0.9533202016322755,1.0,0.10707511210762331,,
0.2,0.95,0.7,20,100,wilson_known,500,54,446,0.6704035874439462,0.5068145289977791,0.5311501323560686,0.10707511210762331,,
0.2,0.95,0.7,20,100,point_rogan_gladen,500,54,446,,,,,-0.046320734571855586,0.30504567561261875
0.2,0.95,0.7,20,1000,judgy,500,52,448,0.9709821428571429,0.7813405366221511,0.8306213986280484,0.10665959821428572,,
0.2,0.95,0.7,20,1000,skill,500,52,448,0.9709821428571429,0.8282905311795099,1.0,0.10665959821428572,,
0.2,0.95,0.7,20,1000,repo,500,52,448,0.9732142857142857,0.8325052613110833,1.0,0.10665959821428572,,
0.2,0.95,0.7,20,1000,stratified,500,52,448,0.9709821428571429,0.8261124251523526,1.0,0.10665959821428572,,
0.2,0.95,0.7,20,1000,lang_reiczigel,500,52,448,0.8950892857142857,0.9194239769576943,1.0,0.10665959821428572,,
0.2,0.95,0.7,20,1000,wilson_known,500,52,448,0.27232142857142855,0.1951923637342698,0.18551827454464664,0.10665959821428572,,
0.2,0.95,0.7,20,1000,point_rogan_gladen,500,52,448,,,,,-0.0366531675170068,0.29398692034510904
0.2,0.95,0.7,50,100,judgy,500,9,491,0.8513238289205702,0.6359725797595123,0.6285714285714298,0.04069959266802444,,
0.2,0.95,0.7,50,100,skill,500,9,491,0.9226069246435845,0.7514045914865772,0.7381163465023559,0.04069959266802444,,
0.2,0.95,0.7,50,100,repo,500,9,491,0.9653767820773931,0.8592132367603207,0.9831495452113428,0.04069959266802444,,
0.2,0.95,0.7,50,100,stratified,500,9,491,0.9633401221995926,0.8453959464529329,0.909090909090909,0.04069959266802444,,
0.2,0.95,0.7,50,100,lang_reiczigel,500,9,491,0.9531568228105907,0.914873803962356,0.9969978861147926,0.04069959266802444,,
0.2,0.95,0.7,50,100,wilson_known,500,9,491,0.814663951120163,0.5984089070975158,0.6190444694497008,0.04069959266802444,,
0.2,0.95,0.7,50,100,point_rogan_gladen,500,9,491,,,,,-0.027746312065528512,0.27392479473892006
0.2,0.95,0.7,50,1000,judgy,500,6,494,0.9291497975708503,0.6530726519865554,0.6323356170055566,0.04449291497975709,,
0.2,0.95,0.7,50,1000,skill,500,6,494,0.9696356275303644,0.7746350763137583,0.7621970060122716,0.04449291497975709,,
0.2,0.95,0.7,50,1000,repo,500,6,494,0.9736842105263158,0.7859166454285813,0.7986360475086933,0.04449291497975709,,
0.2,0.95,0.7,50,1000,stratified,500,6,494,0.9696356275303644,0.7704100275024506,0.7500000000000006,0.04449291497975709,,
0.2,0.95,0.7,50,1000,lang_reiczigel,500,6,494,0.9149797570850202,0.8422803661735709,0.8553572682990527,0.04449291497975709,,
0.2,0.95,0.7,50,1000,wilson_known,500,6,494,0.4048582995951417,0.2235233640286328,0.23258118793925497,0.04449291497975709,,
0.2,0.95,0.7,50,1000,point_rogan_gladen,500,6,494,,,,,0.0219504793733032,0.22657504822459013
0.2,0.95,0.7,100,100,judgy,500,0,500,0.774,0.526591888571695,0.5265340246734611,0.006954000000000001,,
0.2,0.95,0.7,100,100,skill,500,0,500,0.804,0.5601010998730035,0.5447184004931751,0.006954000000000001,,
0.2,0.95,0.7,100,100,repo,500,0,500,0.97,0.7949046597954214,0.8102339448022287,0.006954000000000001,,
0.2,0.95,0.7,100,100,stratified,500,0,500,0.962,0.792333547486736,0.8001190476190485,0.006954000000000001,,
0.2,0.95,0.7,100,100,lang_reiczigel,500,0,500,0.97,0.8508590273905681,0.8639029547721053,0.006954000000000001,,
0.2,0.95,0.7,100,100,wilson_known,500,0,500,0.886,0.6313905213468508,0.6411847166493088,0.006954000000000001,,
0.2,0.95,0.7,100,100,point_rogan_gladen,500,0,500,,,,,-0.028080880383745947,0.2565230598164214
0.2,0.95,0.7,100,1000,judgy,500,0,500,0.918,0.5433529553441467,0.5461698245338479,0.008710999999999998,,
0.2,0.95,0.7,100,1000,skill,500,0,500,0.952,0.5940749098149349,0.5694712880256285,0.008710999999999998,,
0.2,0.95,0.7,100,1000,repo,500,0,500,0.962,0.6235504257570796,0.5981018533236916,0.008710999999999998,,
0.2,0.95,0.7,100,1000,stratified,500,0,500,0.958,0.6097955078895473,0.5891721819846818,0.008710999999999998,,
0.2,0.95,0.7,100,1000,lang_reiczigel,500,0,500,0.95,0.6878057358790943,0.6682033357011239,0.008710999999999998,,
0.2,0.95,0.7,100,1000,wilson_known,500,0,500,0.518,0.24110377993678048,0.25118091037325196,0.008710999999999998,,
0.2,0.95,0.7,100,1000,point_rogan_gladen,500,0,500,,,,,0.028725937357852716,0.1873315796093429
0.2,0.95,0.7,200,100,judgy,500,0,500,0.674,0.4045543847617906,0.42189535145650087,0.00022900000000000004,,
0.2,0.95,0.7,200,100,skill,500,0,500,0.672,0.40487561353383067,0.4188452819393754,0.00022900000000000004,,
0.2,0.95,0.7,200,100,repo,500,0,500,0.948,0.7360841305052243,0.74172166885101,0.00022900000000000004,,
0.2,0.95,0.7,200,100,stratified,500,0,500,0.952,0.7360152004234558,0.7499999999999996,0.00022900000000000004,,
0.2,0.95,0.7,200,100,lang_reiczigel,500,0,500,0.966,0.7655762550472456,0.7735119586635468,0.00022900000000000004,,
0.2,0.95,0.7,200,100,wilson_known,500,0,500,0.934,0.6358050401509066,0.6482260318088817,0.00022900000000000004,,
0.2,0.95,0.7,200,100,point_rogan_gladen,500,0,500,,,,,-0.005439544137474465,0.2328763544937249
0.2,0.95,0.7,200,1000,judgy,500,0,500,0.908,0.44879917631271377,0.4588515501756368,0.00020600000000000002,,
0.2,0.95,0.7,200,1000,skill,500,0,500,0.908,0.4505668907469095,0.4589492547662888,0.00020600000000000002,,
0.2,0.95,0.7,200,1000,repo,500,0,500,0.958,0.5045049141542252,0.5060464866961797,0.00020600000000000002,,
0.2,0.95,0.7,200,1000,stratified,500,0,500,0.95,0.5036443309517395,0.5064513098108714,0.00020600000000000002,,
0.2,0.95,0.7,200,1000,lang_reiczigel,500,0,500,0.944,0.5378072193291658,0.5403889746886736,0.00020600000000000002,,
0.2,0.95,0.7,200,1000,wilson_known,500,0,500,0.65,0.27313136711832703,0.27572867023210673,0.00020600000000000002,,
0.2,0.95,0.7,200,1000,point_rogan_gladen,500,0,500,,,,,0.008956991759835888,0.15219404431188407
0.2,0.95,0.9,10,100,judgy,500,116,384,0.9322916666666666,0.7152215921068951,0.6966249999999999,0.1638906289082041,,
0.2,0.95,0.9,10,100,skill,500,116,384,0.9661458333333334,0.7275039962262131,0.7000000000000002,0.1638906289082041,,
0.2,0.95,0.9,10,100,repo,500,116,384,0.96875,0.7666165926376863,0.7455,0.1638906289082041,,
0.2,0.95,0.9,10,100,stratified,500,116,384,0.9661458333333334,0.7597231781167327,0.7400000000000002,0.1638906289082041,,
0.2,0.95,0.9,10,100,lang_reiczigel,500,116,384,0.8489583333333334,0.9578078860581339,1.0,0.1638906289082041,,
0.2,0.95,0.9,10,100,wilson_known,500,116,384,0.4765625,0.4101197325111851,0.4199153432903154,0.1638906289082041,,
0.2,0.95,0.9,10,100,point_rogan_gladen,500,116,384,,,,,-0.2160763888888889,0.3666395981170165
0.2,0.95,0.9,10,1000,judgy,500,109,391,0.9744245524296675,0.704680754298096,0.6680000000000001,0.17622679178463915,,
0.2,0.95,0.9,10,1000,skill,500,109,391,0.9872122762148338,0.7084723615170704,0.6704000000000001,0.17622679178463915,,
0.2,0.95,0.9,10,1000,repo,500,109,391,0.9923273657289002,0.7131773300159985,0.6739999999999999,0.17622679178463915,,
0.2,0.95,0.9,10,1000,stratified,500,109,391,0.989769820971867,0.7007299377359639,0.6694,0.17622679178463915,,
0.2,0.95,0.9,10,1000,lang_reiczigel,500,109,391,0.8542199488491049,0.9574107485947343,1.0,0.17622679178463915,,
0.2,0.95,0.9,10,1000,wilson_known,500,109,391,0.34782608695652173,0.15204016878422272,0.1583084950311593,0.17622679178463915,,
0.2,0.95,0.9,10,1000,point_rogan_gladen,500,109,391,,,,,-0.14377791986359764,0.2935606406592095
0.2,0.95,0.9,20,100,judgy,500,44,456,0.9429824561403509,0.6425166165832089,0.6222222222222223,0.09828837719298247,,
0.2,0.95,0.9,20,100,skill,500,44,456,0.9451754385964912,0.754373412651029,1.0,0.09828837719298247,,
0.2,0.95,0.9,20,100,repo,500,44,456,0.9649122807017544,0.7926573999440295,1.0,0.09828837719298247,,
0.2,0.95,0.9,20,100,stratified,500,44,456,0.956140350877193,0.7849271417544442,0.9326666666666665,0.09828837719298247,,
0.2,0.95,0.9,20,100,lang_reiczigel,500,44,456,0.9210526315789473,0.9633280369915975,1.0,0.09828837719298247,,
0.2,0.95,0.9,20,100,wilson_known,500,44,456,0.618421052631579,0.4211755094852775,0.455321694297003,0.09828837719298247,,
0.2,0.95,0.9,20,100,point_rogan_gladen,500,44,456,,,,,-0.1214562447786132,0.28097037048766543
0.2,0.95,0.9,20,1000,judgy,500,58,442,0.9547511312217195,0.6686386733681867,0.6581496770334928,0.0999185520361991,,
0.2,0.95,0.9,20,1000,skill,500,58,442,0.9638009049773756,0.7743913302568678,1.0,0.0999185520361991,,
0.2,0.95,0.9,20,1000,repo,500,58,442,0.9615384615384616,0.779073419142407,1.0,0.0999185520361991,,
0.2,0.95,0.9,20,1000,stratified,500,58,442,0.9547511312217195,0.7665121915917165,0.9134333333333335,0.0999185520361991,,
0.2,0.95,0.9,20,1000,lang_reiczigel,500,58,442,0.8733031674208145,0.939991550577401,1.0,0.0999185520361991,,
0.2,0.95,0.9,20,1000,wilson_known,500,58,442,0.22624434389140272,0.14902714753664906,0.16278531867733753,0.0999185520361991,,
0.2,0.95,0.9,20,1000,point_rogan_gladen,500,58,442,,,,,-0.11018388637506288,0.25185508593766964
0.2,0.95,0.9,50,100,judgy,500,2,498,0.8875502008032129,0.5044512862254065,0.5171570106087771,0.04659437751004016,,
0.2,0.95,0.9,50,100,skill,500,2,498,0.9538152610441767,0.6994864262124246,0.6927967685625285,0.04659437751004016,,
0.2,0.95,0.9,50,100,repo,500,2,498,0.9799196787148594,0.8019154520720804,0.8903460938527179,0.04659437751004016,,
0.2,0.95,0.9,50,100,stratified,500,2,498,0.9799196787148594,0.7742403525890088,0.815340909090909,0.04659437751004016,,
0.2,0.95,0.9,50,100,lang_reiczigel,500,2,498,0.9658634538152611,0.9196337676610208,0.9935942342689692,0.04659437751004016,,
0.2,0.95,0.9,50,100,wilson_known,500,2,498,0.7429718875502008,0.45710855296591835,0.50760242042429,0.04659437751004016,,
0.2,0.95,0.9,50,100,point_rogan_gladen,500,2,498,,,,,-0.07706914348480622,0.231597898465361
0.2,0.95,0.9,50,1000,judgy,500,7,493,0.9533468559837728,0.5183637313282501,0.5122234428327639,0.04594624746450304,,
0.2,0.95,0.9,50,1000,skill,500,7,493,0.9756592292089249,0.7020917281131197,0.6360206627680315,0.04594624746450304,,
0.2,0.95,0.9,50,1000,repo,500,7,493,0.9776876267748479,0.7104754916218697,0.6601592889049607,0.04594624746450304,,
0.2,0.95,0.9,50,1000,stratified,500,7,493,0.9776876267748479,0.6879607505664602,0.6305811403508771,0.04594624746450304,,
0.2,0.95,0.9,50,1000,lang_reiczigel,500,7,493,0.9148073022312373,0.8354064824415766,0.8254234610654956,0.04594624746450304,,
0.2,0.95,0.9,50,1000,wilson_known,500,7,493,0.3509127789046653,0.15964537039521068,0.18916866528578835,0.04594624746450304,,
0.2,0.95,0.9,50,1000,point_rogan_gladen,500,7,493,,,,,-0.04696845812680743,0.17908455176374322
0.2,0.95,0.9,100,100,judgy,500,0,500,0.808,0.40356945435352665,0.425634425631527,0.006319000000000001,,
0.2,0.95,0.9,100,100,skill,500,0,500,0.856,0.4535644150485397,0.4547908797189906,0.006319000000000001,,
0.2,0.95,0.9,100,100,repo,500,0,500,0.954,0.6658912003991126,0.682650038826263,0.006319000000000001,,
0.2,0.95,0.9,100,100,stratified,500,0,500,0.958,0.6559442389680983,0.6669498847926268,0.006319000000000001,,
0.2,0.95,0.9,100,100,lang_reiczigel,500,0,500,0.958,0.7802162586459633,0.7800150795553684,0.006319000000000001,,
0.2,0.95,0.9,100,100,wilson_known,500,0,500,0.842,0.48235012940484695,0.5346806711311297,0.006319000000000001,,
0.2,0.95,0.9,100,100,point_rogan_gladen,500,0,500,,,,,-0.0758671295001641,0.21513051912892756
0.2,0.95,0.9,100,1000,judgy,500,0,500,0.936,0.4154052639865306,0.42639917725638116,0.008349,,
0.2,0.95,0.9,100,1000,skill,500,0,500,0.954,0.47942571601680295,0.45539342161868956,0.008349,,
0.2,0.95,0.9,100,1000,repo,500,0,500,0.966,0.5049275362713788,0.48190801848772463,0.008349,,
0.2,0.95,0.9,100,1000,stratified,500,0,500,0.966,0.4960387137922034,0.4748565789473683,0.008349,,
0.2,0.95,0.9,100,1000,lang_reiczigel,500,0,500,0.914,0.6446677931354208,0.6128128475848902,0.008349,,
0.2,0.95,0.9,100,1000,wilson_known,500,0,500,0.47,0.1799123037790144,0.21329180816224452,0.008349,,
0.2,0.95,0.9,100,1000,point_rogan_gladen,500,0,500,,,,,-0.038633125268578386,0.15499426853826911
0.2,0.95,0.9,200,100,judgy,500,0,500,0.716,0.3192300038105725,0.3450170832640207,0.000321,,
0.2,0.95,0.9,200,100,skill,500,0,500,0.722,0.32344114973662197,0.3448291229240066,0.000321,,
0.2,0.95,0.9,200,100,repo,500,0,500,0.96,0.6161102549499503,0.6239183784443958,0.000321,,
0.2,0.95,0.9,200,100,stratified,500,0,500,0.954,0.6170925887185035,0.6172905219780216,0.000321,,
0.2,0.95,0.9,200,100,lang_reiczigel,500,0,500,0.972,0.6706506877435187,0.6715926203351634,0.000321,,
0.2,0.95,0.9,200,100,wilson_known,500,0,500,0.916,0.509171998679816,0.5253839036085205,0.000321,,
0.2,0.95,0.9,200,100,point_rogan_gladen,500,0,500,,,,,-0.07278865465808353,0.20815887942841765
0.2,0.95,0.9,200,1000,judgy,500,0,500,0.912,0.3339141508302614,0.34909996422020567,0.000382,,
0.2,0.95,0.9,200,1000,skill,500,0,500,0.916,0.33896502967084946,0.3507852899851309,0.000382,,
0.2,0.95,0.9,200,1000,repo,500,0,500,0.954,0.378313822598096,0.38769311521041605,0.000382,,
0.2,0.95,0.9,200,1000,stratified,500,0,500,0.952,0.37579135749524617,0.38940961918376893,0.000382,,
0.2,0.95,0.9,200,1000,lang_reiczigel,500,0,500,0.934,0.4688720733812489,0.47098462815853964,0.000382,,
0.2,0.95,0.9,200,1000,wilson_known,500,0,500,0.616,0.19909990329360067,0.23364786405268906,0.000382,,
0.2,0.95,0.9,200,1000,point_rogan_gladen,500,0,500,,,,,-0.022190782040253366,0.1224299533863109
0.3,0.8,0.1,10,100,judgy,500,188,312,0.7948717948717948,0.829779913940119,1.0,0.17496040167519658,,
0.3,0.8,0.1,10,100,skill,500,188,312,0.8269230769230769,0.9088164834534803,1.0,0.17496040167519658,,
0.3,0.8,0.1,10,100,repo,500,188,312,0.8269230769230769,0.9241301305398426,1.0,0.17496040167519658,,
0.3,0.8,0.1,10,100,stratified,500,188,312,0.8269230769230769,0.9135375108109483,1.0,0.17496040167519658,,
0.3,0.8,0.1,10,100,lang_reiczigel,500,188,312,1.0,0.9317509661756321,1.0,0.17496040167519658,,
0.3,0.8,0.1,10,100,wilson_known,500,188,312,0.48717948717948717,0.4541674629176022,0.477157407475451,0.17496040167519658,,
0.3,0.8,0.1,10,100,point_rogan_gladen,500,188,312,,,,,0.24647970085470086,0.4266285936371728
0.3,0.8,0.1,10,1000,judgy,500,212,288,0.8020833333333334,0.8657745470322704,1.0,0.17451913804124286,,
0.3,0.8,0.1,10,1000,skill,500,212,288,0.8020833333333334,0.9142888945617081,1.0,0.17451913804124286,,
0.3,0.8,0.1,10,1000,repo,500,212,288,0.8020833333333334,0.9175716359402557,1.0,0.17451913804124286,,
0.3,0.8,0.1,10,1000,stratified,500,212,288,0.8020833333333334,0.9032934379133598,1.0,0.17451913804124286,,
0.3,0.8,0.1,10,1000,lang_reiczigel,500,212,288,1.0,0.920675920725036,1.0,0.17451913804124286,,
0.3,0.8,0.1,10,1000,wilson_known,500,212,288,0.2881944444444444,0.16270224802036226,0.16041126447189202,0.17451913804124286,,
0.3,0.8,0.1,10,1000,point_rogan_gladen,500,212,288,,,,,0.2666180555555557,0.4395709558113471
0.3,0.8,0.1,20,100,judgy,500,151,349,0.8595988538681948,0.8118235350504697,1.0,0.1714541547277937,,
0.3,0.8,0.1,20,100,skill,500,151,349,0.9598853868194842,0.9610874222172655,1.0,0.1714541547277937,,
0.3,0.8,0.1,20,100,repo,500,151,349,0.9713467048710601,0.9725701118836582,1.0,0.1714541547277937,,
0.3,0.8,0.1,20,100,stratified,500,151,349,0.9512893982808023,0.963929491910509,1.0,0.1714541547277937,,
0.3,0.8,0.1,20,100,lang_reiczigel,500,151,349,0.9885386819484241,0.9512743830098521,1.0,0.1714541547277937,,
0.3,0.8,0.1,20,100,wilson_known,500,151,349,0.5845272206303725,0.5704687237179431,0.599198753363595,0.1714541547277937,,
0.3,0.8,0.1,20,100,point_rogan_gladen,500,151,349,,,,,0.2407163323782236,0.42465518737081354
0.3,0.8,0.1,20,1000,judgy,500,127,373,0.8552278820375335,0.8560965882937349,1.0,0.1670951742627346,,
0.3,0.8,0.1,20,1000,skill,500,127,373,0.9302949061662198,0.9633904099065167,1.0,0.1670951742627346,,
0.3,0.8,0.1,20,1000,repo,500,127,373,0.9436997319034852,0.9649593421677685,1.0,0.1670951742627346,,
0.3,0.8,0.1,20,1000,stratified,500,127,373,0.9115281501340483,0.9559293671364382,1.0,0.1670951742627346,,
0.3,0.8,0.1,20,1000,lang_reiczigel,500,127,373,0.9865951742627346,0.9270168573782382,1.0,0.1670951742627346,,
0.3,0.8,0.1,20,1000,wilson_known,500,127,373,0.23324396782841822,0.22277142928247318,0.19742494905205898,0.1670951742627346,,
0.3,0.8,0.1,20,1000,point_rogan_gladen,500,127,373,,,,,0.26077909698285046,0.4268450146547624
0.3,0.8,0.1,50,100,judgy,500,64,436,0.8646788990825688,0.7476322674207612,0.8351719801703683,0.13181077981651376,,
0.3,0.8,0.1,50,100,skill,500,64,436,0.9495412844036697,0.9146060825107036,1.0,0.13181077981651376,,
0.3,0.8,0.1,50,100,repo,500,64,436,0.9770642201834863,0.9535484662332886,1.0,0.13181077981651376,,
0.3,0.8,0.1,50,100,stratified,500,64,436,0.9770642201834863,0.9512377930821994,1.0,0.13181077981651376,,
0.3,0.8,0.1,50,100,lang_reiczigel,500,64,436,0.9793577981651376,0.9366088817355764,1.0,0.13181077981651376,,
0.3,0.8,0.1,50,100,wilson_known,500,64,436,0.7981651376146789,0.723137815386514,0.777893064383457,0.13181077981651376,,
0.3,0.8,0.1,50,100,point_rogan_gladen,500,64,436,,,,,0.19755183654266223,0.3874304014954019
0.3,0.8,0.1,50,1000,judgy,500,59,441,0.9138321995464853,0.7987813260753521,0.9502486388384748,0.13905668934240362,,
0.3,0.8,0.1,50,1000,skill,500,59,441,0.9591836734693877,0.9376170417853271,1.0,0.13905668934240362,,
0.3,0.8,0.1,50,1000,repo,500,59,441,0.9659863945578231,0.9407244767787837,1.0,0.13905668934240362,,
0.3,0.8,0.1,50,1000,stratified,500,59,441,0.9591836734693877,0.9353141017543901,1.0,0.13905668934240362,,
0.3,0.8,0.1,50,1000,lang_reiczigel,500,59,441,0.9750566893424036,0.8923877358830341,1.0,0.13905668934240362,,
0.3,0.8,0.1,50,1000,wilson_known,500,59,441,0.3764172335600907,0.2774130505702205,0.25945704173766215,0.13905668934240362,,
0.3,0.8,0.1,50,1000,point_rogan_gladen,500,59,441,,,,,0.16518084525922438,0.336657236905895
0.3,0.8,0.1,100,100,judgy,500,22,478,0.801255230125523,0.611327872005514,0.6067173385132654,0.091336820083682,,
0.3,0.8,0.1,100,100,skill,500,22,478,0.9205020920502092,0.8315014005947212,1.0,0.091336820083682,,
0.3,0.8,0.1,100,100,repo,500,22,478,0.9769874476987448,0.924734581831882,1.0,0.091336820083682,,
0.3,0.8,0.1,100,100,stratified,500,22,478,0.9748953974895398,0.9183437097923628,1.0,0.091336820083682,,
0.3,0.8,0.1,100,100,lang_reiczigel,500,22,478,0.9811715481171548,0.9228209711739969,1.0,0.091336820083682,,
0.3,0.8,0.1,100,100,wilson_known,500,22,478,0.8619246861924686,0.7554664909218172,0.8541584179431327,0.091336820083682,,
0.3,0.8,0.1,100,100,point_rogan_gladen,500,22,478,,,,,0.16457647248424753,0.3644441549435596
0.3,0.8,0.1,100,1000,judgy,500,27,473,0.9238900634249472,0.6779895335259003,0.685221555267751,0.0944799154334038,,
0.3,0.8,0.1,100,1000,skill,500,27,473,0.9682875264270613,0.8667296227889822,1.0,0.0944799154334038,,
0.3,0.8,0.1,100,1000,repo,500,27,473,0.9767441860465116,0.8828397855709282,1.0,0.0944799154334038,,
0.3,0.8,0.1,100,1000,stratified,500,27,473,0.9725158562367865,0.8722566885498564,1.0,0.0944799154334038,,
0.3,0.8,0.1,100,1000,lang_reiczigel,500,27,473,0.9704016913319239,0.8288216930911746,0.9150766577509879,0.0944799154334038,,
0.3,0.8,0.1,100,1000,wilson_known,500,27,473,0.4693446088794926,0.29816555963048474,0.28263544307781674,0.0944799154334038,,
0.3,0.8,0.1,100,1000,point_rogan_gladen,500,27,473,,,,,0.11064209124982342,0.27532886064290785
0.3,0.8,0.1,200,100,judgy,500,5,495,0.6828282828282828,0.4892770692727951,0.5001787218198257,0.03943131313131313,,
0.3,0.8,0.1,200,100,skill,500,5,495,0.8080808080808081,0.6633041963814091,0.6969551083591327,0.03943131313131313,,
0.3,0.8,0.1,200,100,repo,500,5,495,0.9818181818181818,0.893260575828767,1.0,0.03943131313131313,,
0.3,0.8,0.1,200,100,stratified,500,5,495,0.9757575757575757,0.8905863074342106,1.0,0.03943131313131313,,
0.3,0.8,0.1,200,100,lang_reiczigel,500,5,495,0.9858585858585859,0.9154920075156502,1.0,0.03943131313131313,,
0.3,0.8,0.1,200,100,wilson_known,500,5,495,0.9050505050505051,0.7867893201282252,0.9178396167621543,0.03943131313131313,,
0.3,0.8,0.1,200,100,point_rogan_gladen,500,5,495,,,,,0.15802757459586939,0.33579403102515587
0.3,0.8,0.1,200,1000,judgy,500,7,493,0.9066937119675457,0.5383558455568022,0.5063371054593104,0.04858620689655172,,
0.3,0.8,0.1,200,1000,skill,500,7,493,0.9452332657200812,0.71275446129526,0.7055179276510934,0.04858620689655172,,
0.3,0.8,0.1,200,1000,repo,500,7,493,0.9695740365111561,0.7561315263531556,0.8094132484011511,0.04858620689655172,,
0.3,0.8,0.1,200,1000,stratified,500,7,493,0.9634888438133874,0.7437636790719383,0.7670634920634876,0.04858620689655172,,
0.3,0.8,0.1,200,1000,lang_reiczigel,500,7,493,0.9553752535496958,0.7263554877746576,0.6939314785043723,0.04858620689655172,,
0.3,0.8,0.1,200,1000,wilson_known,500,7,493,0.6105476673427992,0.3249559298045797,0.31909179662163056,0.04858620689655172,,
0.3,0.8,0.1,200,1000,point_rogan_gladen,500,7,493,,,,,0.06204134752629271,0.19927130064808765
0.3,0.8,0.3,10,100,judgy,500,203,297,0.8686868686868687,0.8484647806494833,1.0,0.17756949939616273,,
0.3,0.8,0.3,10,100,skill,500,203,297,0.8821548821548821,0.9236456953540286,1.0,0.17756949939616273,,
0.3,0.8,0.3,10,100,repo,500,203,297,0.9158249158249159,0.9350805276953736,1.0,0.17756949939616273,,
0.3,0.8,0.3,10,100,stratified,500,203,297,0.9191919191919192,0.9279050424883759,1.0,0.17756949939616273,,
0.3,0.8,0.3,10,100,lang_reiczigel,500,203,297,1.0,0.9482358480718432,1.0,0.17756949939616273,,
0.3,0.8,0.3,10,100,wilson_known,500,203,297,0.5488215488215489,0.46810924957393696,0.44107787832714956,0.17756949939616273,,
0.3,0.8,0.3,10,100,point_rogan_gladen,500,203,297,,,,,0.11706188872855547,0.37125998129739485
0.3,0.8,0.3,10,1000,judgy,500,194,306,0.8856209150326797,0.8711352707596286,1.0,0.18908882382367656,,
0.3,0.8,0.3,10,1000,skill,500,194,306,0.8954248366013072,0.9318018666355432,1.0,0.18908882382367656,,
0.3,0.8,0.3,10,1000,repo,500,194,306,0.8986928104575164,0.9316379274983141,1.0,0.18908882382367656,,
0.3,0.8,0.3,10,1000,stratified,500,194,306,0.8954248366013072,0.9240354964207906,1.0,0.18908882382367656,,
0.3,0.8,0.3,10,1000,lang_reiczigel,500,194,306,1.0,0.9415430550160074,1.0,0.18908882382367656,,
0.3,0.8,0.3,10,1000,wilson_known,500,194,306,0.19934640522875818,0.15607097133231168,0.13548139131729006,0.18908882382367656,,
0.3,0.8,0.3,10,1000,point_rogan_gladen,500,194,306,,,,,0.13230275443510753,0.3781079699576815
0.3,0.8,0.3,20,100,judgy,500,144,356,0.8286516853932584,0.8006145579490503,0.9998437499999999,0.17134550561797754,,
0.3,0.8,0.3,20,100,skill,500,144,356,0.9466292134831461,0.9420406233409019,1.0,0.17134550561797754,,
0.3,0.8,0.3,20,100,repo,500,144,356,0.9691011235955056,0.9588523959418023,1.0,0.17134550561797754,,
0.3,0.8,0.3,20,100,stratified,500,144,356,0.9550561797752809,0.9490113426289689,1.0,0.17134550561797754,,
0.3,0.8,0.3,20,100,lang_reiczigel,500,144,356,1.0,0.9482011908150619,1.0,0.17134550561797754,,
0.3,0.8,0.3,20,100,wilson_known,500,144,356,0.6376404494382022,0.5661429472259628,0.5933035144201391,0.17134550561797754,,
0.3,0.8,0.3,20,100,point_rogan_gladen,500,144,356,,,,,0.12596212931887094,0.3989654742497716
0.3,0.8,0.3,20,1000,judgy,500,150,350,0.9285714285714286,0.8809134435020028,1.0,0.1614842857142857,,
0.3,0.8,0.3,20,1000,skill,500,150,350,0.9857142857142858,0.9648593388875455,1.0,0.1614842857142857,,
0.3,0.8,0.3,20,1000,repo,500,150,350,0.9857142857142858,0.9646543686011104,1.0,0.1614842857142857,,
0.3,0.8,0.3,20,1000,stratified,500,150,350,0.9685714285714285,0.9583229691300762,1.0,0.1614842857142857,,
0.3,0.8,0.3,20,1000,lang_reiczigel,500,150,350,1.0,0.9328341050495309,1.0,0.1614842857142857,,
0.3,0.8,0.3,20,1000,wilson_known,500,150,350,0.30857142857142855,0.22573599065243705,0.20983205420282447,0.1614842857142857,,
0.3,0.8,0.3,20,1000,point_rogan_gladen,500,150,350,,,,,0.08171340136054439,0.33729057816500846
0.3,0.8,0.3,50,100,judgy,500,68,432,0.8240740740740741,0.7659601120199729,0.8439191042538473,0.13724074074074075,,
0.3,0.8,0.3,50,100,skill,500,68,432,0.9513888888888888,0.9314107988054126,1.0,0.13724074074074075,,
0.3,0.8,0.3,50,100,repo,500,68,432,0.9930555555555556,0.967163850546889,1.0,0.13724074074074075,,
0.3,0.8,0.3,50,100,stratified,500,68,432,0.9930555555555556,0.961996467075462,1.0,0.13724074074074075,,
0.3,0.8,0.3,50,100,lang_reiczigel,500,68,432,1.0,0.9538544911908942,1.0,0.13724074074074075,,
0.3,0.8,0.3,50,100,wilson_known,500,68,432,0.8125,0.74575921282186,0.8131196387574058,0.13724074074074075,,
0.3,0.8,0.3,50,100,point_rogan_gladen,500,68,432,,,,,0.09058467092321261,0.3762718910248419
0.3,0.8,0.3,50,1000,judgy,500,71,429,0.916083916083916,0.845655569368808,1.0,0.1300081585081585,,
0.3,0.8,0.3,50,1000,skill,500,71,429,0.9673659673659674,0.9516969121955388,1.0,0.1300081585081585,,
0.3,0.8,0.3,50,1000,repo,500,71,429,0.972027972027972,0.9571447698379254,1.0,0.1300081585081585,,
0.3,0.8,0.3,50,1000,stratified,500,71,429,0.9696969696969697,0.9520330742853702,1.0,0.1300081585081585,,
0.3,0.8,0.3,50,1000,lang_reiczigel,500,71,429,0.9906759906759907,0.916080587819096,1.0,0.1300081585081585,,
0.3,0.8,0.3,50,1000,wilson_known,500,71,429,0.4172494172494173,0.3266301544778889,0.29622048187216576,0.1300081585081585,,
0.3,0.8,0.3,50,1000,point_rogan_gladen,500,71,429,,,,,0.09295470655919036,0.33432725198535074
0.3,0.8,0.3,100,100,judgy,500,30,470,0.7638297872340426,0.6847358304204354,0.7175057519965653,0.08704468085106383,,
0.3,0.8,0.3,100,100,skill,500,30,470,0.8957446808510638,0.8463977658674935,1.0,0.08704468085106383,,
0.3,0.8,0.3,100,100,repo,500,30,470,0.9787234042553191,0.9469994200427929,1.0,0.08704468085106383,,
0.3,0.8,0.3,100,100,stratified,500,30,470,0.9765957446808511,0.9419331145565352,1.0,0.08704468085106383,,
0.3,0.8,0.3,100,100,lang_reiczigel,500,30,470,0.9936170212765958,0.9457257413846898,1.0,0.08704468085106383,,
0.3,0.8,0.3,100,100,wilson_known,500,30,470,0.8829787234042553,0.8106046816380922,0.9308628827903522,0.08704468085106383,,
0.3,0.8,0.3,100,100,point_rogan_gladen,500,30,470,,,,,0.0760603985735494,0.3528916781657419
0.3,0.8,0.3,100,1000,judgy,500,27,473,0.9408033826638478,0.8161306424057018,0.9067467365048688,0.08901585623678647,,
0.3,0.8,0.3,100,1000,skill,500,27,473,0.9746300211416491,0.915376439985477,1.0,0.08901585623678647,,
0.3,0.8,0.3,100,1000,repo,500,27,473,0.985200845665962,0.9326488452796788,1.0,0.08901585623678647,,
0.3,0.8,0.3,100,1000,stratified,500,27,473,0.9788583509513742,0.9233372949244444,1.0,0.08901585623678647,,
0.3,0.8,0.3,100,1000,lang_reiczigel,500,27,473,0.9957716701902748,0.8728869040231528,0.9577101336710385,0.08901585623678647,,
0.3,0.8,0.3,100,1000,wilson_known,500,27,473,0.5708245243128964,0.3924173499585735,0.3727562016963324,0.08901585623678647,,
0.3,0.8,0.3,100,1000,point_rogan_gladen,500,27,473,,,,,0.05128331099879238,0.28935341588142155
0.3,0.8,0.3,200,100,judgy,500,8,492,0.6605691056910569,0.5499255732548384,0.5510763148491242,0.044383130081300806,,
0.3,0.8,0.3,200,100,skill,500,8,492,0.7926829268292683,0.7037438148786471,0.7323125003990474,0.044383130081300806,,
0.3,0.8,0.3,200,100,repo,500,8,492,0.975609756097561,0.9205397350606103,1.0,0.044383130081300806,,
0.3,0.8,0.3,200,100,stratified,500,8,492,0.9735772357723578,0.9175784881535181,1.0,0.044383130081300806,,
0.3,0.8,0.3,200,100,lang_reiczigel,500,8,492,0.9979674796747967,0.9357897528497136,1.0,0.044383130081300806,,
0.3,0.8,0.3,200,100,wilson_known,500,8,492,0.9369918699186992,0.849023322264039,0.975775839818691,0.044383130081300806,,
0.3,0.8,0.3,200,100,point_rogan_gladen,500,8,492,,,,,0.02864742522521582,0.3266841866277516
0.3,0.8,0.3,200,1000,judgy,500,5,495,0.9171717171717172,0.7075621174095493,0.7201887066711581,0.0472949494949495,,
0.3,0.8,0.3,200,1000,skill,500,5,495,0.9515151515151515,0.8030748521044673,0.9239851047315577,0.0472949494949495,,
0.3,0.8,0.3,200,1000,repo,500,5,495,0.9656565656565657,0.8465038807202286,1.0,0.0472949494949495,,
0.3,0.8,0.3,200,1000,stratified,500,5,495,0.9656565656565657,0.8427559051550917,1.0,0.0472949494949495,,
0.3,0.8,0.3,200,1000,lang_reiczigel,500,5,495,0.9797979797979798,0.7953967247827844,0.8069507074584692,0.0472949494949495,,
0.3,0.8,0.3,200,1000,wilson_known,500,5,495,0.7252525252525253,0.44712080832175854,0.42953136452670515,0.0472949494949495,,
0.3,0.8,0.3,200,1000,point_rogan_gladen,500,5,495,,,,,-0.002727982911954722,0.2295336315055424
0.3,0.8,0.5,10,100,judgy,500,171,329,0.9027355623100304,0.8276459765329858,1.0,0.1745030395136778,,
0.3,0.8,0.5,10,100,skill,500,171,329,0.9513677811550152,0.8968747423485834,1.0,0.1745030395136778,,
0.3,0.8,0.5,10,100,repo,500,171,329,0.9574468085106383,0.9102984245369721,1.0,0.1745030395136778,,
0.3,0.8,0.5,10,100,stratified,500,171,329,0.9574468085106383,0.9004100388382303,1.0,0.1745030395136778,,
0.3,0.8,0.5,10,100,lang_reiczigel,500,171,329,0.9908814589665653,0.9525147734848907,1.0,0.1745030395136778,,
0.3,0.8,0.5,10,100,wilson_known,500,171,329,0.5379939209726444,0.4636595578525519,0.4381013856612216,0.1745030395136778,,
0.3,0.8,0.5,10,100,point_rogan_gladen,500,171,329,,,,,-0.005180923433202994,0.36228738101284996
0.3,0.8,0.5,10,1000,judgy,500,202,298,0.9362416107382551,0.860047780383395,1.0,0.1785764392263246,,
0.3,0.8,0.5,10,1000,skill,500,202,298,0.9563758389261745,0.9105439954647524,1.0,0.1785764392263246,,
0.3,0.8,0.5,10,1000,repo,500,202,298,0.9496644295302014,0.9112481921751372,1.0,0.1785764392263246,,
0.3,0.8,0.5,10,1000,stratified,500,202,298,0.9463087248322147,0.9034099449371471,1.0,0.1785764392263246,,
0.3,0.8,0.5,10,1000,lang_reiczigel,500,202,298,0.9966442953020134,0.9426168258104658,1.0,0.1785764392263246,,
0.3,0.8,0.5,10,1000,wilson_known,500,202,298,0.2348993288590604,0.1759715931646046,0.17421353127474795,0.1785764392263246,,
0.3,0.8,0.5,10,1000,point_rogan_gladen,500,202,298,,,,,0.012669942473633785,0.33915044107419345
0.3,0.8,0.5,20,100,judgy,500,150,350,0.8771428571428571,0.8440803702826026,1.0,0.15712142857142855,,
0.3,0.8,0.5,20,100,skill,500,150,350,0.9771428571428571,0.9509584149865862,1.0,0.15712142857142855,,
0.3,0.8,0.5,20,100,repo,500,150,350,0.9885714285714285,0.9645140288977768,1.0,0.15712142857142855,,
0.3,0.8,0.5,20,100,stratified,500,150,350,0.9885714285714285,0.957041015532087,1.0,0.15712142857142855,,
0.3,0.8,0.5,20,100,lang_reiczigel,500,150,350,0.9914285714285714,0.9589047418609777,1.0,0.15712142857142855,,
0.3,0.8,0.5,20,100,wilson_known,500,150,350,0.7114285714285714,0.6251810771884683,0.6573543192542519,0.15712142857142855,,
0.3,0.8,0.5,20,100,point_rogan_gladen,500,150,350,,,,,0.009713151927437678,0.36261499199440883
0.3,0.8,0.5,20,1000,judgy,500,144,356,0.949438202247191,0.8941477239313674,1.0,0.15502528089887643,,
0.3,0.8,0.5,20,1000,skill,500,144,356,0.9831460674157303,0.970422812301441,1.0,0.15502528089887643,,
0.3,0.8,0.5,20,1000,repo,500,144,356,0.9887640449438202,0.9711483034621747,1.0,0.15502528089887643,,
0.3,0.8,0.5,20,1000,stratified,500,144,356,0.9859550561797753,0.9607157740940395,1.0,0.15502528089887643,,
0.3,0.8,0.5,20,1000,lang_reiczigel,500,144,356,0.9915730337078652,0.9462247529474079,1.0,0.15502528089887643,,
0.3,0.8,0.5,20,1000,wilson_known,500,144,356,0.351123595505618,0.2576569091907478,0.22045591661967734,0.15502528089887643,,
0.3,0.8,0.5,20,1000,point_rogan_gladen,500,144,356,,,,,0.02805863206705913,0.33415771572653785
0.3,0.8,0.5,50,100,judgy,500,76,424,0.8490566037735849,0.7811955839039352,0.8544458093725348,0.12980896226415095,,
0.3,0.8,0.5,50,100,skill,500,76,424,0.9551886792452831,0.9329317401029209,1.0,0.12980896226415095,,
0.3,0.8,0.5,50,100,repo,500,76,424,0.9929245283018868,0.972206121653131,1.0,0.12980896226415095,,
0.3,0.8,0.5,50,100,stratified,500,76,424,0.9905660377358491,0.9647616806777233,1.0,0.12980896226415095,,
0.3,0.8,0.5,50,100,lang_reiczigel,500,76,424,0.9976415094339622,0.9630716893688112,1.0,0.12980896226415095,,
0.3,0.8,0.5,50,100,wilson_known,500,76,424,0.8443396226415094,0.7568072295890257,0.7976507676259341,0.12980896226415095,,
0.3,0.8,0.5,50,100,point_rogan_gladen,500,76,424,,,,,-0.006456442131213209,0.3740665381913662
0.3,0.8,0.5,50,1000,judgy,500,72,428,0.9322429906542056,0.8652526433489164,1.0,0.1278948598130841,,
0.3,0.8,0.5,50,1000,skill,500,72,428,0.9929906542056075,0.952576502318252,1.0,0.1278948598130841,,
0.3,0.8,0.5,50,1000,repo,500,72,428,0.9953271028037384,0.9600497627614499,1.0,0.1278948598130841,,
0.3,0.8,0.5,50,1000,stratified,500,72,428,0.9929906542056075,0.9503760136644847,1.0,0.1278948598130841,,
0.3,0.8,0.5,50,1000,lang_reiczigel,500,72,428,0.9976635514018691,0.9259191722178625,1.0,0.1278948598130841,,
0.3,0.8,0.5,50,1000,wilson_known,500,72,428,0.4696261682242991,0.3450037828382833,0.3293416302097877,0.1278948598130841,,
0.3,0.8,0.5,50,1000,point_rogan_gladen,500,72,428,,,,,-0.01715899932751568,0.32675325802213934
0.3,0.8,0.5,100,100,judgy,500,30,470,0.7404255319148936,0.6846690099744371,0.7118500137038379,0.09445319148936171,,
0.3,0.8,0.5,100,100,skill,500,30,470,0.9170212765957447,0.8682200701565432,1.0,0.09445319148936171,,
0.3,0.8,0.5,100,100,repo,500,30,470,0.9893617021276596,0.9588243331420018,1.0,0.09445319148936171,,
0.3,0.8,0.5,100,100,stratified,500,30,470,0.9851063829787234,0.95780795044949,1.0,0.09445319148936171,,
0.3,0.8,0.5,100,100,lang_reiczigel,500,30,470,1.0,0.9587762120694064,1.0,0.09445319148936171,,
0.3,0.8,0.5,100,100,wilson_known,500,30,470,0.8723404255319149,0.8062048912242773,0.9037331667919152,0.09445319148936171,,
0.3,0.8,0.5,100,100,point_rogan_gladen,500,30,470,,,,,-0.0392317003760784,0.367148504147108
0.3,0.8,0.5,100,1000,judgy,500,19,481,0.9397089397089398,0.8309658391163289,0.9050967741935481,0.08834199584199584,,
0.3,0.8,0.5,100,1000,skill,500,19,481,0.9812889812889813,0.912539594574003,1.0,0.08834199584199584,,
0.3,0.8,0.5,100,1000,repo,500,19,481,0.9833679833679834,0.928473168611099,1.0,0.08834199584199584,,
0.3,0.8,0.5,100,1000,stratified,500,19,481,0.9854469854469855,0.9217936010529518,1.0,0.08834199584199584,,
0.3,0.8,0.5,100,1000,lang_reiczigel,500,19,481,0.9937629937629938,0.8799689610182602,0.9475271000008487,0.08834199584199584,,
0.3,0.8,0.5,100,1000,wilson_known,500,19,481,0.604989604989605,0.4258043218712263,0.38290843768139066,0.08834199584199584,,
0.3,0.8,0.5,100,1000,point_rogan_gladen,500,19,481,,,,,0.00042374705783185,0.29558002110245457
0.3,0.8,0.5,200,100,judgy,500,4,496,0.6149193548387096,0.5714924225237591,0.5612873357102443,0.045721774193548385,,
0.3,0.8,0.5,200,100,skill,500,4,496,0.7661290322580645,0.7167734844526931,0.7483691217561661,0.045721774193548385,,
0.3,0.8,0.5,200,100,repo,500,4,496,0.9556451612903226,0.93552571479402,1.0,0.045721774193548385,,
0.3,0.8,0.5,200,100,stratified,500,4,496,0.9576612903225806,0.9336381911411198,1.0,0.045721774193548385,,
0.3,0.8,0.5,200,100,lang_reiczigel,500,4,496,0.9899193548387096,0.9473683448075904,1.0,0.045721774193548385,,
0.3,0.8,0.5,200,100,wilson_known,500,4,496,0.9032258064516129,0.8487594141912963,0.9525903163228115,0.045721774193548385,,
0.3,0.8,0.5,200,100,point_rogan_gladen,500,4,496,,,,,-0.016521995531164756,0.3642589725568428
0.3,0.8,0.5,200,1000,judgy,500,3,497,0.903420523138833,0.7785357934514077,0.7860988144803163,0.048913480885311875,,
0.3,0.8,0.5,200,1000,skill,500,3,497,0.9436619718309859,0.8402941196254591,0.9780986199095026,0.048913480885311875,,
0.3,0.8,0.5,200,1000,repo,500,3,497,0.9738430583501007,0.8843051863351344,1.0,0.048913480885311875,,
0.3,0.8,0.5,200,1000,stratified,500,3,497,0.9698189134808853,0.8790299503633642,1.0,0.048913480885311875,,
0.3,0.8,0.5,200,1000,lang_reiczigel,500,3,497,0.9919517102615694,0.8473536915594696,0.8809625274151194,0.048913480885311875,,
0.3,0.8,0.5,200,1000,wilson_known,500,3,497,0.716297786720322,0.5157801609179956,0.47863769493244546,0.048913480885311875,,
0.3,0.8,0.5,200,1000,point_rogan_gladen,500,3,497,,,,,0.020117727120047613,0.2747029150017978
0.3,0.8,0.7,10,100,judgy,500,205,295,0.911864406779661,0.8270056896585295,1.0,0.17859999999999998,,
0.3,0.8,0.7,10,100,skill,500,205,295,0.9627118644067797,0.8984019377185903,1.0,0.17859999999999998,,
0.3,0.8,0.7,10,100,repo,500,205,295,0.9728813559322034,0.9105890444143759,1.0,0.17859999999999998,,
0.3,0.8,0.7,10,100,stratified,500,205,295,0.9627118644067797,0.9028448479956955,1.0,0.17859999999999998,,
0.3,0.8,0.7,10,100,lang_reiczigel,500,205,295,0.9627118644067797,0.9637252460788412,1.0,0.17859999999999998,,
0.3,0.8,0.7,10,100,wilson_known,500,205,295,0.5288135593220339,0.45222579055632994,0.4381013856612216,0.17859999999999998,,
0.3,0.8,0.7,10,100,point_rogan_gladen,500,205,295,,,,,-0.10517271993543169,0.3771098467854248
0.3,0.8,0.7,10,1000,judgy,500,175,325,0.9076923076923077,0.8483246750986989,1.0,0.16414527802362722,,
0.3,0.8,0.7,10,1000,skill,500,175,325,0.9569230769230769,0.9022544884432234,1.0,0.16414527802362722,,
0.3,0.8,0.7,10,1000,repo,500,175,325,0.9538461538461539,0.9039514311005515,1.0,0.16414527802362722,,
0.3,0.8,0.7,10,1000,stratified,500,175,325,0.9476923076923077,0.8932953382173383,1.0,0.16414527802362722,,
0.3,0.8,0.7,10,1000,lang_reiczigel,500,175,325,0.9323076923076923,0.9429223892905597,1.0,0.16414527802362722,,
0.3,0.8,0.7,10,1000,wilson_known,500,175,325,0.18769230769230769,0.1728672731246527,0.17650548307299874,0.16414527802362722,,
0.3,0.8,0.7,10,1000,point_rogan_gladen,500,175,325,,,,,-0.14835465201465198,0.3682881996660449
0.3,0.8,0.7,20,100,judgy,500,147,353,0.8951841359773371,0.8332651151897255,1.0,0.16311473087818698,,
0.3,0.8,0.7,20,100,skill,500,147,353,0.9745042492917847,0.9506196340007272,1.0,0.16311473087818698,,
0.3,0.8,0.7,20,100,repo,500,147,353,0.9886685552407932,0.9625253844671869,1.0,0.16311473087818698,,
0.3,0.8,0.7,20,100,stratified,500,147,353,0.9773371104815864,0.9533102061614809,1.0,0.16311473087818698,,
0.3,0.8,0.7,20,100,lang_reiczigel,500,147,353,0.9660056657223796,0.9666467919456766,1.0,0.16311473087818698,,
0.3,0.8,0.7,20,100,wilson_known,500,147,353,0.7053824362606232,0.6034408519946157,0.6174750906348789,0.16311473087818698,,
0.3,0.8,0.7,20,100,point_rogan_gladen,500,147,353,,,,,-0.11667431089527398,0.3841827483874461
0.3,0.8,0.7,20,1000,judgy,500,131,369,0.9566395663956639,0.8614990442726919,1.0,0.1643048780487805,,
0.3,0.8,0.7,20,1000,skill,500,131,369,0.991869918699187,0.9706027547362845,1.0,0.1643048780487805,,
0.3,0.8,0.7,20,1000,repo,500,131,369,0.994579945799458,0.9742834723370162,1.0,0.1643048780487805,,
0.3,0.8,0.7,20,1000,stratified,500,131,369,0.986449864498645,0.9614946739950804,1.0,0.1643048780487805,,
0.3,0.8,0.7,20,1000,lang_reiczigel,500,131,369,0.9701897018970189,0.9618968557226203,1.0,0.1643048780487805,,
0.3,0.8,0.7,20,1000,wilson_known,500,131,369,0.25745257452574527,0.23091043811741427,0.21852825587479252,0.1643048780487805,,
0.3,0.8,0.7,20,1000,point_rogan_gladen,500,131,369,,,,,-0.09967040908504314,0.35694131215446884
0.3,0.8,0.7,50,100,judgy,500,77,423,0.8557919621749409,0.7551832799198515,0.859026726584674,0.1482919621749409,,
0.3,0.8,0.7,50,100,skill,500,77,423,0.9763593380614657,0.9422440751367631,1.0,0.1482919621749409,,
0.3,0.8,0.7,50,100,repo,500,77,423,0.9905437352245863,0.9708424964683504,1.0,0.1482919621749409,,
0.3,0.8,0.7,50,100,stratified,500,77,423,0.9929078014184397,0.9696949868357864,1.0,0.1482919621749409,,
0.3,0.8,0.7,50,100,lang_reiczigel,500,77,423,0.9905437352245863,0.9738604850646692,1.0,0.1482919621749409,,
0.3,0.8,0.7,50,100,wilson_known,500,77,423,0.8368794326241135,0.7168219007181706,0.8023097392724626,0.1482919621749409,,
0.3,0.8,0.7,50,100,point_rogan_gladen,500,77,423,,,,,-0.06801801597530358,0.36843279137997975
0.3,0.8,0.7,50,1000,judgy,500,75,425,0.9294117647058824,0.8356987392650037,0.9955788461538466,0.14048823529411764,,
0.3,0.8,0.7,50,1000,skill,500,75,425,0.9811764705882353,0.9443382784384633,1.0,0.14048823529411764,,
0.3,0.8,0.7,50,1000,repo,500,75,425,0.9811764705882353,0.9503233207256567,1.0,0.14048823529411764,,
0.3,0.8,0.7,50,1000,stratified,500,75,425,0.9811764705882353,0.9404844635312684,1.0,0.14048823529411764,,
0.3,0.8,0.7,50,1000,lang_reiczigel,500,75,425,0.9670588235294117,0.9329999280950834,1.0,0.14048823529411764,,
0.3,0.8,0.7,50,1000,wilson_known,500,75,425,0.4329411764705882,0.3355680751944062,0.3080831567737864,0.14048823529411764,,
0.3,0.8,0.7,50,1000,point_rogan_gladen,500,75,425,,,,,-0.0868378740540505,0.33535815212858583
0.3,0.8,0.7,100,100,judgy,500,29,471,0.7685774946921444,0.6723855101898347,0.6889432414500282,0.09379617834394904,,
0.3,0.8,0.7,100,100,skill,500,29,471,0.9256900212314225,0.8728259521464451,1.0,0.09379617834394904,,
0.3,0.8,0.7,100,100,repo,500,29,471,0.9851380042462845,0.9587330097750996,1.0,0.09379617834394904,,
0.3,0.8,0.7,100,100,stratified,500,29,471,0.9872611464968153,0.9555185560878602,1.0,0.09379617834394904,,
0.3,0.8,0.7,100,100,lang_reiczigel,500,29,471,0.9915074309978769,0.9642840828438602,1.0,0.09379617834394904,,
0.3,0.8,0.7,100,100,wilson_known,500,29,471,0.8938428874734607,0.7894425979332351,0.8846198006629605,0.09379617834394904,,
0.3,0.8,0.7,100,100,point_rogan_gladen,500,29,471,,,,,-0.07276075653847641,0.36063098584788605
0.3,0.8,0.7,100,1000,judgy,500,30,470,0.9382978723404255,0.7884983486944119,0.8276904195745922,0.09343404255319149,,
0.3,0.8,0.7,100,1000,skill,500,30,470,0.9808510638297873,0.9142068792115386,1.0,0.09343404255319149,,
0.3,0.8,0.7,100,1000,repo,500,30,470,0.9893617021276596,0.9303919263065756,1.0,0.09343404255319149,,
0.3,0.8,0.7,100,1000,stratified,500,30,470,0.9851063829787234,0.9221532981830696,1.0,0.09343404255319149,,
0.3,0.8,0.7,100,1000,lang_reiczigel,500,30,470,0.9765957446808511,0.905293424344279,1.0,0.09343404255319149,,
0.3,0.8,0.7,100,1000,wilson_known,500,30,470,0.597872340425532,0.38989057111761044,0.37457757258002833,0.09343404255319149,,
0.3,0.8,0.7,100,1000,point_rogan_gladen,500,30,470,,,,,-0.022606669654673724,0.27778337817363946
0.3,0.8,0.7,200,100,judgy,500,11,489,0.6114519427402862,0.5243262577580349,0.5332006806775902,0.04211963190184049,,
0.3,0.8,0.7,200,100,skill,500,11,489,0.7627811860940695,0.6884820562761805,0.6718404885138959,0.04211963190184049,,
0.3,0.8,0.7,200,100,repo,500,11,489,0.9631901840490797,0.9242703112136555,1.0,0.04211963190184049,,
0.3,0.8,0.7,200,100,stratified,500,11,489,0.9693251533742331,0.9220624585518716,1.0,0.04211963190184049,,
0.3,0.8,0.7,200,100,lang_reiczigel,500,11,489,0.9795501022494888,0.9434851554786323,1.0,0.04211963190184049,,
0.3,0.8,0.7,200,100,wilson_known,500,11,489,0.8997955010224948,0.8135841951539131,0.9221372033922189,0.04211963190184049,,
0.3,0.8,0.7,200,100,point_rogan_gladen,500,11,489,,,,,-0.06852581510266857,0.3628028462246561
0.3,0.8,0.7,200,1000,judgy,500,8,492,0.8922764227642277,0.6843722595570508,0.6554838950210705,0.038125,,
0.3,0.8,0.7,200,1000,skill,500,8,492,0.9390243902439024,0.7767685814638766,0.7997867305003354,0.038125,,
0.3,0.8,0.7,200,1000,repo,500,8,492,0.9715447154471545,0.8304913348392358,0.9188492632216338,0.038125,,
0.3,0.8,0.7,200,1000,stratified,500,8,492,0.9715447154471545,0.8218050851403689,0.8828827751196145,0.038125,,
0.3,0.8,0.7,200,1000,lang_reiczigel,500,8,492,0.959349593495935,0.8154962890691304,0.8060488238292263,0.038125,,
0.3,0.8,0.7,200,1000,wilson_known,500,8,492,0.6829268292682927,0.43526526221894013,0.42734479084720817,0.038125,,
0.3,0.8,0.7,200,1000,point_rogan_gladen,500,8,492,,,,,-0.019400246143461312,0.24966893203737958
0.3,0.8,0.9,10,100,judgy,500,226,274,0.9416058394160584,0.8130201359027104,0.9361309523809522,0.16495864720681508,,
0.3,0.8,0.9,10,100,skill,500,226,274,0.9817518248175182,0.8903401859652172,1.0,0.16495864720681508,,
0.3,0.8,0.9,10,100,repo,500,226,274,0.9854014598540146,0.9023884144758324,1.0,0.16495864720681508,,
0.3,0.8,0.9,10,100,stratified,500,226,274,0.9854014598540146,0.9002364876607577,1.0,0.16495864720681508,,
0.3,0.8,0.9,10,100,lang_reiczigel,500,226,274,0.9562043795620438,0.9739018941613686,1.0,0.16495864720681508,,
0.3,0.8,0.9,10,100,wilson_known,500,226,274,0.48905109489051096,0.4597927891011694,0.44017530956078477,0.16495864720681508,,
0.3,0.8,0.9,10,100,point_rogan_gladen,500,226,274,,,,,-0.2789277024678484,0.4475693772868955
0.3,0.8,0.9,10,1000,judgy,500,193,307,0.9446254071661238,0.832416034587678,0.9980000000000002,0.1896628664495114,,
0.3,0.8,0.9,10,1000,skill,500,193,307,0.9771986970684039,0.8990638692387246,1.0,0.1896628664495114,,
0.3,0.8,0.9,10,1000,repo,500,193,307,0.990228013029316,0.9004016892608409,1.0,0.1896628664495114,,
0.3,0.8,0.9,10,1000,stratified,500,193,307,0.9641693811074918,0.8935547535029211,1.0,0.1896628664495114,,
0.3,0.8,0.9,10,1000,lang_reiczigel,500,193,307,0.9055374592833876,0.9595905852828389,1.0,0.1896628664495114,,
0.3,0.8,0.9,10,1000,wilson_known,500,193,307,0.24429967426710097,0.1694437789684901,0.15004658262153092,0.1896628664495114,,
0.3,0.8,0.9,10,1000,point_rogan_gladen,500,193,307,,,,,-0.26447774158523346,0.43177663153155416
0.3,0.8,0.9,20,100,judgy,500,150,350,0.8971428571428571,0.8057318530727833,0.9897742966751922,0.16680999999999999,,
0.3,0.8,0.9,20,100,skill,500,150,350,0.9685714285714285,0.9450380937734169,1.0,0.16680999999999999,,
0.3,0.8,0.9,20,100,repo,500,150,350,0.98,0.9617758364425475,1.0,0.16680999999999999,,
0.3,0.8,0.9,20,100,stratified,500,150,350,0.9714285714285714,0.9503346619253762,1.0,0.16680999999999999,,
0.3,0.8,0.9,20,100,lang_reiczigel,500,150,350,0.9485714285714286,0.9706580256326861,1.0,0.16680999999999999,,
0.3,0.8,0.9,20,100,wilson_known,500,150,350,0.6828571428571428,0.5779684196083401,0.5967117708055331,0.16680999999999999,,
0.3,0.8,0.9,20,100,point_rogan_gladen,500,150,350,,,,,-0.23776295609152742,0.4142393336279487
0.3,0.8,0.9,20,1000,judgy,500,147,353,0.9546742209631728,0.8303973961655633,1.0,0.1714900849858357,,
0.3,0.8,0.9,20,1000,skill,500,147,353,0.9830028328611898,0.9579285466935913,1.0,0.1714900849858357,,
0.3,0.8,0.9,20,1000,repo,500,147,353,0.9830028328611898,0.9610423470319598,1.0,0.1714900849858357,,
0.3,0.8,0.9,20,1000,stratified,500,147,353,0.9773371104815864,0.9492065473360445,1.0,0.1714900849858357,,
0.3,0.8,0.9,20,1000,lang_reiczigel,500,147,353,0.9206798866855525,0.9594414329756942,1.0,0.1714900849858357,,
0.3,0.8,0.9,20,1000,wilson_known,500,147,353,0.26628895184135976,0.21603213636697177,0.2080424857659,0.1714900849858357,,
0.3,0.8,0.9,20,1000,point_rogan_gladen,500,147,353,,,,,-0.19123470030127254,0.3659703215808862
0.3,0.8,0.9,50,100,judgy,500,76,424,0.8655660377358491,0.7047606681481386,0.7425568557452171,0.12533608490566037,,
0.3,0.8,0.9,50,100,skill,500,76,424,0.9575471698113207,0.9080692327485963,1.0,0.12533608490566037,,
0.3,0.8,0.9,50,100,repo,500,76,424,0.9834905660377359,0.949237409382315,1.0,0.12533608490566037,,
0.3,0.8,0.9,50,100,stratified,500,76,424,0.9811320754716981,0.9442547167348215,1.0,0.12533608490566037,,
0.3,0.8,0.9,50,100,lang_reiczigel,500,76,424,0.9575471698113207,0.9570001933707168,1.0,0.12533608490566037,,
0.3,0.8,0.9,50,100,wilson_known,500,76,424,0.7783018867924528,0.6636284438418009,0.7041547520987005,0.12533608490566037,,
0.3,0.8,0.9,50,100,point_rogan_gladen,500,76,424,,,,,-0.20771713514481055,0.39293864793884303
0.3,0.8,0.9,50,1000,judgy,500,71,429,0.9347319347319347,0.7515814237261375,0.8106877844844644,0.12941491841491842,,
0.3,0.8,0.9,50,1000,skill,500,71,429,0.9743589743589743,0.9316341478412987,1.0,0.12941491841491842,,
0.3,0.8,0.9,50,1000,repo,500,71,429,0.9743589743589743,0.9376690664244873,1.0,0.12941491841491842,,
0.3,0.8,0.9,50,1000,stratified,500,71,429,0.9766899766899767,0.924501696962597,1.0,0.12941491841491842,,
0.3,0.8,0.9,50,1000,lang_reiczigel,500,71,429,0.9114219114219114,0.9266020237522716,1.0,0.12941491841491842,,
0.3,0.8,0.9,50,1000,wilson_known,500,71,429,0.3822843822843823,0.2754281197876736,0.25731289522683354,0.12941491841491842,,
0.3,0.8,0.9,50,1000,point_rogan_gladen,500,71,429,,,,,-0.16010706368223865,0.3265559175903184
0.3,0.8,0.9,100,100,judgy,500,27,473,0.8033826638477801,0.6128524211936927,0.6345530828610517,0.09522515856236786,,
0.3,0.8,0.9,100,100,skill,500,27,473,0.9281183932346723,0.8480789229993905,1.0,0.09522515856236786,,
0.3,0.8,0.9,100,100,repo,500,27,473,0.9746300211416491,0.9411014265631044,1.0,0.09522515856236786,,
0.3,0.8,0.9,100,100,stratified,500,27,473,0.9704016913319239,0.9384829645821324,1.0,0.09522515856236786,,
0.3,0.8,0.9,100,100,lang_reiczigel,500,27,473,0.9577167019027484,0.9540272897488168,1.0,0.09522515856236786,,
0.3,0.8,0.9,100,100,wilson_known,500,27,473,0.8668076109936576,0.7252754014101143,0.8254166038787427,0.09522515856236786,,
0.3,0.8,0.9,100,100,point_rogan_gladen,500,27,473,,,,,-0.1978308056307849,0.3842550972177794
0.3,0.8,0.9,100,1000,judgy,500,29,471,0.9469214437367304,0.6677860176147961,0.6528825354609928,0.08431104033970276,,
0.3,0.8,0.9,100,1000,skill,500,29,471,0.9745222929936306,0.8561021962457226,1.0,0.08431104033970276,,
0.3,0.8,0.9,100,1000,repo,500,29,471,0.9766454352441614,0.8702980386203875,1.0,0.08431104033970276,,
0.3,0.8,0.9,100,1000,stratified,500,29,471,0.9745222929936306,0.8653736783315887,1.0,0.08431104033970276,,
0.3,0.8,0.9,100,1000,lang_reiczigel,500,29,471,0.9235668789808917,0.8759471089000869,0.9501275952913145,0.08431104033970276,,
0.3,0.8,0.9,100,1000,wilson_known,500,29,471,0.4819532908704883,0.3003097753042268,0.30875762282476615,0.08431104033970276,,
0.3,0.8,0.9,100,1000,point_rogan_gladen,500,29,471,,,,,-0.10775427780894482,0.25903410717417047
0.3,0.8,0.9,200,100,judgy,500,7,493,0.6815415821501014,0.4822601892180528,0.4809098285600507,0.039743407707910745,,
0.3,0.8,0.9,200,100,skill,500,7,493,0.8194726166328601,0.6622084973909175,0.684678199110581,0.039743407707910745,,
0.3,0.8,0.9,200,100,repo,500,7,493,0.9634888438133874,0.8932142668211063,1.0,0.039743407707910745,,
0.3,0.8,0.9,200,100,stratified,500,7,493,0.9614604462474645,0.8872083177101185,1.0,0.039743407707910745,,
0.3,0.8,0.9,200,100,lang_reiczigel,500,7,493,0.9675456389452333,0.9230880934600112,1.0,0.039743407707910745,,
0.3,0.8,0.9,200,100,wilson_known,500,7,493,0.8843813387423936,0.7388607818525144,0.8374173441348304,0.039743407707910745,,
0.3,0.8,0.9,200,100,point_rogan_gladen,500,7,493,,,,,-0.16390102300918116,0.35740638383543255
0.3,0.8,0.9,200,1000,judgy,500,8,492,0.9369918699186992,0.5402650290669377,0.512152772789088,0.047609756097560976,,
0.3,0.8,0.9,200,1000,skill,500,8,492,0.967479674796748,0.7137223419022296,0.7068344124856893,0.047609756097560976,,
0.3,0.8,0.9,200,1000,repo,500,8,492,0.9817073170731707,0.7605212492477255,0.8038993188338,0.047609756097560976,,
0.3,0.8,0.9,200,1000,stratified,500,8,492,0.9857723577235772,0.7531812960751665,0.7999999999999993,0.047609756097560976,,
0.3,0.8,0.9,200,1000,lang_reiczigel,500,8,492,0.943089430894309,0.7853523863994649,0.7763192165149135,0.047609756097560976,,
0.3,0.8,0.9,200,1000,wilson_known,500,8,492,0.5975609756097561,0.3117738049476284,0.3222206083167044,0.047609756097560976,,
0.3,0.8,0.9,200,1000,point_rogan_gladen,500,8,492,,,,,-0.06100458802409965,0.20716578582850229
0.3,0.95,0.1,10,100,judgy,500,52,448,0.5334821428571429,0.5747944293863382,0.5910000000000002,0.12112388392857142,,
0.3,0.95,0.1,10,100,skill,500,52,448,0.5379464285714286,0.6927843557344816,0.7414285714285722,0.12112388392857142,,
0.3,0.95,0.1,10,100,repo,500,52,448,0.7924107142857143,0.7820297465849505,0.8666666666666666,0.12112388392857142,,
0.3,0.95,0.1,10,100,stratified,500,52,448,0.7544642857142857,0.7735756758432538,0.83928125,0.12112388392857142,,
0.3,0.95,0.1,10,100,lang_reiczigel,500,52,448,1.0,0.7598064206142812,0.8363561620048943,0.12112388392857142,,
0.3,0.95,0.1,10,100,wilson_known,500,52,448,0.43526785714285715,0.3336960331843762,0.3113106426358159,0.12112388392857142,,
0.3,0.95,0.1,10,100,point_rogan_gladen,500,52,448,,,,,0.11830197704081645,0.25607694104660655
0.3,0.95,0.1,10,1000,judgy,500,49,451,0.4878048780487805,0.5973814004353002,0.662666666666667,0.1147938115399163,,
0.3,0.95,0.1,10,1000,skill,500,49,451,0.4878048780487805,0.7049012992872183,0.7312500000000014,0.1147938115399163,,
0.3,0.95,0.1,10,1000,repo,500,49,451,0.541019955654102,0.7152757379084639,0.7574,0.1147938115399163,,
0.3,0.95,0.1,10,1000,stratified,500,49,451,0.5188470066518847,0.6882925249885612,0.6926499999999999,0.1147938115399163,,
0.3,0.95,0.1,10,1000,lang_reiczigel,500,49,451,1.0,0.6874977915245692,0.6788578502522442,0.1147938115399163,,
0.3,0.95,0.1,10,1000,wilson_known,500,49,451,0.022172949002217297,0.09404828100562164,0.08036965475451577,0.1147938115399163,,
0.3,0.95,0.1,10,1000,point_rogan_gladen,500,49,451,,,,,0.11317775314116776,0.24826284422982034
0.3,0.95,0.1,20,100,judgy,500,12,488,0.7049180327868853,0.519367055079573,0.475000000000001,0.047484631147540986,,
0.3,0.95,0.1,20,100,skill,500,12,488,0.7110655737704918,0.6341637716306024,0.6414411764705875,0.047484631147540986,,
0.3,0.95,0.1,20,100,repo,500,12,488,0.8790983606557377,0.700846556559173,0.7799583333333341,0.047484631147540986,,
0.3,0.95,0.1,20,100,stratified,500,12,488,0.8627049180327869,0.6723837230335693,0.7111111111111111,0.047484631147540986,,
0.3,0.95,0.1,20,100,lang_reiczigel,500,12,488,1.0,0.6260639230122444,0.567766033351634,0.047484631147540986,,
0.3,0.95,0.1,20,100,wilson_known,500,12,488,0.6495901639344263,0.35300268823961617,0.32247142905919474,0.047484631147540986,,
0.3,0.95,0.1,20,100,point_rogan_gladen,500,12,488,,,,,0.06165289742134019,0.1874208605814572
0.3,0.95,0.1,20,1000,judgy,500,12,488,0.680327868852459,0.5113733792279589,0.45400000000000057,0.044210040983606556,,
0.3,0.95,0.1,20,1000,skill,500,12,488,0.6905737704918032,0.6406226833489918,0.6409895833333321,0.044210040983606556,,
0.3,0.95,0.1,20,1000,repo,500,12,488,0.7090163934426229,0.6469939241726166,0.6441000000000008,0.044210040983606556,,
0.3,0.95,0.1,20,1000,stratified,500,12,488,0.7049180327868853,0.6089555669100364,0.5828181818181819,0.044210040983606556,,
0.3,0.95,0.1,20,1000,lang_reiczigel,500,12,488,1.0,0.5510696595482497,0.476543660789953,0.044210040983606556,,
0.3,0.95,0.1,20,1000,wilson_known,500,12,488,0.3176229508196721,0.10499986969669728,0.09977652296976747,0.044210040983606556,,
0.3,0.95,0.1,20,1000,point_rogan_gladen,500,12,488,,,,,0.041566993116173415,0.15088218689460214
0.3,0.95,0.1,50,100,judgy,500,1,499,0.8256513026052105,0.3164679033125573,0.27280589680589695,0.006301603206412826,,
0.3,0.95,0.1,50,100,skill,500,1,499,0.8316633266533067,0.34338855389382267,0.28018181818181837,0.006301603206412826,,
0.3,0.95,0.1,50,100,repo,500,1,499,0.9378757515030061,0.4622907124187779,0.41149611801242186,0.006301603206412826,,
0.3,0.95,0.1,50,100,stratified,500,1,499,0.935871743486974,0.4557317666431385,0.40632102272727194,0.006301603206412826,,
0.3,0.95,0.1,50,100,lang_reiczigel,500,1,499,0.9959919839679359,0.47023968155952484,0.4318156268015044,0.006301603206412826,,
0.3,0.95,0.1,50,100,wilson_known,500,1,499,0.8136272545090181,0.34623681335340506,0.3358517309546994,0.006301603206412826,,
0.3,0.95,0.1,50,100,point_rogan_gladen,500,1,499,,,,,0.022008820947464588,0.13162285884846142
0.3,0.95,0.1,50,1000,judgy,500,0,500,0.916,0.33903774458134045,0.29810198834481705,0.006381,,
0.3,0.95,0.1,50,1000,skill,500,0,500,0.92,0.3681981971565599,0.3040443181818181,0.006381,,
0.3,0.95,0.1,50,1000,repo,500,0,500,0.928,0.3835496159835908,0.3227434808612437,0.006381,,
0.3,0.95,0.1,50,1000,stratified,500,0,500,0.926,0.3749862766729431,0.31910402097902113,0.006381,,
0.3,0.95,0.1,50,1000,lang_reiczigel,500,0,500,0.998,0.3574519198713057,0.3194606176963491,0.006381,,
0.3,0.95,0.1,50,1000,wilson_known,500,0,500,0.38,0.10819691165316286,0.10994099223023768,0.006381,,
0.3,0.95,0.1,50,1000,point_rogan_gladen,500,0,500,,,,,0.019242558454874943,0.10414967966858539
0.3,0.95,0.1,100,100,judgy,500,0,500,0.764,0.2331022069159372,0.22708571906409886,0.00018,,
0.3,0.95,0.1,100,100,skill,500,0,500,0.764,0.23489545262374845,0.22475318152825596,0.00018,,
0.3,0.95,0.1,100,100,repo,500,0,500,0.958,0.38927652956272135,0.37421305227102475,0.00018,,
0.3,0.95,0.1,100,100,stratified,500,0,500,0.962,0.38851648679738227,0.3652356902356897,0.00018,,
0.3,0.95,0.1,100,100,lang_reiczigel,500,0,500,0.984,0.4247832573052028,0.40942704193195634,0.00018,,
0.3,0.95,0.1,100,100,wilson_known,500,0,500,0.882,0.3609104901362797,0.35955850678892076,0.00018,,
0.3,0.95,0.1,100,100,point_rogan_gladen,500,0,500,,,,,0.018638948917567396,0.11046245410064896
0.3,0.95,0.1,100,1000,judgy,500,0,500,0.912,0.23363032303596823,0.22692703847588339,0.00014600000000000003,,
0.3,0.95,0.1,100,1000,skill,500,0,500,0.916,0.23421450845943598,0.2266654552316975,0.00014600000000000003,,
0.3,0.95,0.1,100,1000,repo,500,0,500,0.932,0.2543765447903226,0.24569863005820972,0.00014600000000000003,,
0.3,0.95,0.1,100,1000,stratified,500,0,500,0.932,0.2538429207691127,0.24509905390661935,0.00014600000000000003,,
0.3,0.95,0.1,100,1000,lang_reiczigel,500,0,500,0.98,0.2574946237133344,0.25066092814946117,0.00014600000000000003,,
0.3,0.95,0.1,100,1000,wilson_known,500,0,500,0.552,0.11291519671994112,0.11694194353483206,0.00014600000000000003,,
0.3,0.95,0.1,100,1000,point_rogan_gladen,500,0,500,,,,,0.0021774223416978146,0.07518291696226419
0.3,0.95,0.1,200,100,judgy,500,0,500,0.638,0.17205246522164425,0.1791782518234027,0.0,,
0.3,0.95,0.1,200,100,skill,500,0,500,0.636,0.17208177055780755,0.17931848254306093,0.0,,
0.3,0.95,0.1,200,100,repo,500,0,500,0.942,0.35345093060146926,0.3498139673489583,0.0,,
0.3,0.95,0.1,200,100,stratified,500,0,500,0.942,0.35380968699927806,0.3555069124423962,0.0,,
0.3,0.95,0.1,200,100,lang_reiczigel,500,0,500,0.97,0.4007125697209417,0.40111928163423494,0.0,,
0.3,0.95,0.1,200,100,wilson_known,500,0,500,0.918,0.3637560264879865,0.37108552380130033,0.0,,
0.3,0.95,0.1,200,100,point_rogan_gladen,500,0,500,,,,,0.017285041151852476,0.10364829976390734
0.3,0.95,0.1,200,1000,judgy,500,0,500,0.912,0.18518455458206864,0.18268409627271381,0.0,,
0.3,0.95,0.1,200,1000,skill,500,0,500,0.914,0.18528955169705438,0.18242565951788145,0.0,,
0.3,0.95,0.1,200,1000,repo,500,0,500,0.952,0.2129972964997507,0.21083591221078424,0.0,,
0.3,0.95,0.1,200,1000,stratified,500,0,500,0.952,0.21345472164678256,0.21075221755368773,0.0,,
0.3,0.95,0.1,200,1000,lang_reiczigel,500,0,500,0.974,0.2154565483764958,0.2127881743001861,0.0,,
0.3,0.95,0.1,200,1000,wilson_known,500,0,500,0.668,0.12242770812262586,0.12506273040591662,0.0,,
0.3,0.95,0.1,200,1000,point_rogan_gladen,500,0,500,,,,,0.0036497024699304525,0.06200710798973165
0.3,0.95,0.3,10,100,judgy,500,63,437,0.8878718535469108,0.7190030376326573,0.7485714285714287,0.1087190151139643,,
0.3,0.95,0.3,10,100,skill,500,63,437,0.8993135011441648,0.7627808806436381,0.7759999999999998,0.1087190151139643,,
0.3,0.95,0.3,10,100,repo,500,63,437,0.9359267734553776,0.8143330110107284,0.8377749999999999,0.1087190151139643,,
0.3,0.95,0.3,10,100,stratified,500,63,437,0.9267734553775744,0.8066018601758017,0.8333333333333333,0.1087190151139643,,
0.3,0.95,0.3,10,100,lang_reiczigel,500,63,437,0.9954233409610984,0.804280800290841,0.8919164638717536,0.1087190151139643,,
0.3,0.95,0.3,10,100,wilson_known,500,63,437,0.6086956521739131,0.39625837212676074,0.3660117146692143,0.1087190151139643,,
0.3,0.95,0.3,10,100,point_rogan_gladen,500,63,437,,,,,0.06620791108205304,0.2903819892733888
0.3,0.95,0.3,10,1000,judgy,500,57,443,0.9255079006772009,0.7435545616903475,0.7787999999999993,0.10411986015581152,,
0.3,0.95,0.3,10,1000,skill,500,57,443,0.9300225733634312,0.7778974967601999,0.7956000000000002,0.10411986015581152,,
0.3,0.95,0.3,10,1000,repo,500,57,443,0.9322799097065463,0.7861083048842302,0.79525,0.10411986015581152,,
0.3,0.95,0.3,10,1000,stratified,500,57,443,0.9209932279909706,0.7731079624852198,0.7990833333333333,0.10411986015581152,,
0.3,0.95,0.3,10,1000,lang_reiczigel,500,57,443,0.9909706546275395,0.7486374260413972,0.723762187334673,0.10411986015581152,,
0.3,0.95,0.3,10,1000,wilson_known,500,57,443,0.28893905191873587,0.1452755731399268,0.13291507253825924,0.10411986015581152,,
0.3,0.95,0.3,10,1000,point_rogan_gladen,500,57,443,,,,,0.058017091260883655,0.2586798741820854
0.3,0.95,0.3,20,100,judgy,500,6,494,0.8765182186234818,0.721127565544034,0.7232142857142857,0.04697368421052632,,
0.3,0.95,0.3,20,100,skill,500,6,494,0.8805668016194332,0.7663641082123464,0.7771041666666667,0.04697368421052632,,
0.3,0.95,0.3,20,100,repo,500,6,494,0.9412955465587044,0.8211467430644908,0.8799999999999996,0.04697368421052632,,
0.3,0.95,0.3,20,100,stratified,500,6,494,0.937246963562753,0.8061157344960481,0.847986111111111,0.04697368421052632,,
0.3,0.95,0.3,20,100,lang_reiczigel,500,6,494,0.9898785425101214,0.7725125121200239,0.784530346671727,0.04697368421052632,,
0.3,0.95,0.3,20,100,wilson_known,500,6,494,0.7651821862348178,0.4941874911646696,0.4536948183674901,0.04697368421052632,,
0.3,0.95,0.3,20,100,point_rogan_gladen,500,6,494,,,,,0.04830042764253294,0.25111317416295537
0.3,0.95,0.3,20,1000,judgy,500,7,493,0.9127789046653144,0.7264477709612474,0.7244999999999999,0.047090263691683565,,
0.3,0.95,0.3,20,1000,skill,500,7,493,0.9148073022312373,0.7674459805214406,0.762,0.047090263691683565,,
0.3,0.95,0.3,20,1000,repo,500,7,493,0.9290060851926978,0.7742580235607449,0.7740241666666666,0.047090263691683565,,
0.3,0.95,0.3,20,1000,stratified,500,7,493,0.9249492900608519,0.7586568275221642,0.7526666666666684,0.047090263691683565,,
0.3,0.95,0.3,20,1000,lang_reiczigel,500,7,493,0.9898580121703854,0.6869497089639013,0.6335466408626751,0.047090263691683565,,
0.3,0.95,0.3,20,1000,wilson_known,500,7,493,0.3367139959432049,0.1635761385438165,0.14123592237044996,0.047090263691683565,,
0.3,0.95,0.3,20,1000,point_rogan_gladen,500,7,493,,,,,0.024052351975272914,0.22428264098907816
0.3,0.95,0.3,50,100,judgy,500,0,500,0.782,0.527584124985707,0.5080406187232934,0.005017,,
0.3,0.95,0.3,50,100,skill,500,0,500,0.804,0.5440102728105011,0.5210345539229025,0.005017,,
0.3,0.95,0.3,50,100,repo,500,0,500,0.946,0.7048081001696006,0.7131255668129137,0.005017,,
0.3,0.95,0.3,50,100,stratified,500,0,500,0.95,0.7021671341275906,0.7143601190476185,0.005017,,
0.3,0.95,0.3,50,100,lang_reiczigel,500,0,500,0.99,0.6764411846572425,0.6690102265201586,0.005017,,
0.3,0.95,0.3,50,100,wilson_known,500,0,500,0.852,0.5076839416676723,0.487291439779699,0.005017,,
0.3,0.95,0.3,50,100,point_rogan_gladen,500,0,500,,,,,0.027317249674616115,0.19739130282054176
0.3,0.95,0.3,50,1000,judgy,500,0,500,0.91,0.5461939622143214,0.5002215216977053,0.004633000000000001,,
0.3,0.95,0.3,50,1000,skill,500,0,500,0.916,0.5585913381184137,0.5036224322360152,0.004633000000000001,,
0.3,0.95,0.3,50,1000,repo,500,0,500,0.938,0.5822558680379952,0.5353562730892552,0.004633000000000001,,
0.3,0.95,0.3,50,1000,stratified,500,0,500,0.93,0.5738241976683229,0.5356842532467533,0.004633000000000001,,
0.3,0.95,0.3,50,1000,lang_reiczigel,500,0,500,0.984,0.5040240611690477,0.4589440645232361,0.004633000000000001,,
0.3,0.95,0.3,50,1000,wilson_known,500,0,500,0.486,0.1699251279282184,0.15829459220452713,0.004633000000000001,,
0.3,0.95,0.3,50,1000,point_rogan_gladen,500,0,500,,,,,0.014702729574888877,0.1469998505179034
0.3,0.95,0.3,100,100,judgy,500,0,500,0.674,0.36267698119625214,0.3408879551046975,0.00016800000000000004,,
0.3,0.95,0.3,100,100,skill,500,0,500,0.672,0.36234404072257664,0.3381611324663879,0.00016800000000000004,,
0.3,0.95,0.3,100,100,repo,500,0,500,0.944,0.6006353734818854,0.5958066456979724,0.00016800000000000004,,
0.3,0.95,0.3,100,100,stratified,500,0,500,0.942,0.6009711304798636,0.5933329376807632,0.00016800000000000004,,
0.3,0.95,0.3,100,100,lang_reiczigel,500,0,500,0.97,0.6022568819656574,0.5896413127065137,0.00016800000000000004,,
0.3,0.95,0.3,100,100,wilson_known,500,0,500,0.896,0.5041087628058067,0.4933803714278303,0.00016800000000000004,,
0.3,0.95,0.3,100,100,point_rogan_gladen,500,0,500,,,,,0.005907613127004503,0.16455004581981533
0.3,0.95,0.3,100,1000,judgy,500,0,500,0.92,0.3886593023961814,0.3601887189908436,0.000432,,
0.3,0.95,0.3,100,1000,skill,500,0,500,0.926,0.39090623128600827,0.3588248397387034,0.000432,,
0.3,0.95,0.3,100,1000,repo,500,0,500,0.956,0.4292795142136872,0.39891216465154233,0.000432,,
0.3,0.95,0.3,100,1000,stratified,500,0,500,0.956,0.42761147628185003,0.399450631705251,0.000432,,
0.3,0.95,0.3,100,1000,lang_reiczigel,500,0,500,0.972,0.394499367042086,0.37471525662935623,0.000432,,
0.3,0.95,0.3,100,1000,wilson_known,500,0,500,0.648,0.17436570975238916,0.16533681944818793,0.000432,,
0.3,0.95,0.3,100,1000,point_rogan_gladen,500,0,500,,,,,0.0030651052014628614,0.09954480103798623
0.3,0.95,0.3,200,100,judgy,500,0,500,0.596,0.24935595084604617,0.23976941330487572,0.0,,
0.3,0.95,0.3,200,100,skill,500,0,500,0.602,0.24927078661780455,0.24034759748631557,0.0,,
0.3,0.95,0.3,200,100,repo,500,0,500,0.956,0.5585707043461001,0.5546739522511613,0.0,,
0.3,0.95,0.3,200,100,stratified,500,0,500,0.95,0.5594022663795861,0.5585443048897079,0.0,,
0.3,0.95,0.3,200,100,lang_reiczigel,500,0,500,0.978,0.5723962285792498,0.5682051279835622,0.0,,
0.3,0.95,0.3,200,100,wilson_known,500,0,500,0.946,0.5118086516993876,0.5100952306122992,0.0,,
0.3,0.95,0.3,200,100,point_rogan_gladen,500,0,500,,,,,0.006062269136129013,0.13967179007358016
0.3,0.95,0.3,200,1000,judgy,500,0,500,0.872,0.2504823946477756,0.2428690977863212,0.0,,
0.3,0.95,0.3,200,1000,skill,500,0,500,0.872,0.25114576345362594,0.24175700490673327,0.0,,
0.3,0.95,0.3,200,1000,repo,500,0,500,0.926,0.30446272770181476,0.2942233484196456,0.0,,
0.3,0.95,0.3,200,1000,stratified,500,0,500,0.934,0.3043020437382073,0.29533373320620093,0.0,,
0.3,0.95,0.3,200,1000,lang_reiczigel,500,0,500,0.95,0.294142045293873,0.2872524885275284,0.0,,
0.3,0.95,0.3,200,1000,wilson_known,500,0,500,0.726,0.1666072088325413,0.16209251972877337,0.0,,
0.3,0.95,0.3,200,1000,point_rogan_gladen,500,0,500,,,,,-0.005345217448189077,0.07428260246773355
0.3,0.95,0.5,10,100,judgy,500,53,447,0.9261744966442953,0.7477469662934009,0.7400000000000002,0.10790059011608712,,
0.3,0.95,0.5,10,100,skill,500,53,447,0.9395973154362416,0.7620257067889264,0.7402000000000002,0.10790059011608712,,
0.3,0.95,0.5,10,100,repo,500,53,447,0.9664429530201343,0.8014763058245573,0.7999999999999998,0.10790059011608712,,
0.3,0.95,0.5,10,100,stratified,500,53,447,0.9574944071588367,0.7915556864990589,0.7833333333333335,0.10790059011608712,,
0.3,0.95,0.5,10,100,lang_reiczigel,500,53,447,0.9373601789709173,0.8674125576020969,1.0,0.10790059011608712,,
0.3,0.95,0.5,10,100,wilson_known,500,53,447,0.5682326621923938,0.42418194406560966,0.4077779285642581,0.10790059011608712,,
0.3,0.95,0.5,10,100,point_rogan_gladen,500,53,447,,,,,-0.0005821881325236805,0.29750634171488616
0.3,0.95,0.5,10,1000,judgy,500,44,456,0.9232456140350878,0.7545852403103718,0.7295999999999999,0.11358970164907015,,
0.3,0.95,0.5,10,1000,skill,500,44,456,0.9451754385964912,0.7691565964133027,0.7400209821428572,0.11358970164907015,,
0.3,0.95,0.5,10,1000,repo,500,44,456,0.9495614035087719,0.7739491790577795,0.7486812500000001,0.11358970164907015,,
0.3,0.95,0.5,10,1000,stratified,500,44,456,0.9144736842105263,0.7586692723562378,0.7342857142857144,0.11358970164907015,,
0.3,0.95,0.5,10,1000,lang_reiczigel,500,44,456,0.9320175438596491,0.8425886101702192,0.9844110233908043,0.11358970164907015,,
0.3,0.95,0.5,10,1000,wilson_known,500,44,456,0.18421052631578946,0.15940929395482176,0.15368443669042622,0.11358970164907015,,
0.3,0.95,0.5,10,1000,point_rogan_gladen,500,44,456,,,,,0.029643640350877184,0.28515671620256644
0.3,0.95,0.5,20,100,judgy,500,10,490,0.8979591836734694,0.7306620452994236,0.7099158679337629,0.04562755102040816,,
0.3,0.95,0.5,20,100,skill,500,10,490,0.9204081632653062,0.7894001401650165,0.8129821428571434,0.04562755102040816,,
0.3,0.95,0.5,20,100,repo,500,10,490,0.9653061224489796,0.8390357976330054,0.9256968749999993,0.04562755102040816,,
0.3,0.95,0.5,20,100,stratified,500,10,490,0.9571428571428572,0.8287116097737797,0.8738541666666666,0.04562755102040816,,
0.3,0.95,0.5,20,100,lang_reiczigel,500,10,490,0.9693877551020408,0.8741268620815111,0.9552644464370055,0.04562755102040816,,
0.3,0.95,0.5,20,100,wilson_known,500,10,490,0.6938775510204082,0.49515957986160936,0.48848128845137295,0.04562755102040816,,
0.3,0.95,0.5,20,100,point_rogan_gladen,500,10,490,,,,,0.039087507730364825,0.2732471866191137
0.3,0.95,0.5,20,1000,judgy,500,8,492,0.9410569105691057,0.7536818465931975,0.7288333333333336,0.045740853658536584,,
0.3,0.95,0.5,20,1000,skill,500,8,492,0.9491869918699187,0.8025517934907865,0.9032975233464526,0.045740853658536584,,
0.3,0.95,0.5,20,1000,repo,500,8,492,0.9471544715447154,0.8097221712986866,0.9138610209033211,0.045740853658536584,,
0.3,0.95,0.5,20,1000,stratified,500,8,492,0.9512195121951219,0.7921941711842245,0.860759090909091,0.045740853658536584,,
0.3,0.95,0.5,20,1000,lang_reiczigel,500,8,492,0.943089430894309,0.7994077085005769,0.8452518319977053,0.045740853658536584,,
0.3,0.95,0.5,20,1000,wilson_known,500,8,492,0.34552845528455284,0.17526783523139414,0.1616542127661466,0.045740853658536584,,
0.3,0.95,0.5,20,1000,point_rogan_gladen,500,8,492,,,,,0.03627184152793902,0.24493437307852756
0.3,0.95,0.5,50,100,judgy,500,0,500,0.856,0.5833495641537649,0.568581501577202,0.006014000000000001,,
0.3,0.95,0.5,50,100,skill,500,0,500,0.862,0.6016802914461755,0.57457507065512,0.006014000000000001,,
0.3,0.95,0.5,50,100,repo,500,0,500,0.968,0.7631742337333531,0.7544536360236622,0.006014000000000001,,
0.3,0.95,0.5,50,100,stratified,500,0,500,0.966,0.7578766539024616,0.75,0.006014000000000001,,
0.3,0.95,0.5,50,100,lang_reiczigel,500,0,500,0.982,0.7754819545454046,0.7724965829082042,0.006014000000000001,,
0.3,0.95,0.5,50,100,wilson_known,500,0,500,0.87,0.5491589708708446,0.5345404602626558,0.006014000000000001,,
0.3,0.95,0.5,50,100,point_rogan_gladen,500,0,500,,,,,0.03609776601537424,0.21033808127672593
0.3,0.95,0.5,50,1000,judgy,500,0,500,0.932,0.6061047664827067,0.5931685404896423,0.004784,,
0.3,0.95,0.5,50,1000,skill,500,0,500,0.944,0.6220520799740895,0.5966142463225106,0.004784,,
0.3,0.95,0.5,50,1000,repo,500,0,500,0.952,0.6451678274299805,0.6181030841873549,0.004784,,
0.3,0.95,0.5,50,1000,stratified,500,0,500,0.952,0.6388680246292231,0.6132583333333331,0.004784,,
0.3,0.95,0.5,50,1000,lang_reiczigel,500,0,500,0.968,0.6211746858035352,0.6010221513012393,0.004784,,
0.3,0.95,0.5,50,1000,wilson_known,500,0,500,0.436,0.19484147966152465,0.1832556373059453,0.004784,,
0.3,0.95,0.5,50,1000,point_rogan_gladen,500,0,500,,,,,0.03456617582108285,0.178566048203654
0.3,0.95,0.5,100,100,judgy,500,0,500,0.712,0.4329558750197267,0.4356132960204302,4.4000000000000006e-05,,
0.3,0.95,0.5,100,100,skill,500,0,500,0.716,0.43288887258749137,0.43795356995827095,4.4000000000000006e-05,,
0.3,0.95,0.5,100,100,repo,500,0,500,0.942,0.6857276950713858,0.6825094341165335,4.4000000000000006e-05,,
0.3,0.95,0.5,100,100,stratified,500,0,500,0.948,0.6858595488819946,0.6840024963594755,4.4000000000000006e-05,,
0.3,0.95,0.5,100,100,lang_reiczigel,500,0,500,0.966,0.6903925658366242,0.6969986380018094,4.4000000000000006e-05,,
0.3,0.95,0.5,100,100,wilson_known,500,0,500,0.89,0.5585629561969367,0.5561479331632494,4.4000000000000006e-05,,
0.3,0.95,0.5,100,100,point_rogan_gladen,500,0,500,,,,,0.009919583782888645,0.1932717376355763
0.3,0.95,0.5,100,1000,judgy,500,0,500,0.934,0.4506338856792135,0.4414366836110718,9.5e-05,,
0.3,0.95,0.5,100,1000,skill,500,0,500,0.93,0.45054018307835897,0.4414509559893288,9.5e-05,,
0.3,0.95,0.5,100,1000,repo,500,0,500,0.954,0.48969894962415295,0.4835502467392922,9.5e-05,,
0.3,0.95,0.5,100,1000,stratified,500,0,500,0.966,0.4891855197502689,0.4808031998679496,9.5e-05,,
0.3,0.95,0.5,100,1000,lang_reiczigel,500,0,500,0.95,0.4592088166024782,0.4415750014154789,9.5e-05,,
0.3,0.95,0.5,100,1000,wilson_known,500,0,500,0.61,0.19230853039033105,0.186158933891818,9.5e-05,,
0.3,0.95,0.5,100,1000,point_rogan_gladen,500,0,500,,,,,0.004911127442224748,0.11438206536997729
0.3,0.95,0.5,200,100,judgy,500,0,500,0.59,0.3041952809523748,0.29613370578047604,0.0,,
0.3,0.95,0.5,200,100,skill,500,0,500,0.588,0.3041140242558471,0.29667168247716313,0.0,,
0.3,0.95,0.5,200,100,repo,500,0,500,0.938,0.6365707153506128,0.6334667654384745,0.0,,
0.3,0.95,0.5,200,100,stratified,500,0,500,0.934,0.6365367130445523,0.6352293464540533,0.0,,
0.3,0.95,0.5,200,100,lang_reiczigel,500,0,500,0.966,0.6378439359063311,0.6389017095235539,0.0,,
0.3,0.95,0.5,200,100,wilson_known,500,0,500,0.91,0.5641060468718951,0.5631604686513516,0.0,,
0.3,0.95,0.5,200,100,point_rogan_gladen,500,0,500,,,,,-0.0006097966415084505,0.17628076473033658
0.3,0.95,0.5,200,1000,judgy,500,0,500,0.898,0.3093495333436585,0.30033001029122974,0.0,,
0.3,0.95,0.5,200,1000,skill,500,0,500,0.886,0.3095242376380977,0.30235054194445277,0.0,,
0.3,0.95,0.5,200,1000,repo,500,0,500,0.958,0.3672878380959301,0.35983529201680275,0.0,,
0.3,0.95,0.5,200,1000,stratified,500,0,500,0.958,0.36747174478917316,0.35990904811876717,0.0,,
0.3,0.95,0.5,200,1000,lang_reiczigel,500,0,500,0.954,0.3519757589731462,0.3454663968484236,0.0,,
0.3,0.95,0.5,200,1000,wilson_known,500,0,500,0.726,0.19193116467287774,0.1891902834451231,0.0,,
0.3,0.95,0.5,200,1000,point_rogan_gladen,500,0,500,,,,,0.0035547913940436903,0.08869066843225541
0.3,0.95,0.7,10,100,judgy,500,49,451,0.9246119733924612,0.6950133817855944,0.664,0.11969973345874713,,
0.3,0.95,0.7,10,100,skill,500,49,451,0.9379157427937915,0.707668255343854,0.6640000000000001,0.11969973345874713,,
0.3,0.95,0.7,10,100,repo,500,49,451,0.9556541019955654,0.7418434255881006,0.7150000000000001,0.11969973345874713,,
0.3,0.95,0.7,10,100,stratified,500,49,451,0.9512195121951219,0.7344204171506001,0.7008333333333334,0.11969973345874713,,
0.3,0.95,0.7,10,100,lang_reiczigel,500,49,451,0.9113082039911308,0.9324067347642758,1.0,0.11969973345874713,,
0.3,0.95,0.7,10,100,wilson_known,500,49,451,0.5277161862527716,0.3849696378341353,0.40172677825950975,0.11969973345874713,,
0.3,0.95,0.7,10,100,point_rogan_gladen,500,49,451,,,,,-0.03156882412979966,0.29100467507072497
0.3,0.95,0.7,10,1000,judgy,500,44,456,0.9692982456140351,0.7163961381477589,0.6703031250000001,0.12075658882072615,,
0.3,0.95,0.7,10,1000,skill,500,44,456,0.9736842105263158,0.7187417137078121,0.6739624999999999,0.12075658882072615,,
0.3,0.95,0.7,10,1000,repo,500,44,456,0.9802631578947368,0.7225198788960796,0.6763616666666667,0.12075658882072615,,
0.3,0.95,0.7,10,1000,stratified,500,44,456,0.9539473684210527,0.7134308446898496,0.6720059523809524,0.12075658882072615,,
0.3,0.95,0.7,10,1000,lang_reiczigel,500,44,456,0.8969298245614035,0.9220832822758316,1.0,0.12075658882072615,,
0.3,0.95,0.7,10,1000,wilson_known,500,44,456,0.21271929824561403,0.12268393815874337,0.12823999493459415,0.12075658882072615,,
0.3,0.95,0.7,10,1000,point_rogan_gladen,500,44,456,,,,,-0.008915831244778523,0.2664740882345628
0.3,0.95,0.7,20,100,judgy,500,11,489,0.8957055214723927,0.6609218282753515,0.6577142857142859,0.05090593047034765,,
0.3,0.95,0.7,20,100,skill,500,11,489,0.9222903885480572,0.7647019244535902,0.7767812918340025,0.05090593047034765,,
0.3,0.95,0.7,20,100,repo,500,11,489,0.9570552147239264,0.811537791466267,0.8926874999999986,0.05090593047034765,,
0.3,0.95,0.7,20,100,stratified,500,11,489,0.9570552147239264,0.7960821457569923,0.8301190476190474,0.05090593047034765,,
0.3,0.95,0.7,20,100,lang_reiczigel,500,11,489,0.9529652351738241,0.9003474724895765,0.9759660982136822,0.05090593047034765,,
0.3,0.95,0.7,20,100,wilson_known,500,11,489,0.656441717791411,0.43614746935273035,0.4492582125438861,0.05090593047034765,,
0.3,0.95,0.7,20,100,point_rogan_gladen,500,11,489,,,,,-0.009014642480900129,0.25467885053493067
0.3,0.95,0.7,20,1000,judgy,500,8,492,0.9552845528455285,0.6633893033684048,0.6343131868131866,0.045055894308943086,,
0.3,0.95,0.7,20,1000,skill,500,8,492,0.967479674796748,0.7574008028716994,0.7685705357142856,0.045055894308943086,,
0.3,0.95,0.7,20,1000,repo,500,8,492,0.9695121951219512,0.7634969734421986,0.7794867938628365,0.045055894308943086,,
0.3,0.95,0.7,20,1000,stratified,500,8,492,0.9654471544715447,0.7380273601596009,0.7289937499999999,0.045055894308943086,,
0.3,0.95,0.7,20,1000,lang_reiczigel,500,8,492,0.9247967479674797,0.8433176319724779,0.8731137431076395,0.045055894308943086,,
0.3,0.95,0.7,20,1000,wilson_known,500,8,492,0.27439024390243905,0.1542713937944122,0.15139668243315613,0.045055894308943086,,
0.3,0.95,0.7,20,1000,point_rogan_gladen,500,8,492,,,,,0.01319915472964264,0.21843103624789892
0.3,0.95,0.7,50,100,judgy,500,1,499,0.8657314629258517,0.5230189582078079,0.5274883242134061,0.006331663326653306,,
0.3,0.95,0.7,50,100,skill,500,1,499,0.8677354709418837,0.5578296526677596,0.5340116203537975,0.006331663326653306,,
0.3,0.95,0.7,50,100,repo,500,1,499,0.9619238476953907,0.6963727353839113,0.6875038507109,0.006331663326653306,,
0.3,0.95,0.7,50,100,stratified,500,1,499,0.9539078156312625,0.6913983543526272,0.6818181818181814,0.006331663326653306,,
0.3,0.95,0.7,50,100,lang_reiczigel,500,1,499,0.9619238476953907,0.7658643114055024,0.7543263740619655,0.006331663326653306,,
0.3,0.95,0.7,50,100,wilson_known,500,1,499,0.8036072144288577,0.4864319453343372,0.5021584728243873,0.006331663326653306,,
0.3,0.95,0.7,50,100,point_rogan_gladen,500,1,499,,,,,0.004949643181098317,0.21122409921043167
0.3,0.95,0.7,50,1000,judgy,500,0,500,0.936,0.5377508691482606,0.5355069791883073,0.005357,,
0.3,0.95,0.7,50,1000,skill,500,0,500,0.958,0.57267245633506,0.5508644154454365,0.005357,,
0.3,0.95,0.7,50,1000,repo,500,0,500,0.966,0.5896121572535802,0.5614463959196496,0.005357,,
0.3,0.95,0.7,50,1000,stratified,500,0,500,0.966,0.5786139119032498,0.5604906382908026,0.005357,,
0.3,0.95,0.7,50,1000,lang_reiczigel,500,0,500,0.94,0.6611047720667266,0.6486527270531609,0.005357,,
0.3,0.95,0.7,50,1000,wilson_known,500,0,500,0.408,0.17922494753299786,0.18637810084816675,0.005357,,
0.3,0.95,0.7,50,1000,point_rogan_gladen,500,0,500,,,,,0.027345682171285943,0.17504790030176354
0.3,0.95,0.7,100,100,judgy,500,0,500,0.752,0.4156975390452234,0.4207861226254134,0.00015900000000000002,,
0.3,0.95,0.7,100,100,skill,500,0,500,0.756,0.41643939485273557,0.42390229875017654,0.00015900000000000002,,
0.3,0.95,0.7,100,100,repo,500,0,500,0.956,0.6292500386258882,0.6412289748713431,0.00015900000000000002,,
0.3,0.95,0.7,100,100,stratified,500,0,500,0.952,0.6293272788663855,0.6428571428571428,0.00015900000000000002,,
0.3,0.95,0.7,100,100,lang_reiczigel,500,0,500,0.968,0.664794005049017,0.6642445351778381,0.00015900000000000002,,
0.3,0.95,0.7,100,100,wilson_known,500,0,500,0.87,0.5117813006299161,0.5271438257391521,0.00015900000000000002,,
0.3,0.95,0.7,100,100,point_rogan_gladen,500,0,500,,,,,-0.004050286657354018,0.19288856579368546
0.3,0.95,0.7,100,1000,judgy,500,0,500,0.948,0.4465535228835368,0.449946923732517,0.000251,,
0.3,0.95,0.7,100,1000,skill,500,0,500,0.944,0.44770469954083614,0.4499930460797691,0.000251,,
0.3,0.95,0.7,100,1000,repo,500,0,500,0.958,0.474916522271429,0.4778731714260719,0.000251,,
0.3,0.95,0.7,100,1000,stratified,500,0,500,0.956,0.4737311193354242,0.4786098484848484,0.000251,,
0.3,0.95,0.7,100,1000,lang_reiczigel,500,0,500,0.956,0.5042108758992201,0.5029042596982214,0.000251,,
0.3,0.95,0.7,100,1000,wilson_known,500,0,500,0.552,0.19798197373189225,0.1969553646285424,0.000251,,
0.3,0.95,0.7,100,1000,point_rogan_gladen,500,0,500,,,,,0.015957150191771127,0.13808245444466777
0.3,0.95,0.7,200,100,judgy,500,0,500,0.664,0.313797719065734,0.3252156577279073,0.0,,
0.3,0.95,0.7,200,100,skill,500,0,500,0.664,0.31382590821267853,0.3272128972608108,0.0,,
0.3,0.95,0.7,200,100,repo,500,0,500,0.944,0.5953577430143048,0.6103848725979666,0.0,,
0.3,0.95,0.7,200,100,stratified,500,0,500,0.948,0.5948447902448031,0.61301363139321,0.0,,
0.3,0.95,0.7,200,100,lang_reiczigel,500,0,500,0.962,0.602770104547842,0.6165665331252979,0.0,,
0.3,0.95,0.7,200,100,wilson_known,500,0,500,0.91,0.5229534632335702,0.5427569871681922,0.0,,
0.3,0.95,0.7,200,100,point_rogan_gladen,500,0,500,,,,,-0.008044743869652269,0.1797230141875162
0.3,0.95,0.7,200,1000,judgy,500,0,500,0.936,0.3543260867430281,0.3571848532992479,0.0,,
0.3,0.95,0.7,200,1000,skill,500,0,500,0.928,0.35393910267259326,0.35581895778377476,0.0,,
0.3,0.95,0.7,200,1000,repo,500,0,500,0.96,0.39856603117708556,0.40069249463692863,0.0,,
0.3,0.95,0.7,200,1000,stratified,500,0,500,0.96,0.39799496765036424,0.40014209253704563,0.0,,
0.3,0.95,0.7,200,1000,lang_reiczigel,500,0,500,0.97,0.40346704851300785,0.4049896144952755,0.0,,
0.3,0.95,0.7,200,1000,wilson_known,500,0,500,0.688,0.2054322235686114,0.20324722013552188,0.0,,
0.3,0.95,0.7,200,1000,point_rogan_gladen,500,0,500,,,,,0.009307570732938617,0.10412776974931065
0.3,0.95,0.9,10,100,judgy,500,52,448,0.953125,0.6387651711168022,0.6116666666666667,0.10777120535714287,,
0.3,0.95,0.9,10,100,skill,500,52,448,0.9508928571428571,0.6671694462040164,0.6170833333333335,0.10777120535714287,,
0.3,0.95,0.9,10,100,repo,500,52,448,0.9799107142857143,0.6992845662777921,0.6631375000000002,0.10777120535714287,,
0.3,0.95,0.9,10,100,stratified,500,52,448,0.96875,0.692167082979025,0.6600000000000001,0.10777120535714287,,
0.3,0.95,0.9,10,100,lang_reiczigel,500,52,448,0.9017857142857143,0.9464402230875028,1.0,0.10777120535714287,,
0.3,0.95,0.9,10,100,wilson_known,500,52,448,0.45535714285714285,0.30945752906917257,0.34325065236737284,0.10777120535714287,,
0.3,0.95,0.9,10,100,point_rogan_gladen,500,52,448,,,,,-0.12262117346938771,0.26575232923533726
0.3,0.95,0.9,10,1000,judgy,500,45,455,0.9824175824175824,0.631922277422483,0.6080000000000001,0.11943847198324437,,
0.3,0.95,0.9,10,1000,skill,500,45,455,0.989010989010989,0.6581418910819755,0.6067499999999999,0.11943847198324437,,
0.3,0.95,0.9,10,1000,repo,500,45,455,0.9912087912087912,0.6610021077698248,0.6150000000000001,0.11943847198324437,,
0.3,0.95,0.9,10,1000,stratified,500,45,455,0.9692307692307692,0.6487147403192046,0.6071428571428572,0.11943847198324437,,
0.3,0.95,0.9,10,1000,lang_reiczigel,500,45,455,0.8879120879120879,0.9380475937947157,1.0,0.11943847198324437,,
0.3,0.95,0.9,10,1000,wilson_known,500,45,455,0.26153846153846155,0.10747113158819316,0.12748516007889732,0.11943847198324437,,
0.3,0.95,0.9,10,1000,point_rogan_gladen,500,45,455,,,,,-0.08650293040293038,0.2309768852629049
0.3,0.95,0.9,20,100,judgy,500,11,489,0.901840490797546,0.512010392875218,0.5153846153846153,0.048756646216768916,,
0.3,0.95,0.9,20,100,skill,500,11,489,0.9263803680981595,0.6665084464213111,0.6370032256939603,0.048756646216768916,,
0.3,0.95,0.9,20,100,repo,500,11,489,0.9488752556237219,0.7168035537644203,0.7364812373225151,0.048756646216768916,,
0.3,0.95,0.9,20,100,stratified,500,11,489,0.9488752556237219,0.6856995733617667,0.6751250000000002,0.048756646216768916,,
0.3,0.95,0.9,20,100,lang_reiczigel,500,11,489,0.9120654396728016,0.8793183873515548,0.9191637157747736,0.048756646216768916,,
0.3,0.95,0.9,20,100,wilson_known,500,11,489,0.5644171779141104,0.3161616852074921,0.35768052834745556,0.048756646216768916,,
0.3,0.95,0.9,20,100,point_rogan_gladen,500,11,489,,,,,-0.07899147773380903,0.23153543072917163
0.3,0.95,0.9,20,1000,judgy,500,11,489,0.9468302658486708,0.5273111131268179,0.5306666666666666,0.0364764826175869,,
0.3,0.95,0.9,20,1000,skill,500,11,489,0.9488752556237219,0.6768132964468162,0.621850208333333,0.0364764826175869,,
0.3,0.95,0.9,20,1000,repo,500,11,489,0.950920245398773,0.6837995223278008,0.6336375856164382,0.0364764826175869,,
0.3,0.95,0.9,20,1000,stratified,500,11,489,0.950920245398773,0.6428780109835798,0.5869444444444445,0.0364764826175869,,
0.3,0.95,0.9,20,1000,lang_reiczigel,500,11,489,0.9038854805725971,0.8387027911871743,0.8335850494786212,0.0364764826175869,,
0.3,0.95,0.9,20,1000,wilson_known,500,11,489,0.2331288343558282,0.10918285293655555,0.13591705507937707,0.0364764826175869,,
0.3,0.95,0.9,20,1000,point_rogan_gladen,500,11,489,,,,,-0.06461307642595987,0.19338862911722368
0.3,0.95,0.9,50,100,judgy,500,0,500,0.856,0.40277312413012334,0.41559022800674267,0.0060220000000000004,,
0.3,0.95,0.9,50,100,skill,500,0,500,0.892,0.44023284272951324,0.4331559441274167,0.0060220000000000004,,
0.3,0.95,0.9,50,100,repo,500,0,500,0.964,0.564334457569108,0.5590839347369208,0.0060220000000000004,,
0.3,0.95,0.9,50,100,stratified,500,0,500,0.96,0.5578936794088936,0.5625,0.0060220000000000004,,
0.3,0.95,0.9,50,100,lang_reiczigel,500,0,500,0.942,0.6951682725581902,0.6858626725055914,0.0060220000000000004,,
0.3,0.95,0.9,50,100,wilson_known,500,0,500,0.746,0.3682012530354133,0.40623361225978827,0.0060220000000000004,,
0.3,0.95,0.9,50,100,point_rogan_gladen,500,0,500,,,,,-0.06436057401304073,0.18729700392049903
0.3,0.95,0.9,50,1000,judgy,500,1,499,0.9438877755511023,0.3987761167504857,0.4120509811716814,0.007183366733466934,,
0.3,0.95,0.9,50,1000,skill,500,1,499,0.9559118236472945,0.450658883061914,0.42999912597950596,0.007183366733466934,,
0.3,0.95,0.9,50,1000,repo,500,1,499,0.9659318637274549,0.4650642835051061,0.4442847856815022,0.007183366733466934,,
0.3,0.95,0.9,50,1000,stratified,500,1,499,0.9559118236472945,0.45646936782381986,0.43575892857142884,0.007183366733466934,,
0.3,0.95,0.9,50,1000,lang_reiczigel,500,1,499,0.9258517034068137,0.6033632310298439,0.5763531002550599,0.007183366733466934,,
0.3,0.95,0.9,50,1000,wilson_known,500,1,499,0.3587174348697395,0.12670877123280216,0.1560088016002079,0.007183366733466934,,
0.3,0.95,0.9,50,1000,point_rogan_gladen,500,1,499,,,,,-0.028875643138165204,0.14047315007810182
0.3,0.95,0.9,100,100,judgy,500,0,500,0.808,0.31316801256507304,0.3363635727510832,0.00014800000000000002,,
0.3,0.95,0.9,100,100,skill,500,0,500,0.808,0.31315909223681637,0.33333333333333337,0.00014800000000000002,,
0.3,0.95,0.9,100,100,repo,500,0,500,0.954,0.47880939767225245,0.48976949538736486,0.00014800000000000002,,
0.3,0.95,0.9,100,100,stratified,500,0,500,0.952,0.4779306934753133,0.485714285714286,0.00014800000000000002,,
0.3,0.95,0.9,100,100,lang_reiczigel,500,0,500,0.958,0.5482327106237421,0.5605487536109596,0.00014800000000000002,,
0.3,0.95,0.9,100,100,wilson_known,500,0,500,0.846,0.3756474940205727,0.4056101883037912,0.00014800000000000002,,
0.3,0.95,0.9,100,100,point_rogan_gladen,500,0,500,,,,,-0.0388669659066,0.16151344483473876
0.3,0.95,0.9,100,1000,judgy,500,0,500,0.938,0.32986327255424863,0.3439677756806395,7.600000000000002e-05,,
0.3,0.95,0.9,100,1000,skill,500,0,500,0.938,0.3295911521718552,0.3432424622809419,7.600000000000002e-05,,
0.3,0.95,0.9,100,1000,repo,500,0,500,0.946,0.34850574213875823,0.36188435469374997,7.600000000000002e-05,,
0.3,0.95,0.9,100,1000,stratified,500,0,500,0.946,0.3483514814718433,0.3637839350581953,7.600000000000002e-05,,
0.3,0.95,0.9,100,1000,lang_reiczigel,500,0,500,0.944,0.4312818591264668,0.4366747663210396,7.600000000000002e-05,,
0.3,0.95,0.9,100,1000,wilson_known,500,0,500,0.456,0.1422560364614486,0.17071523267133049,7.600000000000002e-05,,
0.3,0.95,0.9,100,1000,point_rogan_gladen,500,0,500,,,,,-0.022113415546771972,0.11922381600307265
0.3,0.95,0.9,200,100,judgy,500,0,500,0.742,0.25754908426240425,0.2803462892740708,0.0,,
0.3,0.95,0.9,200,100,skill,500,0,500,0.738,0.2570608994543532,0.2815878768290091,0.0,,
0.3,0.95,0.9,200,100,repo,500,0,500,0.972,0.46832687532927686,0.47821755074870836,0.0,,
0.3,0.95,0.9,200,100,stratified,500,0,500,0.98,0.4682963007415167,0.4785887936313533,0.0,,
0.3,0.95,0.9,200,100,lang_reiczigel,500,0,500,0.982,0.48980575260124076,0.4971050213926939,0.0,,
0.3,0.95,0.9,200,100,wilson_known,500,0,500,0.93,0.40206830356298406,0.41703489549887135,0.0,,
0.3,0.95,0.9,200,100,point_rogan_gladen,500,0,500,,,,,-0.039364968732730515,0.1481140347322791
0.3,0.95,0.9,200,1000,judgy,500,0,500,0.9,0.2689656070375936,0.2880277734733159,0.0,,
0.3,0.95,0.9,200,1000,skill,500,0,500,0.902,0.2694661151871645,0.28920797706431756,0.0,,
0.3,0.95,0.9,200,1000,repo,500,0,500,0.94,0.297306505216826,0.31505586623984316,0.0,,
0.3,0.95,0.9,200,1000,stratified,500,0,500,0.938,0.2966768867889891,0.315728113134983,0.0,,
0.3,0.95,0.9,200,1000,lang_reiczigel,500,0,500,0.952,0.33772632447582357,0.3493739793286019,0.0,,
0.3,0.95,0.9,200,1000,wilson_known,500,0,500,0.578,0.15433981711724462,0.18226952706408045,0.0,,
0.3,0.95,0.9,200,1000,point_rogan_gladen,500,0,500,,,,,-0.012897741773865849,0.09981296160527064
0.45,0.65,0.1,10,100,judgy,500,189,311,0.8810289389067524,0.8597954684271452,1.0,0.16698339040903087,,
0.45,0.65,0.1,10,100,skill,500,189,311,0.954983922829582,0.9652925857826574,1.0,0.16698339040903087,,
0.45,0.65,0.1,10,100,repo,500,189,311,0.954983922829582,0.9736440331925997,1.0,0.16698339040903087,,
0.45,0.65,0.1,10,100,stratified,500,189,311,0.9421221864951769,0.9609913457612412,1.0,0.16698339040903087,,
0.45,0.65,0.1,10,100,lang_reiczigel,500,189,311,0.9581993569131833,0.951932103369204,1.0,0.16698339040903087,,
0.45,0.65,0.1,10,100,wilson_known,500,189,311,0.43729903536977494,0.4833890650898444,0.45953271150036235,0.16698339040903087,,
0.45,0.65,0.1,10,100,point_rogan_gladen,500,189,311,,,,,0.2988236870310825,0.45165835362520235
0.45,0.65,0.1,10,1000,judgy,500,207,293,0.856655290102389,0.8611519182696918,1.0,0.1903180745662934,,
0.45,0.65,0.1,10,1000,skill,500,207,293,0.9522184300341296,0.9675931356248877,1.0,0.1903180745662934,,
0.45,0.65,0.1,10,1000,repo,500,207,293,0.9453924914675768,0.9691604601857917,1.0,0.1903180745662934,,
0.45,0.65,0.1,10,1000,stratified,500,207,293,0.9215017064846417,0.9546115546616827,1.0,0.1903180745662934,,
0.45,0.65,0.1,10,1000,lang_reiczigel,500,207,293,0.9658703071672355,0.9487613062992005,1.0,0.1903180745662934,,
0.45,0.65,0.1,10,1000,wilson_known,500,207,293,0.09215017064846416,0.172243814206324,0.14918674036214,0.1903180745662934,,
0.45,0.65,0.1,10,1000,point_rogan_gladen,500,207,293,,,,,0.31182650739476664,0.46358029636153597
0.45,0.65,0.1,20,100,judgy,500,150,350,0.8371428571428572,0.8107503460724641,1.0,0.15437142857142858,,
0.45,0.65,0.1,20,100,skill,500,150,350,0.9428571428571428,0.9490304899092449,1.0,0.15437142857142858,,
0.45,0.65,0.1,20,100,repo,500,150,350,0.9542857142857143,0.9630599965518245,1.0,0.15437142857142858,,
0.45,0.65,0.1,20,100,stratified,500,150,350,0.9428571428571428,0.955068430973788,1.0,0.15437142857142858,,
0.45,0.65,0.1,20,100,lang_reiczigel,500,150,350,0.9371428571428572,0.9477529072876363,1.0,0.15437142857142858,,
0.45,0.65,0.1,20,100,wilson_known,500,150,350,0.5971428571428572,0.572137102238465,0.5832625579282431,0.15437142857142858,,
0.45,0.65,0.1,20,100,point_rogan_gladen,500,150,350,,,,,0.28297839620696763,0.45477706447483723
0.45,0.65,0.1,20,1000,judgy,500,150,350,0.9257142857142857,0.8467497568785567,1.0,0.17765285714285714,,
0.45,0.65,0.1,20,1000,skill,500,150,350,0.9714285714285714,0.9705470039608164,1.0,0.17765285714285714,,
0.45,0.65,0.1,20,1000,repo,500,150,350,0.9714285714285714,0.9696942649895842,1.0,0.17765285714285714,,
0.45,0.65,0.1,20,1000,stratified,500,150,350,0.9657142857142857,0.9608106029684601,1.0,0.17765285714285714,,
0.45,0.65,0.1,20,1000,lang_reiczigel,500,150,350,0.9628571428571429,0.9373846468079525,1.0,0.17765285714285714,,
0.45,0.65,0.1,20,1000,wilson_known,500,150,350,0.2714285714285714,0.23605146413138536,0.1984585882750696,0.17765285714285714,,
0.45,0.65,0.1,20,1000,point_rogan_gladen,500,150,350,,,,,0.23241815501958354,0.4042712838780683
0.45,0.65,0.1,50,100,judgy,500,93,407,0.8722358722358723,0.7512174939228214,0.8690160183066362,0.1403931203931204,,
0.45,0.65,0.1,50,100,skill,500,93,407,0.9459459459459459,0.9493982074564314,1.0,0.1403931203931204,,
0.45,0.65,0.1,50,100,repo,500,93,407,0.9877149877149877,0.9769074577147766,1.0,0.1403931203931204,,
0.45,0.65,0.1,50,100,stratified,500,93,407,0.9828009828009828,0.9738241979401738,1.0,0.1403931203931204,,
0.45,0.65,0.1,50,100,lang_reiczigel,500,93,407,0.9754299754299754,0.9624776272415209,1.0,0.1403931203931204,,
0.45,0.65,0.1,50,100,wilson_known,500,93,407,0.7813267813267813,0.7190269316818958,0.8137164623659388,0.1403931203931204,,
0.45,0.65,0.1,50,100,point_rogan_gladen,500,93,407,,,,,0.18887958216166761,0.37862228011615434
0.45,0.65,0.1,50,1000,judgy,500,79,421,0.9429928741092637,0.8044981979211397,0.9258130925138919,0.14680047505938243,,
0.45,0.65,0.1,50,1000,skill,500,79,421,0.9714964370546318,0.9498424363818759,1.0,0.14680047505938243,,
0.45,0.65,0.1,50,1000,repo,500,79,421,0.9762470308788599,0.9539145023656476,1.0,0.14680047505938243,,
0.45,0.65,0.1,50,1000,stratified,500,79,421,0.9714964370546318,0.9474145270834817,1.0,0.14680047505938243,,
0.45,0.65,0.1,50,1000,lang_reiczigel,500,79,421,0.9548693586698337,0.9124717458768675,1.0,0.14680047505938243,,
0.45,0.65,0.1,50,1000,wilson_known,500,79,421,0.37054631828978624,0.27875316104297493,0.24892336057613929,0.14680047505938243,,
0.45,0.65,0.1,50,1000,point_rogan_gladen,500,79,421,,,,,0.1565737471120313,0.3283369802647319
0.45,0.65,0.1,100,100,judgy,500,50,450,0.8266666666666667,0.6401197199949764,0.635986185423544,0.1066411111111111,,
0.45,0.65,0.1,100,100,skill,500,50,450,0.9444444444444444,0.8749338404039534,1.0,0.1066411111111111,,
0.45,0.65,0.1,100,100,repo,500,50,450,0.9822222222222222,0.9557049160067423,1.0,0.1066411111111111,,
0.45,0.65,0.1,100,100,stratified,500,50,450,0.9844444444444445,0.952962906807201,1.0,0.1066411111111111,,
0.45,0.65,0.1,100,100,lang_reiczigel,500,50,450,0.9822222222222222,0.9510650517305304,1.0,0.1066411111111111,,
0.45,0.65,0.1,100,100,wilson_known,500,50,450,0.8822222222222222,0.7691150009005254,0.8899753715960443,0.1066411111111111,,
0.45,0.65,0.1,100,100,point_rogan_gladen,500,50,450,,,,,0.17036692353464092,0.3678384128479061
0.45,0.65,0.1,100,1000,judgy,500,44,456,0.9385964912280702,0.7122708454996528,0.7403306024289061,0.10990021929824562,,
0.45,0.65,0.1,100,1000,skill,500,44,456,0.9649122807017544,0.8976260345819871,1.0,0.10990021929824562,,
0.45,0.65,0.1,100,1000,repo,500,44,456,0.9671052631578947,0.9117154026463097,1.0,0.10990021929824562,,
0.45,0.65,0.1,100,1000,stratified,500,44,456,0.9692982456140351,0.9020935409360488,1.0,0.10990021929824562,,
0.45,0.65,0.1,100,1000,lang_reiczigel,500,44,456,0.9495614035087719,0.8768369187809402,1.0,0.10990021929824562,,
0.45,0.65,0.1,100,1000,wilson_known,500,44,456,0.5043859649122807,0.3368903218490485,0.3127148948921292,0.10990021929824562,,
0.45,0.65,0.1,100,1000,point_rogan_gladen,500,44,456,,,,,0.11335601661793632,0.2760188516631339
0.45,0.65,0.1,200,100,judgy,500,14,486,0.7098765432098766,0.4996006225753631,0.4601888313083097,0.06488065843621399,,
0.45,0.65,0.1,200,100,skill,500,14,486,0.8703703703703703,0.7443736753528495,1.0,0.06488065843621399,,
0.45,0.65,0.1,200,100,repo,500,14,486,0.977366255144033,0.9272682271223854,1.0,0.06488065843621399,,
0.45,0.65,0.1,200,100,stratified,500,14,486,0.9753086419753086,0.9254971829319455,1.0,0.06488065843621399,,
0.45,0.65,0.1,200,100,lang_reiczigel,500,14,486,0.9814814814814815,0.9409939069865151,1.0,0.06488065843621399,,
0.45,0.65,0.1,200,100,wilson_known,500,14,486,0.9238683127572016,0.8153054498157423,0.9568749268846912,0.06488065843621399,,
0.45,0.65,0.1,200,100,point_rogan_gladen,500,14,486,,,,,0.15579298565975547,0.3624048811871573
0.45,0.65,0.1,200,1000,judgy,500,10,490,0.926530612244898,0.6057742170581887,0.5744095334373625,0.06728163265306124,,
0.45,0.65,0.1,200,1000,skill,500,10,490,0.963265306122449,0.7833303526567431,1.0,0.06728163265306124,,
0.45,0.65,0.1,200,1000,repo,500,10,490,0.9816326530612245,0.8169314117870932,1.0,0.06728163265306124,,
0.45,0.65,0.1,200,1000,stratified,500,10,490,0.9836734693877551,0.814106983791165,1.0,0.06728163265306124,,
0.45,0.65,0.1,200,1000,lang_reiczigel,500,10,490,0.9673469387755103,0.8048479258905193,0.8285586415204811,0.06728163265306124,,
0.45,0.65,0.1,200,1000,wilson_known,500,10,490,0.6224489795918368,0.36992850644308195,0.3637210037422509,0.06728163265306124,,
0.45,0.65,0.1,200,1000,point_rogan_gladen,500,10,490,,,,,0.07602783928733943,0.22941843368970405
0.45,0.65,0.3,10,100,judgy,500,205,295,0.8915254237288136,0.8452106896802677,1.0,0.1849799840598265,,
0.45,0.65,0.3,10,100,skill,500,205,295,0.9694915254237289,0.9646537035669434,1.0,0.1849799840598265,,
0.45,0.65,0.3,10,100,repo,500,205,295,0.976271186440678,0.9697931181247564,1.0,0.1849799840598265,,
0.45,0.65,0.3,10,100,stratified,500,205,295,0.9694915254237289,0.961930535377993,1.0,0.1849799840598265,,
0.45,0.65,0.3,10,100,lang_reiczigel,500,205,295,0.9966101694915255,0.9613402993102044,1.0,0.1849799840598265,,
0.45,0.65,0.3,10,100,wilson_known,500,205,295,0.5220338983050847,0.4820334612949825,0.46950272369412194,0.1849799840598265,,
0.45,0.65,0.3,10,100,point_rogan_gladen,500,205,295,,,,,0.13096892655367226,0.3828333271341194
0.45,0.65,0.3,10,1000,judgy,500,224,276,0.8985507246376812,0.8752641292854398,1.0,0.18059095942898987,,
0.45,0.65,0.3,10,1000,skill,500,224,276,0.9637681159420289,0.9562183091988175,1.0,0.18059095942898987,,
0.45,0.65,0.3,10,1000,repo,500,224,276,0.9637681159420289,0.9561768517992207,1.0,0.18059095942898987,,
0.45,0.65,0.3,10,1000,stratified,500,224,276,0.9565217391304348,0.943287135883943,1.0,0.18059095942898987,,
0.45,0.65,0.3,10,1000,lang_reiczigel,500,224,276,0.9818840579710145,0.94288569141792,1.0,0.18059095942898987,,
0.45,0.65,0.3,10,1000,wilson_known,500,224,276,0.15579710144927536,0.17531659643613187,0.15048538597353223,0.18059095942898987,,
0.45,0.65,0.3,10,1000,point_rogan_gladen,500,224,276,,,,,0.1544918909592821,0.3843771131707526
0.45,0.65,0.3,20,100,judgy,500,154,346,0.8497109826589595,0.8081592422976575,1.0,0.17608526011560696,,
0.45,0.65,0.3,20,100,skill,500,154,346,0.9595375722543352,0.9539218700566854,1.0,0.17608526011560696,,
0.45,0.65,0.3,20,100,repo,500,154,346,0.976878612716763,0.9643094716352408,1.0,0.17608526011560696,,
0.45,0.65,0.3,20,100,stratified,500,154,346,0.9710982658959537,0.9596541026410969,1.0,0.17608526011560696,,
0.45,0.65,0.3,20,100,lang_reiczigel,500,154,346,0.9884393063583815,0.9540102909282737,1.0,0.17608526011560696,,
0.45,0.65,0.3,20,100,wilson_known,500,154,346,0.6098265895953757,0.5710922390507401,0.5929142525879432,0.17608526011560696,,
0.45,0.65,0.3,20,100,point_rogan_gladen,500,154,346,,,,,0.1343537563913286,0.40438726264448566
0.45,0.65,0.3,20,1000,judgy,500,143,357,0.9215686274509803,0.8876297798121928,1.0,0.15798039215686274,,
0.45,0.65,0.3,20,1000,skill,500,143,357,0.9607843137254902,0.967427089854073,1.0,0.15798039215686274,,
0.45,0.65,0.3,20,1000,repo,500,143,357,0.9635854341736695,0.9665269308872046,1.0,0.15798039215686274,,
0.45,0.65,0.3,20,1000,stratified,500,143,357,0.9607843137254902,0.9596636638610379,1.0,0.15798039215686274,,
0.45,0.65,0.3,20,1000,lang_reiczigel,500,143,357,0.9775910364145658,0.9450522832011665,1.0,0.15798039215686274,,
0.45,0.65,0.3,20,1000,wilson_known,500,143,357,0.24369747899159663,0.2359477217819928,0.2097823135877739,0.15798039215686274,,
0.45,0.65,0.3,20,1000,point_rogan_gladen,500,143,357,,,,,0.14213357526382733,0.36851320085703765
0.45,0.65,0.3,50,100,judgy,500,73,427,0.819672131147541,0.7603917393676717,0.8700426094622389,0.14757962529274005,,
0.45,0.65,0.3,50,100,skill,500,73,427,0.955503512880562,0.9282265473011342,1.0,0.14757962529274005,,
0.45,0.65,0.3,50,100,repo,500,73,427,0.9929742388758782,0.9615574455691439,1.0,0.14757962529274005,,
0.45,0.65,0.3,50,100,stratified,500,73,427,0.9859484777517564,0.9580751905830653,1.0,0.14757962529274005,,
0.45,0.65,0.3,50,100,lang_reiczigel,500,73,427,0.9953161592505855,0.9543762544363235,1.0,0.14757962529274005,,
0.45,0.65,0.3,50,100,wilson_known,500,73,427,0.7985948477751756,0.7343109050370898,0.8055577793306993,0.14757962529274005,,
0.45,0.65,0.3,50,100,point_rogan_gladen,500,73,427,,,,,0.09926479648376602,0.38988057280735033
0.45,0.65,0.3,50,1000,judgy,500,97,403,0.9280397022332506,0.8354562054697131,0.9599625500801285,0.13329528535980148,,
0.45,0.65,0.3,50,1000,skill,500,97,403,0.9826302729528535,0.9502889268958806,1.0,0.13329528535980148,,
0.45,0.65,0.3,50,1000,repo,500,97,403,0.9875930521091811,0.9559374407198002,1.0,0.13329528535980148,,
0.45,0.65,0.3,50,1000,stratified,500,97,403,0.9801488833746899,0.9491880783895318,1.0,0.13329528535980148,,
0.45,0.65,0.3,50,1000,lang_reiczigel,500,97,403,0.9925558312655087,0.9214516291520513,1.0,0.13329528535980148,,
0.45,0.65,0.3,50,1000,wilson_known,500,97,403,0.3548387096774194,0.31295641393883117,0.28215458469862,0.13329528535980148,,
0.45,0.65,0.3,50,1000,point_rogan_gladen,500,97,403,,,,,0.10281328517571393,0.35880639271407205
0.45,0.65,0.3,100,100,judgy,500,29,471,0.7749469214437368,0.7012820075868067,0.7411410542629936,0.11448619957537155,,
0.45,0.65,0.3,100,100,skill,500,29,471,0.9469214437367304,0.9054701720459989,1.0,0.11448619957537155,,
0.45,0.65,0.3,100,100,repo,500,29,471,0.9893842887473461,0.9647875785025014,1.0,0.11448619957537155,,
0.45,0.65,0.3,100,100,stratified,500,29,471,0.9830148619957537,0.9641839882161524,1.0,0.11448619957537155,,
0.45,0.65,0.3,100,100,lang_reiczigel,500,29,471,0.9936305732484076,0.963967003268191,1.0,0.11448619957537155,,
0.45,0.65,0.3,100,100,wilson_known,500,29,471,0.9065817409766455,0.8350827907709977,0.9799518562779185,0.11448619957537155,,
0.45,0.65,0.3,100,100,point_rogan_gladen,500,29,471,,,,,0.09849138303299129,0.38486551575405925
0.45,0.65,0.3,100,1000,judgy,500,46,454,0.9317180616740088,0.807690336383295,0.9191557215079311,0.0924977973568282,,
0.45,0.65,0.3,100,1000,skill,500,46,454,0.9669603524229075,0.9038226772857587,1.0,0.0924977973568282,,
0.45,0.65,0.3,100,1000,repo,500,46,454,0.9713656387665198,0.9165815421001585,1.0,0.0924977973568282,,
0.45,0.65,0.3,100,1000,stratified,500,46,454,0.9691629955947136,0.9103369436474852,1.0,0.0924977973568282,,
0.45,0.65,0.3,100,1000,lang_reiczigel,500,46,454,0.9801762114537445,0.8778323778507238,0.9848846143172698,0.0924977973568282,,
0.45,0.65,0.3,100,1000,wilson_known,500,46,454,0.539647577092511,0.41934029792278876,0.38020058862752526,0.0924977973568282,,
0.45,0.65,0.3,100,1000,point_rogan_gladen,500,46,454,,,,,0.05568166546209589,0.2966649993253797
0.45,0.65,0.3,200,100,judgy,500,7,493,0.6085192697768763,0.5454173129190828,0.5635487589639786,0.06215212981744422,,
0.45,0.65,0.3,200,100,skill,500,7,493,0.8154158215010142,0.7609587230032685,0.9147886223191557,0.06215212981744422,,
0.45,0.65,0.3,200,100,repo,500,7,493,0.9797160243407708,0.9421888378243257,1.0,0.06215212981744422,,
0.45,0.65,0.3,200,100,stratified,500,7,493,0.9776876267748479,0.9392817740116082,1.0,0.06215212981744422,,
0.45,0.65,0.3,200,100,lang_reiczigel,500,7,493,0.9898580121703854,0.9521664507287206,1.0,0.06215212981744422,,
0.45,0.65,0.3,200,100,wilson_known,500,7,493,0.8945233265720081,0.834115946490991,0.99390004672008,0.06215212981744422,,
0.45,0.65,0.3,200,100,point_rogan_gladen,500,7,493,,,,,0.06586101928868636,0.35996654976259845
0.45,0.65,0.3,200,1000,judgy,500,12,488,0.9241803278688525,0.7406576251950894,0.7502083797968413,0.06302561475409836,,
0.45,0.65,0.3,200,1000,skill,500,12,488,0.9610655737704918,0.8436245876867047,1.0,0.06302561475409836,,
0.45,0.65,0.3,200,1000,repo,500,12,488,0.985655737704918,0.8812063370030396,1.0,0.06302561475409836,,
0.45,0.65,0.3,200,1000,stratified,500,12,488,0.9836065573770492,0.8794197396605543,1.0,0.06302561475409836,,
0.45,0.65,0.3,200,1000,lang_reiczigel,500,12,488,0.9897540983606558,0.8452747490579966,0.8907654880925366,0.06302561475409836,,
0.45,0.65,0.3,200,1000,wilson_known,500,12,488,0.6844262295081968,0.47849836086352715,0.4542585161939128,0.06302561475409836,,
0.45,0.65,0.3,200,1000,point_rogan_gladen,500,12,488,,,,,0.029160427698972664,0.26342625357737065
0.45,0.65,0.5,10,100,judgy,500,212,288,0.9201388888888888,0.8632060445495893,1.0,0.18527113904174308,,
0.45,0.65,0.5,10,100,skill,500,212,288,0.9791666666666666,0.9690483699525474,1.0,0.18527113904174308,,
0.45,0.65,0.5,10,100,repo,500,212,288,0.9826388888888888,0.9731289374989563,1.0,0.18527113904174308,,
0.45,0.65,0.5,10,100,stratified,500,212,288,0.9826388888888888,0.9686015590553352,1.0,0.18527113904174308,,
0.45,0.65,0.5,10,100,lang_reiczigel,500,212,288,0.9965277777777778,0.9718043391223227,1.0,0.18527113904174308,,
0.45,0.65,0.5,10,100,wilson_known,500,212,288,0.5694444444444444,0.500478398439592,0.4795154006829342,0.18527113904174308,,
0.45,0.65,0.5,10,100,point_rogan_gladen,500,212,288,,,,,0.008691302910052833,0.3612877203636327
0.45,0.65,0.5,10,1000,judgy,500,208,292,0.9486301369863014,0.8900419970300429,1.0,0.17949726489957307,,
0.45,0.65,0.5,10,1000,skill,500,208,292,0.9691780821917808,0.9594281917935983,1.0,0.17949726489957307,,
0.45,0.65,0.5,10,1000,repo,500,208,292,0.9726027397260274,0.9605041870586697,1.0,0.17949726489957307,,
0.45,0.65,0.5,10,1000,stratified,500,208,292,0.9726027397260274,0.9503448759241139,1.0,0.17949726489957307,,
0.45,0.65,0.5,10,1000,lang_reiczigel,500,208,292,0.9931506849315068,0.9567598889505509,1.0,0.17949726489957307,,
0.45,0.65,0.5,10,1000,wilson_known,500,208,292,0.17465753424657535,0.17587749285082754,0.15345793268396218,0.17949726489957307,,
0.45,0.65,0.5,10,1000,point_rogan_gladen,500,208,292,,,,,0.04894846705805603,0.37045592200382343
0.45,0.65,0.5,20,100,judgy,500,152,348,0.9195402298850575,0.8633507592400026,1.0,0.1738433908045977,,
0.45,0.65,0.5,20,100,skill,500,152,348,0.985632183908046,0.967378721822054,1.0,0.1738433908045977,,
0.45,0.65,0.5,20,100,repo,500,152,348,0.9913793103448276,0.977063143859118,1.0,0.1738433908045977,,
0.45,0.65,0.5,20,100,stratified,500,152,348,0.9913793103448276,0.9715284269729312,1.0,0.1738433908045977,,
0.45,0.65,0.5,20,100,lang_reiczigel,500,152,348,0.9913793103448276,0.9630026770474215,1.0,0.1738433908045977,,
0.45,0.65,0.5,20,100,wilson_known,500,152,348,0.7270114942528736,0.6320193507544305,0.6449360176974857,0.1738433908045977,,
0.45,0.65,0.5,20,100,point_rogan_gladen,500,152,348,,,,,-0.01709807433945366,0.36718445161429286
0.45,0.65,0.5,20,1000,judgy,500,159,341,0.8944281524926686,0.8708294557261208,1.0,0.16694428152492669,,
0.45,0.65,0.5,20,1000,skill,500,159,341,0.9824046920821115,0.967054628076766,1.0,0.16694428152492669,,
0.45,0.65,0.5,20,1000,repo,500,159,341,0.9853372434017595,0.9685426835023768,1.0,0.16694428152492669,,
0.45,0.65,0.5,20,1000,stratified,500,159,341,0.9765395894428153,0.9571056546296649,1.0,0.16694428152492669,,
0.45,0.65,0.5,20,1000,lang_reiczigel,500,159,341,1.0,0.943659626837199,1.0,0.16694428152492669,,
0.45,0.65,0.5,20,1000,wilson_known,500,159,341,0.3284457478005865,0.24896781018215094,0.20375231097053448,0.16694428152492669,,
0.45,0.65,0.5,20,1000,point_rogan_gladen,500,159,341,,,,,0.017201228878648143,0.35793327239754397
0.45,0.65,0.5,50,100,judgy,500,85,415,0.8265060240963855,0.7879106557909036,0.9136467741935484,0.14752289156626505,,
0.45,0.65,0.5,50,100,skill,500,85,415,0.9710843373493976,0.9426595243399201,1.0,0.14752289156626505,,
0.45,0.65,0.5,50,100,repo,500,85,415,0.9783132530120482,0.9708088536841573,1.0,0.14752289156626505,,
0.45,0.65,0.5,50,100,stratified,500,85,415,0.9783132530120482,0.9679149393020959,1.0,0.14752289156626505,,
0.45,0.65,0.5,50,100,lang_reiczigel,500,85,415,0.9951807228915662,0.9662071780013087,1.0,0.14752289156626505,,
0.45,0.65,0.5,50,100,wilson_known,500,85,415,0.8240963855421687,0.7550845560894623,0.8372778351556012,0.14752289156626505,,
0.45,0.65,0.5,50,100,point_rogan_gladen,500,85,415,,,,,0.029305037414953793,0.3714029967720997
0.45,0.65,0.5,50,1000,judgy,500,96,404,0.9282178217821783,0.8597299085348674,1.0,0.14523143564356436,,
0.45,0.65,0.5,50,1000,skill,500,96,404,0.9900990099009901,0.9504241739692132,1.0,0.14523143564356436,,
0.45,0.65,0.5,50,1000,repo,500,96,404,0.995049504950495,0.9559301826506624,1.0,0.14523143564356436,,
0.45,0.65,0.5,50,1000,stratified,500,96,404,0.9900990099009901,0.9506545386652417,1.0,0.14523143564356436,,
0.45,0.65,0.5,50,1000,lang_reiczigel,500,96,404,0.9975247524752475,0.9289496357949559,1.0,0.14523143564356436,,
0.45,0.65,0.5,50,1000,wilson_known,500,96,404,0.4752475247524752,0.3795172316445906,0.33716710824593166,0.14523143564356436,,
0.45,0.65,0.5,50,1000,point_rogan_gladen,500,96,404,,,,,0.00653632914398409,0.3319927043052446
0.45,0.65,0.5,100,100,judgy,500,38,462,0.7705627705627706,0.7095370732262638,0.7443494712585892,0.10360064935064936,,
0.45,0.65,0.5,100,100,skill,500,38,462,0.9329004329004329,0.8956784009573552,1.0,0.10360064935064936,,
0.45,0.65,0.5,100,100,repo,500,38,462,0.9848484848484849,0.9652060613949706,1.0,0.10360064935064936,,
0.45,0.65,0.5,100,100,stratified,500,38,462,0.9848484848484849,0.9640123599042432,1.0,0.10360064935064936,,
0.45,0.65,0.5,100,100,lang_reiczigel,500,38,462,0.9956709956709957,0.9640560439481256,1.0,0.10360064935064936,,
0.45,0.65,0.5,100,100,wilson_known,500,38,462,0.9134199134199135,0.8333696392719209,0.9601703514265101,0.10360064935064936,,
0.45,0.65,0.5,100,100,point_rogan_gladen,500,38,462,,,,,-0.017862152682962817,0.37258419038902146
0.45,0.65,0.5,100,1000,judgy,500,31,469,0.9189765458422174,0.8412030846439911,0.9495661141360554,0.10556503198294244,,
0.45,0.65,0.5,100,1000,skill,500,31,469,0.9808102345415778,0.9177768748709786,1.0,0.10556503198294244,,
0.45,0.65,0.5,100,1000,repo,500,31,469,0.9914712153518124,0.9341058996695569,1.0,0.10556503198294244,,
0.45,0.65,0.5,100,1000,stratified,500,31,469,0.9893390191897654,0.9277404121415564,1.0,0.10556503198294244,,
0.45,0.65,0.5,100,1000,lang_reiczigel,500,31,469,1.0,0.8949797250259118,1.0,0.10556503198294244,,
0.45,0.65,0.5,100,1000,wilson_known,500,31,469,0.582089552238806,0.4300247829738873,0.4015851662999236,0.10556503198294244,,
0.45,0.65,0.5,100,1000,point_rogan_gladen,500,31,469,,,,,-0.01952287993125268,0.3152392831144025
0.45,0.65,0.5,200,100,judgy,500,10,490,0.6326530612244898,0.6102382767281519,0.6119596495793956,0.06491836734693877,,
0.45,0.65,0.5,200,100,skill,500,10,490,0.8163265306122449,0.7921438991187664,1.0,0.06491836734693877,,
0.45,0.65,0.5,200,100,repo,500,10,490,0.9836734693877551,0.9556751195762379,1.0,0.06491836734693877,,
0.45,0.65,0.5,200,100,stratified,500,10,490,0.9836734693877551,0.9561684825868838,1.0,0.06491836734693877,,
0.45,0.65,0.5,200,100,lang_reiczigel,500,10,490,0.9938775510204082,0.9636064427246313,1.0,0.06491836734693877,,
0.45,0.65,0.5,200,100,wilson_known,500,10,490,0.9346938775510204,0.8744436090958699,1.0,0.06491836734693877,,
0.45,0.65,0.5,200,100,point_rogan_gladen,500,10,490,,,,,-0.032781380734610496,0.37533782227208123
0.45,0.65,0.5,200,1000,judgy,500,10,490,0.8918367346938776,0.7751794842253842,0.790315555196675,0.06428571428571428,,
0.45,0.65,0.5,200,1000,skill,500,10,490,0.9530612244897959,0.8586097214783538,1.0,0.06428571428571428,,
0.45,0.65,0.5,200,1000,repo,500,10,490,0.9816326530612245,0.8981327799283041,1.0,0.06428571428571428,,
0.45,0.65,0.5,200,1000,stratified,500,10,490,0.9795918367346939,0.8938808031870417,1.0,0.06428571428571428,,
0.45,0.65,0.5,200,1000,lang_reiczigel,500,10,490,1.0,0.8606703739262844,0.8986954412318462,0.06428571428571428,,
0.45,0.65,0.5,200,1000,wilson_known,500,10,490,0.6857142857142857,0.5079495846525615,0.482233037714316,0.06428571428571428,,
0.45,0.65,0.5,200,1000,point_rogan_gladen,500,10,490,,,,,0.004617945863572764,0.2916541970976373
0.45,0.65,0.7,10,100,judgy,500,205,295,0.9084745762711864,0.859807913047301,1.0,0.17828856886070155,,
0.45,0.65,0.7,10,100,skill,500,205,295,0.976271186440678,0.9711905187444384,1.0,0.17828856886070155,,
0.45,0.65,0.7,10,100,repo,500,205,295,0.9796610169491525,0.9740142713202565,1.0,0.17828856886070155,,
0.45,0.65,0.7,10,100,stratified,500,205,295,0.9694915254237289,0.9641641175679311,1.0,0.17828856886070155,,
0.45,0.65,0.7,10,100,lang_reiczigel,500,205,295,0.9694915254237289,0.9656359489666576,1.0,0.17828856886070155,,
0.45,0.65,0.7,10,100,wilson_known,500,205,295,0.5016949152542373,0.48366938780040925,0.4762827981669394,0.17828856886070155,,
0.45,0.65,0.7,10,100,point_rogan_gladen,500,205,295,,,,,-0.15779903147699761,0.4001665760134911
0.45,0.65,0.7,10,1000,judgy,500,194,306,0.9150326797385621,0.8656353799756082,1.0,0.1934640522875817,,
0.45,0.65,0.7,10,1000,skill,500,194,306,0.9803921568627451,0.967682170613257,1.0,0.1934640522875817,,
0.45,0.65,0.7,10,1000,repo,500,194,306,0.9803921568627451,0.9669507529436285,1.0,0.1934640522875817,,
0.45,0.65,0.7,10,1000,stratified,500,194,306,0.9640522875816994,0.9594713160727255,1.0,0.1934640522875817,,
0.45,0.65,0.7,10,1000,lang_reiczigel,500,194,306,0.9640522875816994,0.9608456867121629,1.0,0.1934640522875817,,
0.45,0.65,0.7,10,1000,wilson_known,500,194,306,0.19281045751633988,0.16267437821434194,0.1523283942291015,0.1934640522875817,,
0.45,0.65,0.7,10,1000,point_rogan_gladen,500,194,306,,,,,-0.11203197945845006,0.3885772473440178
0.45,0.65,0.7,20,100,judgy,500,158,342,0.9035087719298246,0.8347388923607053,1.0,0.16769152046783625,,
0.45,0.65,0.7,20,100,skill,500,158,342,0.9824561403508771,0.9552213516207606,1.0,0.16769152046783625,,
0.45,0.65,0.7,20,100,repo,500,158,342,0.9912280701754386,0.9698002160210338,1.0,0.16769152046783625,,
0.45,0.65,0.7,20,100,stratified,500,158,342,0.9883040935672515,0.9628569737366176,1.0,0.16769152046783625,,
0.45,0.65,0.7,20,100,lang_reiczigel,500,158,342,0.9912280701754386,0.9561252365838243,1.0,0.16769152046783625,,
0.45,0.65,0.7,20,100,wilson_known,500,158,342,0.6695906432748538,0.606591056428231,0.5838828789550803,0.16769152046783625,,
0.45,0.65,0.7,20,100,point_rogan_gladen,500,158,342,,,,,-0.1249700218559867,0.3810641306395986
0.45,0.65,0.7,20,1000,judgy,500,162,338,0.9497041420118343,0.872540103873721,1.0,0.17562869822485205,,
0.45,0.65,0.7,20,1000,skill,500,162,338,0.985207100591716,0.9643859831930184,1.0,0.17562869822485205,,
0.45,0.65,0.7,20,1000,repo,500,162,338,0.985207100591716,0.9669783522805827,1.0,0.17562869822485205,,
0.45,0.65,0.7,20,1000,stratified,500,162,338,0.985207100591716,0.9576050257154766,1.0,0.17562869822485205,,
0.45,0.65,0.7,20,1000,lang_reiczigel,500,162,338,0.9792899408284024,0.9486372660198249,1.0,0.17562869822485205,,
0.45,0.65,0.7,20,1000,wilson_known,500,162,338,0.2781065088757396,0.23799716080737893,0.20423692765163384,0.17562869822485205,,
0.45,0.65,0.7,20,1000,point_rogan_gladen,500,162,338,,,,,-0.06963546069315305,0.3359605660742331
0.45,0.65,0.7,50,100,judgy,500,87,413,0.8305084745762712,0.7775869208603245,0.9001315789473684,0.15017675544794187,,
0.45,0.65,0.7,50,100,skill,500,87,413,0.9830508474576272,0.9566002318910364,1.0,0.15017675544794187,,
0.45,0.65,0.7,50,100,repo,500,87,413,0.9951573849878934,0.9830880696740961,1.0,0.15017675544794187,,
0.45,0.65,0.7,50,100,stratified,500,87,413,0.9927360774818402,0.9799385454606714,1.0,0.15017675544794187,,
0.45,0.65,0.7,50,100,lang_reiczigel,500,87,413,0.9927360774818402,0.9762214182851281,1.0,0.15017675544794187,,
0.45,0.65,0.7,50,100,wilson_known,500,87,413,0.8208232445520581,0.7482594213749487,0.8266701475889897,0.15017675544794187,,
0.45,0.65,0.7,50,100,point_rogan_gladen,500,87,413,,,,,-0.11993019324596023,0.3942448676828988
0.45,0.65,0.7,50,1000,judgy,500,79,421,0.9382422802850356,0.8666981196240026,1.0,0.15298693586698336,,
0.45,0.65,0.7,50,1000,skill,500,79,421,0.9857482185273159,0.9672839961095171,1.0,0.15298693586698336,,
0.45,0.65,0.7,50,1000,repo,500,79,421,0.9904988123515439,0.9710819353228511,1.0,0.15298693586698336,,
0.45,0.65,0.7,50,1000,stratified,500,79,421,0.9904988123515439,0.9667612569987298,1.0,0.15298693586698336,,
0.45,0.65,0.7,50,1000,lang_reiczigel,500,79,421,0.9857482185273159,0.9478729377645584,1.0,0.15298693586698336,,
0.45,0.65,0.7,50,1000,wilson_known,500,79,421,0.4180522565320665,0.35635180506744984,0.3343851986039494,0.15298693586698336,,
0.45,0.65,0.7,50,1000,point_rogan_gladen,500,79,421,,,,,-0.09595974283477526,0.3390181859782825
0.45,0.65,0.7,100,100,judgy,500,47,453,0.7924944812362031,0.7144821397655773,0.7839628409090905,0.11644039735099339,,
0.45,0.65,0.7,100,100,skill,500,47,453,0.9381898454746137,0.8966369127718092,1.0,0.11644039735099339,,
0.45,0.65,0.7,100,100,repo,500,47,453,0.9867549668874173,0.9698452916779764,1.0,0.11644039735099339,,
0.45,0.65,0.7,100,100,stratified,500,47,453,0.9845474613686535,0.9652209969811826,1.0,0.11644039735099339,,
0.45,0.65,0.7,100,100,lang_reiczigel,500,47,453,0.9889624724061811,0.966472609022568,1.0,0.11644039735099339,,
0.45,0.65,0.7,100,100,wilson_known,500,47,453,0.8984547461368654,0.8339376968675942,0.9846150321991185,0.11644039735099339,,
0.45,0.65,0.7,100,100,point_rogan_gladen,500,47,453,,,,,-0.11281161269032168,0.39448485525068594
0.45,0.65,0.7,100,1000,judgy,500,42,458,0.9126637554585153,0.8181268733681648,0.9416802931698993,0.10786790393013099,,
0.45,0.65,0.7,100,1000,skill,500,42,458,0.9672489082969432,0.916297124183327,1.0,0.10786790393013099,,
0.45,0.65,0.7,100,1000,repo,500,42,458,0.9716157205240175,0.9280093648568074,1.0,0.10786790393013099,,
0.45,0.65,0.7,100,1000,stratified,500,42,458,0.9650655021834061,0.9253892710838473,1.0,0.10786790393013099,,
0.45,0.65,0.7,100,1000,lang_reiczigel,500,42,458,0.9672489082969432,0.9024891684265992,1.0,0.10786790393013099,,
0.45,0.65,0.7,100,1000,wilson_known,500,42,458,0.5458515283842795,0.41559491504586965,0.382154837849059,0.10786790393013099,,
0.45,0.65,0.7,100,1000,point_rogan_gladen,500,42,458,,,,,-0.08025995775108842,0.32045974562623564
0.45,0.65,0.7,200,100,judgy,500,8,492,0.6585365853658537,0.5812389129526927,0.5869823042877061,0.060275406504065036,,
0.45,0.65,0.7,200,100,skill,500,8,492,0.8434959349593496,0.7777923167264157,0.9938779069767443,0.060275406504065036,,
0.45,0.65,0.7,200,100,repo,500,8,492,0.9817073170731707,0.9480866471709467,1.0,0.060275406504065036,,
0.45,0.65,0.7,200,100,stratified,500,8,492,0.9796747967479674,0.9455043685951177,1.0,0.060275406504065036,,
0.45,0.65,0.7,200,100,lang_reiczigel,500,8,492,0.9898373983739838,0.9591827913761587,1.0,0.060275406504065036,,
0.45,0.65,0.7,200,100,wilson_known,500,8,492,0.9186991869918699,0.8503610605092223,1.0,0.060275406504065036,,
0.45,0.65,0.7,200,100,point_rogan_gladen,500,8,492,,,,,-0.08502656171704522,0.36492644753743475
0.45,0.65,0.7,200,1000,judgy,500,13,487,0.917864476386037,0.7320603716530446,0.7429646342140158,0.06233162217659138,,
0.45,0.65,0.7,200,1000,skill,500,13,487,0.971252566735113,0.8392173980301143,1.0,0.06233162217659138,,
0.45,0.65,0.7,200,1000,repo,500,13,487,0.9835728952772074,0.8783599979828004,1.0,0.06233162217659138,,
0.45,0.65,0.7,200,1000,stratified,500,13,487,0.9815195071868583,0.8758572021730756,1.0,0.06233162217659138,,
0.45,0.65,0.7,200,1000,lang_reiczigel,500,13,487,0.9856262833675564,0.8497068578507155,0.8783600223284496,0.06233162217659138,,
0.45,0.65,0.7,200,1000,wilson_known,500,13,487,0.7002053388090349,0.47798334712857776,0.45093869190207214,0.06233162217659138,,
0.45,0.65,0.7,200,1000,point_rogan_gladen,500,13,487,,,,,-0.03709402810803776,0.2660196860075314
0.45,0.65,0.9,10,100,judgy,500,210,290,0.8655172413793103,0.8241035955429581,0.997689180107527,0.18220344827586207,,
0.45,0.65,0.9,10,100,skill,500,210,290,0.9517241379310345,0.9497554472262802,1.0,0.18220344827586207,,
0.45,0.65,0.9,10,100,repo,500,210,290,0.9517241379310345,0.9571997339134806,1.0,0.18220344827586207,,
0.45,0.65,0.9,10,100,stratified,500,210,290,0.9413793103448276,0.9490250923645321,1.0,0.18220344827586207,,
0.45,0.65,0.9,10,100,lang_reiczigel,500,210,290,0.9172413793103448,0.9571527421675075,1.0,0.18220344827586207,,
0.45,0.65,0.9,10,100,wilson_known,500,210,290,0.5103448275862069,0.47696618897382403,0.4529935678377057,0.18220344827586207,,
0.45,0.65,0.9,10,100,point_rogan_gladen,500,210,290,,,,,-0.26057471264367826,0.43633085710070696
0.45,0.65,0.9,10,1000,judgy,500,224,276,0.9456521739130435,0.8678891873992205,1.0,0.19900852690838175,,
0.45,0.65,0.9,10,1000,skill,500,224,276,0.9818840579710145,0.9689970323198861,1.0,0.19900852690838175,,
0.45,0.65,0.9,10,1000,repo,500,224,276,0.9855072463768116,0.9689913736398359,1.0,0.19900852690838175,,
0.45,0.65,0.9,10,1000,stratified,500,224,276,0.9818840579710145,0.9613866574649182,1.0,0.19900852690838175,,
0.45,0.65,0.9,10,1000,lang_reiczigel,500,224,276,0.9384057971014492,0.9638948071240673,1.0,0.19900852690838175,,
0.45,0.65,0.9,10,1000,wilson_known,500,224,276,0.09057971014492754,0.17572445787507257,0.15340446982469114,0.19900852690838175,,
0.45,0.65,0.9,10,1000,point_rogan_gladen,500,224,276,,,,,-0.29245807453416156,0.447829940579009
0.45,0.65,0.9,20,100,judgy,500,165,335,0.8656716417910447,0.7959913556045686,0.9529602272727278,0.17549850746268658,,
0.45,0.65,0.9,20,100,skill,500,165,335,0.9761194029850746,0.9684497364515567,1.0,0.17549850746268658,,
0.45,0.65,0.9,20,100,repo,500,165,335,0.9850746268656716,0.9790236256874425,1.0,0.17549850746268658,,
0.45,0.65,0.9,20,100,stratified,500,165,335,0.982089552238806,0.9735741449678017,1.0,0.17549850746268658,,
0.45,0.65,0.9,20,100,lang_reiczigel,500,165,335,0.9582089552238806,0.9700668050058586,1.0,0.17549850746268658,,
0.45,0.65,0.9,20,100,wilson_known,500,165,335,0.6507462686567164,0.5706095803837705,0.5767992043981888,0.17549850746268658,,
0.45,0.65,0.9,20,100,point_rogan_gladen,500,165,335,,,,,-0.25468277659322436,0.4433117308446192
0.45,0.65,0.9,20,1000,judgy,500,154,346,0.9161849710982659,0.8529357233992131,1.0,0.16620520231213876,,
0.45,0.65,0.9,20,1000,skill,500,154,346,0.9624277456647399,0.9638765601671682,1.0,0.16620520231213876,,
0.45,0.65,0.9,20,1000,repo,500,154,346,0.9624277456647399,0.967022999273391,1.0,0.16620520231213876,,
0.45,0.65,0.9,20,1000,stratified,500,154,346,0.9595375722543352,0.9577281918065879,1.0,0.16620520231213876,,
0.45,0.65,0.9,20,1000,lang_reiczigel,500,154,346,0.9190751445086706,0.9468797339505516,1.0,0.16620520231213876,,
0.45,0.65,0.9,20,1000,wilson_known,500,154,346,0.2398843930635838,0.2292039753919241,0.20456559277488418,0.16620520231213876,,
0.45,0.65,0.9,20,1000,point_rogan_gladen,500,154,346,,,,,-0.2652402993602416,0.4284884394180273
0.45,0.65,0.9,50,100,judgy,500,90,410,0.8536585365853658,0.7105478225263255,0.7807926072607252,0.1324682926829268,,
0.45,0.65,0.9,50,100,skill,500,90,410,0.9585365853658536,0.9327787010605011,1.0,0.1324682926829268,,
0.45,0.65,0.9,50,100,repo,500,90,410,0.9780487804878049,0.963456398293593,1.0,0.1324682926829268,,
0.45,0.65,0.9,50,100,stratified,500,90,410,0.9780487804878049,0.9593463320312601,1.0,0.1324682926829268,,
0.45,0.65,0.9,50,100,lang_reiczigel,500,90,410,0.9682926829268292,0.9566153364482061,1.0,0.1324682926829268,,
0.45,0.65,0.9,50,100,wilson_known,500,90,410,0.7731707317073171,0.6766643368920966,0.7470105084112411,0.1324682926829268,,
0.45,0.65,0.9,50,100,point_rogan_gladen,500,90,410,,,,,-0.19896051610990642,0.38879676234929367
0.45,0.65,0.9,50,1000,judgy,500,76,424,0.9528301886792453,0.819024692589121,0.9779962203676829,0.1450448113207547,,
0.45,0.65,0.9,50,1000,skill,500,76,424,0.9787735849056604,0.9502076486244696,1.0,0.1450448113207547,,
0.45,0.65,0.9,50,1000,repo,500,76,424,0.9834905660377359,0.9567508793857706,1.0,0.1450448113207547,,
0.45,0.65,0.9,50,1000,stratified,500,76,424,0.9764150943396226,0.9506616265298287,1.0,0.1450448113207547,,
0.45,0.65,0.9,50,1000,lang_reiczigel,500,76,424,0.9481132075471698,0.9348008903213728,1.0,0.1450448113207547,,
0.45,0.65,0.9,50,1000,wilson_known,500,76,424,0.3608490566037736,0.3075969728173401,0.2785442167644902,0.1450448113207547,,
0.45,0.65,0.9,50,1000,point_rogan_gladen,500,76,424,,,,,-0.18113343993147704,0.3414882377246891
0.45,0.65,0.9,100,100,judgy,500,45,455,0.832967032967033,0.6526235389723548,0.6715673280208165,0.11681538461538461,,
0.45,0.65,0.9,100,100,skill,500,45,455,0.9516483516483516,0.883428931518586,1.0,0.11681538461538461,,
0.45,0.65,0.9,100,100,repo,500,45,455,0.989010989010989,0.957721632429066,1.0,0.11681538461538461,,
0.45,0.65,0.9,100,100,stratified,500,45,455,0.9912087912087912,0.9557799062383858,1.0,0.11681538461538461,,
0.45,0.65,0.9,100,100,lang_reiczigel,500,45,455,0.9846153846153847,0.9607228621315643,1.0,0.11681538461538461,,
0.45,0.65,0.9,100,100,wilson_known,500,45,455,0.8835164835164835,0.7804885206623823,0.9042613078890664,0.11681538461538461,,
0.45,0.65,0.9,100,100,point_rogan_gladen,500,45,455,,,,,-0.17295729015658556,0.37171777768145053
0.45,0.65,0.9,100,1000,judgy,500,48,452,0.9292035398230089,0.7247912315146358,0.7689589261729385,0.10455199115044247,,
0.45,0.65,0.9,100,1000,skill,500,48,452,0.9690265486725663,0.9056060009429356,1.0,0.10455199115044247,,
0.45,0.65,0.9,100,1000,repo,500,48,452,0.9756637168141593,0.9189124989033646,1.0,0.10455199115044247,,
0.45,0.65,0.9,100,1000,stratified,500,48,452,0.9712389380530974,0.91254017068492,1.0,0.10455199115044247,,
0.45,0.65,0.9,100,1000,lang_reiczigel,500,48,452,0.9358407079646017,0.8932709902032647,1.0,0.10455199115044247,,
0.45,0.65,0.9,100,1000,wilson_known,500,48,452,0.4911504424778761,0.34092531870370274,0.33379094565599093,0.10455199115044247,,
0.45,0.65,0.9,100,1000,point_rogan_gladen,500,48,452,,,,,-0.1351397072829645,0.29976530306048293
0.45,0.65,0.9,200,100,judgy,500,20,480,0.7,0.5116420746071542,0.4967462176739161,0.059388541666666655,,
0.45,0.65,0.9,200,100,skill,500,20,480,0.8604166666666667,0.7547375620986152,0.9946773731425456,0.059388541666666655,,
0.45,0.65,0.9,200,100,repo,500,20,480,0.9791666666666666,0.9338178864305736,1.0,0.059388541666666655,,
0.45,0.65,0.9,200,100,stratified,500,20,480,0.975,0.9293741610070368,1.0,0.059388541666666655,,
0.45,0.65,0.9,200,100,lang_reiczigel,500,20,480,0.98125,0.948773063199237,1.0,0.059388541666666655,,
0.45,0.65,0.9,200,100,wilson_known,500,20,480,0.89375,0.7876350077179607,0.9250923902975832,0.059388541666666655,,
0.45,0.65,0.9,200,100,point_rogan_gladen,500,20,480,,,,,-0.1809300924368286,0.37850082091193216
0.45,0.65,0.9,200,1000,judgy,500,8,492,0.9247967479674797,0.574022246282844,0.5303747315970716,0.06100101626016259,,
0.45,0.65,0.9,200,1000,skill,500,8,492,0.9654471544715447,0.7801528305255991,1.0,0.06100101626016259,,
0.45,0.65,0.9,200,1000,repo,500,8,492,0.9735772357723578,0.8134940958296693,1.0,0.06100101626016259,,
0.45,0.65,0.9,200,1000,stratified,500,8,492,0.9776422764227642,0.8079509068525647,1.0,0.06100101626016259,,
0.45,0.65,0.9,200,1000,lang_reiczigel,500,8,492,0.9552845528455285,0.8141095589180327,0.8451627850858903,0.06100101626016259,,
0.45,0.65,0.9,200,1000,wilson_known,500,8,492,0.6382113821138211,0.3516444375045194,0.34733708895731286,0.06100101626016259,,
0.45,0.65,0.9,200,1000,point_rogan_gladen,500,8,492,,,,,-0.07910542869858272,0.2357065324617429
0.45,0.8,0.1,10,100,judgy,500,59,441,0.8684807256235828,0.740119172173796,0.7975,0.13032879818594104,,
0.45,0.8,0.1,10,100,skill,500,59,441,0.8820861678004536,0.8935355793533902,1.0,0.13032879818594104,,
0.45,0.8,0.1,10,100,repo,500,59,441,0.8843537414965986,0.9058577164255509,1.0,0.13032879818594104,,
0.45,0.8,0.1,10,100,stratified,500,59,441,0.8843537414965986,0.8874279370478348,1.0,0.13032879818594104,,
0.45,0.8,0.1,10,100,lang_reiczigel,500,59,441,0.9931972789115646,0.8654713594182329,1.0,0.13032879818594104,,
0.45,0.8,0.1,10,100,wilson_known,500,59,441,0.4671201814058957,0.3543672317248849,0.33932581968878095,0.13032879818594104,,
0.45,0.8,0.1,10,100,point_rogan_gladen,500,59,441,,,,,0.14722465176546817,0.31820084351300504
0.45,0.8,0.1,10,1000,judgy,500,84,416,0.8653846153846154,0.7490031017378793,0.7315233918128653,0.1171973324402586,,
0.45,0.8,0.1,10,1000,skill,500,84,416,0.8653846153846154,0.8741767527956325,1.0,0.1171973324402586,,
0.45,0.8,0.1,10,1000,repo,500,84,416,0.8653846153846154,0.8746328945537455,1.0,0.1171973324402586,,
0.45,0.8,0.1,10,1000,stratified,500,84,416,0.8653846153846154,0.8408567138373778,1.0,0.1171973324402586,,
0.45,0.8,0.1,10,1000,lang_reiczigel,500,84,416,1.0,0.8081762937058925,0.901676015242263,0.1171973324402586,,
0.45,0.8,0.1,10,1000,wilson_known,500,84,416,0.25961538461538464,0.12663360963093415,0.11550135532114872,0.1171973324402586,,
0.45,0.8,0.1,10,1000,point_rogan_gladen,500,84,416,,,,,0.14980122481684993,0.2985799626395977
0.45,0.8,0.1,20,100,judgy,500,26,474,0.890295358649789,0.6561508236411111,0.6554272093479969,0.08249050632911392,,
0.45,0.8,0.1,20,100,skill,500,26,474,0.9219409282700421,0.8241914191570254,1.0,0.08249050632911392,,
0.45,0.8,0.1,20,100,repo,500,26,474,0.9535864978902954,0.8620783875140169,1.0,0.08249050632911392,,
0.45,0.8,0.1,20,100,stratified,500,26,474,0.9451476793248945,0.8462653506830721,1.0,0.08249050632911392,,
0.45,0.8,0.1,20,100,lang_reiczigel,500,26,474,0.9767932489451476,0.809648664883374,0.8645062162404039,0.08249050632911392,,
0.45,0.8,0.1,20,100,wilson_known,500,26,474,0.6160337552742616,0.4162862109765167,0.4075606774091948,0.08249050632911392,,
0.45,0.8,0.1,20,100,point_rogan_gladen,500,26,474,,,,,0.10243226885631954,0.25619051510045054
0.45,0.8,0.1,20,1000,judgy,500,34,466,0.9055793991416309,0.6827861614116005,0.6875793621700883,0.08071244635193132,,
0.45,0.8,0.1,20,1000,skill,500,34,466,0.9163090128755365,0.8400508677258045,1.0,0.08071244635193132,,
0.45,0.8,0.1,20,1000,repo,500,34,466,0.9141630901287554,0.8412500118913626,1.0,0.08071244635193132,,
0.45,0.8,0.1,20,1000,stratified,500,34,466,0.9120171673819742,0.817928019142594,1.0,0.08071244635193132,,
0.45,0.8,0.1,20,1000,lang_reiczigel,500,34,466,0.9699570815450643,0.754329351329724,0.7441636763806532,0.08071244635193132,,
0.45,0.8,0.1,20,1000,wilson_known,500,34,466,0.24034334763948498,0.1330528246788526,0.1303661629740316,0.08071244635193132,,
0.45,0.8,0.1,20,1000,point_rogan_gladen,500,34,466,,,,,0.09938036403272463,0.23892139408796761
0.45,0.8,0.1,50,100,judgy,500,0,500,0.87,0.46447056138686205,0.4323715340387161,0.031731999999999996,,
0.45,0.8,0.1,50,100,skill,500,0,500,0.902,0.6015544857025584,0.5319277498239776,0.031731999999999996,,
0.45,0.8,0.1,50,100,repo,500,0,500,0.958,0.7151140377287037,0.7321214228139528,0.031731999999999996,,
0.45,0.8,0.1,50,100,stratified,500,0,500,0.958,0.7001746064878502,0.7030208333333329,0.031731999999999996,,
0.45,0.8,0.1,50,100,lang_reiczigel,500,0,500,0.966,0.6993838538165221,0.6752761478108502,0.031731999999999996,,
0.45,0.8,0.1,50,100,wilson_known,500,0,500,0.782,0.4399282770211318,0.443245691617229,0.031731999999999996,,
0.45,0.8,0.1,50,100,point_rogan_gladen,500,0,500,,,,,0.05564833472664949,0.18678916440491256
0.45,0.8,0.1,50,1000,judgy,500,0,500,0.962,0.473269316034095,0.43095301092816585,0.025113999999999997,,
0.45,0.8,0.1,50,1000,skill,500,0,500,0.976,0.591537133826405,0.5016978294800623,0.025113999999999997,,
0.45,0.8,0.1,50,1000,repo,500,0,500,0.978,0.6082807937812231,0.5187842595649071,0.025113999999999997,,
0.45,0.8,0.1,50,1000,stratified,500,0,500,0.978,0.5918930879411934,0.5115624999999997,0.025113999999999997,,
0.45,0.8,0.1,50,1000,lang_reiczigel,500,0,500,0.98,0.5732605004401061,0.5179773720116484,0.025113999999999997,,
0.45,0.8,0.1,50,1000,wilson_known,500,0,500,0.37,0.1415342018815192,0.14667135682762622,0.025113999999999997,,
0.45,0.8,0.1,50,1000,point_rogan_gladen,500,0,500,,,,,0.03346331649671655,0.13740248954110354
0.45,0.8,0.1,100,100,judgy,500,0,500,0.794,0.3408817418363319,0.33344435101161196,0.002837,,
0.45,0.8,0.1,100,100,skill,500,0,500,0.806,0.36148021382576584,0.3453050852381486,0.002837,,
0.45,0.8,0.1,100,100,repo,500,0,500,0.946,0.5521812838170851,0.5311459914785858,0.002837,,
0.45,0.8,0.1,100,100,stratified,500,0,500,0.946,0.5477000454912241,0.5323177083333328,0.002837,,
0.45,0.8,0.1,100,100,lang_reiczigel,500,0,500,0.972,0.5854525944249926,0.5742056575694893,0.002837,,
0.45,0.8,0.1,100,100,wilson_known,500,0,500,0.858,0.4522655929757223,0.45961024042178933,0.002837,,
0.45,0.8,0.1,100,100,point_rogan_gladen,500,0,500,,,,,0.04564828802382185,0.17042005393576934
0.45,0.8,0.1,100,1000,judgy,500,0,500,0.914,0.345322674671552,0.33679218638706376,0.0027240000000000007,,
0.45,0.8,0.1,100,1000,skill,500,0,500,0.926,0.36953902727006016,0.3453189601988851,0.0027240000000000007,,
0.45,0.8,0.1,100,1000,repo,500,0,500,0.948,0.39482856377707365,0.3714363358210848,0.0027240000000000007,,
0.45,0.8,0.1,100,1000,stratified,500,0,500,0.944,0.38971804282755,0.366620547008194,0.0027240000000000007,,
0.45,0.8,0.1,100,1000,lang_reiczigel,500,0,500,0.954,0.41060574557849533,0.3925374544255966,0.0027240000000000007,,
0.45,0.8,0.1,100,1000,wilson_known,500,0,500,0.504,0.15358407330975762,0.1661369628921725,0.0027240000000000007,,
0.45,0.8,0.1,100,1000,point_rogan_gladen,500,0,500,,,,,0.024461130019429383,0.11546468735145678
0.45,0.8,0.1,200,100,judgy,500,0,500,0.706,0.25826435956159083,0.27196294472943805,1.8e-05,,
0.45,0.8,0.1,200,100,skill,500,0,500,0.712,0.25902720467388574,0.2716764471626713,1.8e-05,,
0.45,0.8,0.1,200,100,repo,500,0,500,0.952,0.4960336466941434,0.4882430865417786,1.8e-05,,
0.45,0.8,0.1,200,100,stratified,500,0,500,0.952,0.49707979307204214,0.48447181171319115,1.8e-05,,
0.45,0.8,0.1,200,100,lang_reiczigel,500,0,500,0.966,0.5278043914777295,0.5177743754298908,1.8e-05,,
0.45,0.8,0.1,200,100,wilson_known,500,0,500,0.924,0.46683339728687145,0.46426484829841275,1.8e-05,,
0.45,0.8,0.1,200,100,point_rogan_gladen,500,0,500,,,,,0.04463145665707933,0.15347256043867866
0.45,0.8,0.1,200,1000,judgy,500,0,500,0.924,0.25976809126732425,0.2662488861121065,7.5e-05,,
0.45,0.8,0.1,200,1000,skill,500,0,500,0.918,0.2600659079618902,0.2685115224775888,7.5e-05,,
0.45,0.8,0.1,200,1000,repo,500,0,500,0.946,0.2920651532997688,0.29875672520439334,7.5e-05,,
0.45,0.8,0.1,200,1000,stratified,500,0,500,0.942,0.2914030798245324,0.2963451243707046,7.5e-05,,
0.45,0.8,0.1,200,1000,lang_reiczigel,500,0,500,0.96,0.31406886943085816,0.3181720008885586,7.5e-05,,
0.45,0.8,0.1,200,1000,wilson_known,500,0,500,0.62,0.1562392917445261,0.17457985127095335,7.5e-05,,
0.45,0.8,0.1,200,1000,point_rogan_gladen,500,0,500,,,,,0.00629933243473017,0.09485520271102829
0.45,0.8,0.3,10,100,judgy,500,85,415,0.8168674698795181,0.7844572807329524,0.8700000000000003,0.12631107421180468,,
0.45,0.8,0.3,10,100,skill,500,85,415,0.8626506024096385,0.8759902823358614,1.0,0.12631107421180468,,
0.45,0.8,0.3,10,100,repo,500,85,415,0.9012048192771084,0.890689979762902,1.0,0.12631107421180468,,
0.45,0.8,0.3,10,100,stratified,500,85,415,0.8987951807228916,0.8696540447504303,1.0,0.12631107421180468,,
0.45,0.8,0.3,10,100,lang_reiczigel,500,85,415,0.9975903614457832,0.8784051150671222,1.0,0.12631107421180468,,
0.45,0.8,0.3,10,100,wilson_known,500,85,415,0.5277108433734939,0.4315099050333867,0.38894226895321815,0.12631107421180468,,
0.45,0.8,0.3,10,100,point_rogan_gladen,500,85,415,,,,,0.1068648881239243,0.341313564007933
0.45,0.8,0.3,10,1000,judgy,500,73,427,0.8594847775175644,0.8188543825257028,0.9559883928571427,0.12560187353629976,,
0.45,0.8,0.3,10,1000,skill,500,73,427,0.8782201405152225,0.9065325017968444,1.0,0.12560187353629976,,
0.45,0.8,0.3,10,1000,repo,500,73,427,0.8852459016393442,0.9079951958193891,1.0,0.12560187353629976,,
0.45,0.8,0.3,10,1000,stratified,500,73,427,0.882903981264637,0.8887394288316419,1.0,0.12560187353629976,,
0.45,0.8,0.3,10,1000,lang_reiczigel,500,73,427,0.9976580796252927,0.8727909009221356,0.9983245354360545,0.12560187353629976,,
0.45,0.8,0.3,10,1000,wilson_known,500,73,427,0.2154566744730679,0.14415771222680812,0.13770626947934742,0.12560187353629976,,
0.45,0.8,0.3,10,1000,point_rogan_gladen,500,73,427,,,,,0.0479471116315379,0.3024932317723152
0.45,0.8,0.3,20,100,judgy,500,32,468,0.8824786324786325,0.7627320247464322,0.8040422791279496,0.08476923076923076,,
0.45,0.8,0.3,20,100,skill,500,32,468,0.9423076923076923,0.877548012622044,1.0,0.08476923076923076,,
0.45,0.8,0.3,20,100,repo,500,32,468,0.9700854700854701,0.9066512357200064,1.0,0.08476923076923076,,
0.45,0.8,0.3,20,100,stratified,500,32,468,0.9722222222222222,0.8907599506451317,1.0,0.08476923076923076,,
0.45,0.8,0.3,20,100,lang_reiczigel,500,32,468,0.9893162393162394,0.8594062809512849,0.9580115016824058,0.08476923076923076,,
0.45,0.8,0.3,20,100,wilson_known,500,32,468,0.7115384615384616,0.5130463969991927,0.49566695710671277,0.08476923076923076,,
0.45,0.8,0.3,20,100,point_rogan_gladen,500,32,468,,,,,0.02906138377292228,0.28298875099890614
0.45,0.8,0.3,20,1000,judgy,500,31,469,0.9189765458422174,0.7994041936201363,0.8700735347651982,0.0863326226012793,,
0.45,0.8,0.3,20,1000,skill,500,31,469,0.9530916844349681,0.891102507172897,1.0,0.0863326226012793,,
0.45,0.8,0.3,20,1000,repo,500,31,469,0.9616204690831557,0.8938353825519739,1.0,0.0863326226012793,,
0.45,0.8,0.3,20,1000,stratified,500,31,469,0.9509594882729211,0.8706890317952668,1.0,0.0863326226012793,,
0.45,0.8,0.3,20,1000,lang_reiczigel,500,31,469,0.9957356076759062,0.8185881526773833,0.8563509765294657,0.0863326226012793,,
0.45,0.8,0.3,20,1000,wilson_known,500,31,469,0.2878464818763326,0.18904731509490383,0.17286128091381858,0.0863326226012793,,
0.45,0.8,0.3,20,1000,point_rogan_gladen,500,31,469,,,,,0.041367570004030595,0.2718890523584761
0.45,0.8,0.3,50,100,judgy,500,4,496,0.8205645161290323,0.6097334100585603,0.5938364652959061,0.022555443548387098,,
0.45,0.8,0.3,50,100,skill,500,4,496,0.8588709677419355,0.6761223106080421,0.6540467165551996,0.022555443548387098,,
0.45,0.8,0.3,50,100,repo,500,4,496,0.9536290322580645,0.798063677518619,0.8569643840429124,0.022555443548387098,,
0.45,0.8,0.3,50,100,stratified,500,4,496,0.9435483870967742,0.7923012940430384,0.8427383814102556,0.022555443548387098,,
0.45,0.8,0.3,50,100,lang_reiczigel,500,4,496,0.9778225806451613,0.773851269927433,0.7726549759910903,0.022555443548387098,,
0.45,0.8,0.3,50,100,wilson_known,500,4,496,0.8145161290322581,0.5739834171822467,0.5666104209619199,0.022555443548387098,,
0.45,0.8,0.3,50,100,point_rogan_gladen,500,4,496,,,,,0.013940357386276185,0.2485079576484897
0.45,0.8,0.3,50,1000,judgy,500,3,497,0.9215291750503019,0.668862193502017,0.6304403787878781,0.026077464788732393,,
0.45,0.8,0.3,50,1000,skill,500,3,497,0.9436619718309859,0.7285673839686037,0.6919334319526625,0.026077464788732393,,
0.45,0.8,0.3,50,1000,repo,500,3,497,0.9577464788732394,0.7443554888715804,0.7184559232582179,0.026077464788732393,,
0.45,0.8,0.3,50,1000,stratified,500,3,497,0.9537223340040242,0.7351529393804995,0.7076623376623375,0.026077464788732393,,
0.45,0.8,0.3,50,1000,lang_reiczigel,500,3,497,0.9798792756539235,0.6726538380209178,0.6318585248174657,0.026077464788732393,,
0.45,0.8,0.3,50,1000,wilson_known,500,3,497,0.43661971830985913,0.22244834336053707,0.20098765112953998,0.026077464788732393,,
0.45,0.8,0.3,50,1000,point_rogan_gladen,500,3,497,,,,,0.011796388470222059,0.19618181386691838
0.45,0.8,0.3,100,100,judgy,500,0,500,0.738,0.475306756098218,0.4537268587895931,0.002649,,
0.45,0.8,0.3,100,100,skill,500,0,500,0.75,0.49158245558241354,0.45842559974775143,0.002649,,
0.45,0.8,0.3,100,100,repo,500,0,500,0.956,0.721456962388012,0.7239890812303913,0.002649,,
0.45,0.8,0.3,100,100,stratified,500,0,500,0.956,0.7204011771489326,0.7241379310344825,0.002649,,
0.45,0.8,0.3,100,100,lang_reiczigel,500,0,500,0.984,0.7140988920634789,0.7077729280426572,0.002649,,
0.45,0.8,0.3,100,100,wilson_known,500,0,500,0.892,0.5947639802760012,0.5896656446137962,0.002649,,
0.45,0.8,0.3,100,100,point_rogan_gladen,500,0,500,,,,,0.007514168923946613,0.21203531608181161
0.45,0.8,0.3,100,1000,judgy,500,0,500,0.91,0.49863158242306854,0.4695380657241019,0.002298,,
0.45,0.8,0.3,100,1000,skill,500,0,500,0.912,0.5147887482423331,0.4765110666888074,0.002298,,
0.45,0.8,0.3,100,1000,repo,500,0,500,0.94,0.5504917363235756,0.5120133030737922,0.002298,,
0.45,0.8,0.3,100,1000,stratified,500,0,500,0.942,0.5449374197470715,0.5111272938662645,0.002298,,
0.45,0.8,0.3,100,1000,lang_reiczigel,500,0,500,0.974,0.5158976999330711,0.4926816298011308,0.002298,,
0.45,0.8,0.3,100,1000,wilson_known,500,0,500,0.528,0.21628544915198467,0.21037490977837092,0.002298,,
0.45,0.8,0.3,100,1000,point_rogan_gladen,500,0,500,,,,,-0.0038244516558103396,0.1555961302418426
0.45,0.8,0.3,200,100,judgy,500,0,500,0.626,0.3464659934927214,0.340638265056985,0.00010600000000000002,,
0.45,0.8,0.3,200,100,skill,500,0,500,0.628,0.34745089443059207,0.34097226353802407,0.00010600000000000002,,
0.45,0.8,0.3,200,100,repo,500,0,500,0.948,0.6705600660178309,0.6671027137420581,0.00010600000000000002,,
0.45,0.8,0.3,200,100,stratified,500,0,500,0.948,0.6695360318520674,0.666666666666667,0.00010600000000000002,,
0.45,0.8,0.3,200,100,lang_reiczigel,500,0,500,0.96,0.6718464691018683,0.6668656339464185,0.00010600000000000002,,
0.45,0.8,0.3,200,100,wilson_known,500,0,500,0.92,0.6080959830355243,0.6078837932687012,0.00010600000000000002,,
0.45,0.8,0.3,200,100,point_rogan_gladen,500,0,500,,,,,0.006772898037307355,0.18936042502671832
0.45,0.8,0.3,200,1000,judgy,500,0,500,0.884,0.37160413206495574,0.35954685155947474,3.9e-05,,
0.45,0.8,0.3,200,1000,skill,500,0,500,0.88,0.3716802233960522,0.3601593866207338,3.9e-05,,
0.45,0.8,0.3,200,1000,repo,500,0,500,0.932,0.4289949393591029,0.4165972894741026,3.9e-05,,
0.45,0.8,0.3,200,1000,stratified,500,0,500,0.934,0.4290968279017569,0.4161067157232395,3.9e-05,,
0.45,0.8,0.3,200,1000,lang_reiczigel,500,0,500,0.958,0.4152859217458375,0.40357428488177605,3.9e-05,,
0.45,0.8,0.3,200,1000,wilson_known,500,0,500,0.666,0.22505502904721278,0.21551205360955955,3.9e-05,,
0.45,0.8,0.3,200,1000,point_rogan_gladen,500,0,500,,,,,-0.004301958649143249,0.11895334245210008
0.45,0.8,0.5,10,100,judgy,500,77,423,0.9243498817966903,0.8205057688288938,0.9428571428571431,0.12065143032509161,,
0.45,0.8,0.5,10,100,skill,500,77,423,0.9432624113475178,0.898301156108867,1.0,0.12065143032509161,,
0.45,0.8,0.5,10,100,repo,500,77,423,0.9692671394799054,0.911797113593493,1.0,0.12065143032509161,,
0.45,0.8,0.5,10,100,stratified,500,77,423,0.9716312056737588,0.8979302788097115,1.0,0.12065143032509161,,
0.45,0.8,0.5,10,100,lang_reiczigel,500,77,423,0.9905437352245863,0.9122255334056788,1.0,0.12065143032509161,,
0.45,0.8,0.5,10,100,wilson_known,500,77,423,0.5862884160756501,0.4612697331123593,0.4290633154592167,0.12065143032509161,,
0.45,0.8,0.5,10,100,point_rogan_gladen,500,77,423,,,,,0.011214867349619136,0.3225413885243638
0.45,0.8,0.5,10,1000,judgy,500,79,421,0.9334916864608076,0.8465869635655368,0.9891818181818188,0.13404565525042808,,
0.45,0.8,0.5,10,1000,skill,500,79,421,0.9524940617577197,0.9217447053048001,1.0,0.13404565525042808,,
0.45,0.8,0.5,10,1000,repo,500,79,421,0.9548693586698337,0.9224649971594288,1.0,0.13404565525042808,,
0.45,0.8,0.5,10,1000,stratified,500,79,421,0.9477434679334917,0.9105923198733176,1.0,0.13404565525042808,,
0.45,0.8,0.5,10,1000,lang_reiczigel,500,79,421,0.9904988123515439,0.9149287113272646,1.0,0.13404565525042808,,
0.45,0.8,0.5,10,1000,wilson_known,500,79,421,0.23515439429928742,0.16447113449163497,0.14502362270174596,0.13404565525042808,,
0.45,0.8,0.5,10,1000,point_rogan_gladen,500,79,421,,,,,0.022883497341929585,0.3198183719390635
0.45,0.8,0.5,20,100,judgy,500,31,469,0.9104477611940298,0.7768706230142017,0.7921888167134833,0.07723454157782515,,
0.45,0.8,0.5,20,100,skill,500,31,469,0.9552238805970149,0.8684308379824563,1.0,0.07723454157782515,,
0.45,0.8,0.5,20,100,repo,500,31,469,0.9722814498933902,0.9070764976168012,1.0,0.07723454157782515,,
0.45,0.8,0.5,20,100,stratified,500,31,469,0.9658848614072495,0.8947930755148317,1.0,0.07723454157782515,,
0.45,0.8,0.5,20,100,lang_reiczigel,500,31,469,0.9872068230277186,0.8870568970195587,0.9841325545464622,0.07723454157782515,,
0.45,0.8,0.5,20,100,wilson_known,500,31,469,0.6993603411513859,0.5269549767493767,0.5098959573460958,0.07723454157782515,,
0.45,0.8,0.5,20,100,point_rogan_gladen,500,31,469,,,,,0.02963418008194128,0.3054688386222261
0.45,0.8,0.5,20,1000,judgy,500,33,467,0.9379014989293362,0.8196261939394569,0.8872794919632607,0.08514132762312633,,
0.45,0.8,0.5,20,1000,skill,500,33,467,0.9678800856531049,0.8917200131121331,1.0,0.08514132762312633,,
0.45,0.8,0.5,20,1000,repo,500,33,467,0.974304068522484,0.8952412903140042,1.0,0.08514132762312633,,
0.45,0.8,0.5,20,1000,stratified,500,33,467,0.9721627408993576,0.8791183282953523,1.0,0.08514132762312633,,
0.45,0.8,0.5,20,1000,lang_reiczigel,500,33,467,0.9914346895074947,0.8611071333679655,0.956457769771945,0.08514132762312633,,
0.45,0.8,0.5,20,1000,wilson_known,500,33,467,0.291220556745182,0.21372434963990058,0.19211306206224393,0.08514132762312633,,
0.45,0.8,0.5,20,1000,point_rogan_gladen,500,33,467,,,,,0.008412663234933044,0.2875344615380789
0.45,0.8,0.5,50,100,judgy,500,0,500,0.816,0.6603919556851845,0.6436312647894679,0.023619,,
0.45,0.8,0.5,50,100,skill,500,0,500,0.886,0.7215541944506608,0.7039194164615206,0.023619,,
0.45,0.8,0.5,50,100,repo,500,0,500,0.974,0.8526193696954526,0.9201024475937025,0.023619,,
0.45,0.8,0.5,50,100,stratified,500,0,500,0.974,0.8448822022574213,0.8999999999999999,0.023619,,
0.45,0.8,0.5,50,100,lang_reiczigel,500,0,500,0.99,0.8265072931578045,0.8392309744404199,0.023619,,
0.45,0.8,0.5,50,100,wilson_known,500,0,500,0.838,0.6113767961498717,0.5991562996802792,0.023619,,
0.45,0.8,0.5,50,100,point_rogan_gladen,500,0,500,,,,,0.009556836541474116,0.26999253696535874
0.45,0.8,0.5,50,1000,judgy,500,3,497,0.9396378269617707,0.7433173379495959,0.7287271825396822,0.030680080482897384,,
0.45,0.8,0.5,50,1000,skill,500,3,497,0.9496981891348089,0.7794532292679228,0.7914193548387116,0.030680080482897384,,
0.45,0.8,0.5,50,1000,repo,500,3,497,0.9557344064386318,0.7948836064070867,0.804384124347414,0.030680080482897384,,
0.45,0.8,0.5,50,1000,stratified,500,3,497,0.959758551307847,0.7866792703185153,0.7891618104118109,0.030680080482897384,,
0.45,0.8,0.5,50,1000,lang_reiczigel,500,3,497,0.9758551307847082,0.7354627571709679,0.7176452086121095,0.030680080482897384,,
0.45,0.8,0.5,50,1000,wilson_known,500,3,497,0.4688128772635815,0.24753440951007197,0.22110802279461128,0.030680080482897384,,
0.45,0.8,0.5,50,1000,point_rogan_gladen,500,3,497,,,,,0.0053164268348395455,0.2246072169874597
0.45,0.8,0.5,100,100,judgy,500,1,499,0.7294589178356713,0.5315452050236672,0.512384528441137,0.004085170340681362,,
0.45,0.8,0.5,100,100,skill,500,1,499,0.7474949899799599,0.5485333848195363,0.5200434782608692,0.004085170340681362,,
0.45,0.8,0.5,100,100,repo,500,1,499,0.9559118236472945,0.7854564807195139,0.7805567895870085,0.004085170340681362,,
0.45,0.8,0.5,100,100,stratified,500,1,499,0.9579158316633266,0.7856599798902263,0.7778645833333331,0.004085170340681362,,
0.45,0.8,0.5,100,100,lang_reiczigel,500,1,499,0.9839679358717435,0.7740803519731183,0.7678495881024747,0.004085170340681362,,
0.45,0.8,0.5,100,100,wilson_known,500,1,499,0.9038076152304609,0.6478232550296681,0.6425312406938871,0.004085170340681362,,
0.45,0.8,0.5,100,100,point_rogan_gladen,500,1,499,,,,,0.01821588678508581,0.23527128343514475
0.45,0.8,0.5,100,1000,judgy,500,0,500,0.926,0.5813975046332095,0.553817665544659,0.0030789999999999997,,
0.45,0.8,0.5,100,1000,skill,500,0,500,0.932,0.5906136543936193,0.5544681573675849,0.0030789999999999997,,
0.45,0.8,0.5,100,1000,repo,500,0,500,0.952,0.6311145226937512,0.5986321196043671,0.0030789999999999997,,
0.45,0.8,0.5,100,1000,stratified,500,0,500,0.95,0.626157661155473,0.5981498015873014,0.0030789999999999997,,
0.45,0.8,0.5,100,1000,lang_reiczigel,500,0,500,0.974,0.5807127938074398,0.5580845338662643,0.0030789999999999997,,
0.45,0.8,0.5,100,1000,wilson_known,500,0,500,0.576,0.24330961269762555,0.22546405104007125,0.0030789999999999997,,
0.45,0.8,0.5,100,1000,point_rogan_gladen,500,0,500,,,,,0.0054898593619271355,0.1572652307074825
0.45,0.8,0.5,200,100,judgy,500,0,500,0.626,0.3875821219956819,0.3778432515767277,0.000165,,
0.45,0.8,0.5,200,100,skill,500,0,500,0.634,0.39002474111646734,0.37865964234219607,0.000165,,
0.45,0.8,0.5,200,100,repo,500,0,500,0.948,0.7493505545959263,0.7514240547955751,0.000165,,
0.45,0.8,0.5,200,100,stratified,500,0,500,0.954,0.7481614501410973,0.7501029014844808,0.000165,,
0.45,0.8,0.5,200,100,lang_reiczigel,500,0,500,0.966,0.7361484223686983,0.7373792414486408,0.000165,,
0.45,0.8,0.5,200,100,wilson_known,500,0,500,0.936,0.6640171721701185,0.6640272853791718,0.000165,,
0.45,0.8,0.5,200,100,point_rogan_gladen,500,0,500,,,,,0.005888555772365995,0.20877377761078458
0.45,0.8,0.5,200,1000,judgy,500,0,500,0.904,0.40725683772788895,0.39125632407014455,4.3e-05,,
0.45,0.8,0.5,200,1000,skill,500,0,500,0.906,0.4079952181280141,0.3891374622217465,4.3e-05,,
0.45,0.8,0.5,200,1000,repo,500,0,500,0.954,0.47861979494195156,0.45804138134291617,4.3e-05,,
0.45,0.8,0.5,200,1000,stratified,500,0,500,0.956,0.47768291591970996,0.4599536655344915,4.3e-05,,
0.45,0.8,0.5,200,1000,lang_reiczigel,500,0,500,0.97,0.4485668298998037,0.434622519557591,4.3e-05,,
0.45,0.8,0.5,200,1000,wilson_known,500,0,500,0.72,0.24197243212901248,0.2315765227917681,4.3e-05,,
0.45,0.8,0.5,200,1000,point_rogan_gladen,500,0,500,,,,,0.0006290602676874966,0.11524782096289492
0.45,0.8,0.7,10,100,judgy,500,82,418,0.9210526315789473,0.7937688985484616,0.8470947752565396,0.13159538920177793,,
0.45,0.8,0.7,10,100,skill,500,82,418,0.9641148325358851,0.9081984331660339,1.0,0.13159538920177793,,
0.45,0.8,0.7,10,100,repo,500,82,418,0.9688995215311005,0.9227994184976834,1.0,0.13159538920177793,,
0.45,0.8,0.7,10,100,stratified,500,82,418,0.9617224880382775,0.9091936469962785,1.0,0.13159538920177793,,
0.45,0.8,0.7,10,100,lang_reiczigel,500,82,418,0.9641148325358851,0.9310141627203594,1.0,0.13159538920177793,,
0.45,0.8,0.7,10,100,wilson_known,500,82,418,0.5406698564593302,0.42217868861904423,0.38430314206091043,0.13159538920177793,,
0.45,0.8,0.7,10,100,point_rogan_gladen,500,82,418,,,,,-0.0658151059466849,0.3214596432961938
0.45,0.8,0.7,10,1000,judgy,500,82,418,0.9617224880382775,0.802504832424157,0.8401714285714288,0.12977272727272726,,
0.45,0.8,0.7,10,1000,skill,500,82,418,0.9760765550239234,0.9043746362870606,1.0,0.12977272727272726,,
0.45,0.8,0.7,10,1000,repo,500,82,418,0.9808612440191388,0.9051853265698967,1.0,0.12977272727272726,,
0.45,0.8,0.7,10,1000,stratified,500,82,418,0.9760765550239234,0.8865977336807929,1.0,0.12977272727272726,,
0.45,0.8,0.7,10,1000,lang_reiczigel,500,82,418,0.9760765550239234,0.9203905703318229,1.0,0.12977272727272726,,
0.45,0.8,0.7,10,1000,wilson_known,500,82,418,0.20334928229665072,0.15511162183277472,0.14837114602551774,0.12977272727272726,,
0.45,0.8,0.7,10,1000,point_rogan_gladen,500,82,418,,,,,-0.05320218159033954,0.30596894003461456
0.45,0.8,0.7,20,100,judgy,500,29,471,0.9150743099787686,0.7499938905705498,0.7609999999999998,0.08308811040339702,,
0.45,0.8,0.7,20,100,skill,500,29,471,0.9575371549893843,0.8610465333403666,1.0,0.08308811040339702,,
0.45,0.8,0.7,20,100,repo,500,29,471,0.9723991507430998,0.9000307195954528,1.0,0.08308811040339702,,
0.45,0.8,0.7,20,100,stratified,500,29,471,0.970276008492569,0.8873060985222609,1.0,0.08308811040339702,,
0.45,0.8,0.7,20,100,lang_reiczigel,500,29,471,0.9617834394904459,0.8936417841892377,0.9790273950921562,0.08308811040339702,,
0.45,0.8,0.7,20,100,wilson_known,500,29,471,0.6815286624203821,0.5027610993565951,0.49147478073272244,0.08308811040339702,,
0.45,0.8,0.7,20,100,point_rogan_gladen,500,29,471,,,,,-0.04340654038106265,0.2973351256302793
0.45,0.8,0.7,20,1000,judgy,500,29,471,0.9554140127388535,0.7639379018034715,0.772564705882353,0.08023248407643312,,
0.45,0.8,0.7,20,1000,skill,500,29,471,0.9830148619957537,0.875416602846593,1.0,0.08023248407643312,,
0.45,0.8,0.7,20,1000,repo,500,29,471,0.9851380042462845,0.8777510084119529,1.0,0.08023248407643312,,
0.45,0.8,0.7,20,1000,stratified,500,29,471,0.9851380042462845,0.8606185029842041,1.0,0.08023248407643312,,
0.45,0.8,0.7,20,1000,lang_reiczigel,500,29,471,0.9639065817409767,0.8630896092615283,0.9353003459478976,0.08023248407643312,,
0.45,0.8,0.7,20,1000,wilson_known,500,29,471,0.28662420382165604,0.18187872861402105,0.171154574729791,0.08023248407643312,,
0.45,0.8,0.7,20,1000,point_rogan_gladen,500,29,471,,,,,-0.0105411737354412,0.25234094580727345
0.45,0.8,0.7,50,100,judgy,500,3,497,0.8571428571428571,0.6143736033157425,0.598724795640327,0.02672132796780684,,
0.45,0.8,0.7,50,100,skill,500,3,497,0.9114688128772636,0.6896065478089467,0.6661994791666668,0.02672132796780684,,
0.45,0.8,0.7,50,100,repo,500,3,497,0.9818913480885312,0.8133697256473894,0.8596436366889315,0.02672132796780684,,
0.45,0.8,0.7,50,100,stratified,500,3,497,0.9798792756539235,0.8080469161015028,0.8500735294117647,0.02672132796780684,,
0.45,0.8,0.7,50,100,lang_reiczigel,500,3,497,0.9798792756539235,0.8184051537360518,0.8279726071284821,0.02672132796780684,,
0.45,0.8,0.7,50,100,wilson_known,500,3,497,0.8410462776659959,0.5712308817983198,0.5666104209619205,0.02672132796780684,,
0.45,0.8,0.7,50,100,point_rogan_gladen,500,3,497,,,,,-0.005521028108134013,0.2428219257993924
0.45,0.8,0.7,50,1000,judgy,500,5,495,0.9373737373737374,0.6347229171807812,0.6048933909287249,0.02184949494949495,,
0.45,0.8,0.7,50,1000,skill,500,5,495,0.9636363636363636,0.7019814953611305,0.6694583333333333,0.02184949494949495,,
0.45,0.8,0.7,50,1000,repo,500,5,495,0.9777777777777777,0.7183359159368942,0.6921403629107693,0.02184949494949495,,
0.45,0.8,0.7,50,1000,stratified,500,5,495,0.9717171717171718,0.7072704982829685,0.6821481092436976,0.02184949494949495,,
0.45,0.8,0.7,50,1000,lang_reiczigel,500,5,495,0.9494949494949495,0.707099172337691,0.6842127148766192,0.02184949494949495,,
0.45,0.8,0.7,50,1000,wilson_known,500,5,495,0.43434343434343436,0.2075696232227495,0.20098318982131103,0.02184949494949495,,
0.45,0.8,0.7,50,1000,point_rogan_gladen,500,5,495,,,,,-0.0022865275237905673,0.19578299381238043
0.45,0.8,0.7,100,100,judgy,500,0,500,0.762,0.4738163651664091,0.4672227690175674,0.0024640000000000005,,
0.45,0.8,0.7,100,100,skill,500,0,500,0.778,0.4896098087608617,0.474310227130678,0.0024640000000000005,,
0.45,0.8,0.7,100,100,repo,500,0,500,0.958,0.7248779989662569,0.7198490197232897,0.0024640000000000005,,
0.45,0.8,0.7,100,100,stratified,500,0,500,0.962,0.722739177202073,0.7242907197648574,0.0024640000000000005,,
0.45,0.8,0.7,100,100,lang_reiczigel,500,0,500,0.972,0.7358260484059266,0.7307499179158184,0.0024640000000000005,,
0.45,0.8,0.7,100,100,wilson_known,500,0,500,0.89,0.5815927117411646,0.5908321414498783,0.0024640000000000005,,
0.45,0.8,0.7,100,100,point_rogan_gladen,500,0,500,,,,,-0.003868647381812375,0.22939173070056595
0.45,0.8,0.7,100,1000,judgy,500,0,500,0.932,0.5186514685692837,0.5023622985047975,0.0034969999999999997,,
0.45,0.8,0.7,100,1000,skill,500,0,500,0.938,0.5325003324551337,0.5070131667049604,0.0034969999999999997,,
0.45,0.8,0.7,100,1000,repo,500,0,500,0.95,0.5656154959964996,0.5401056508614304,0.0034969999999999997,,
0.45,0.8,0.7,100,1000,stratified,500,0,500,0.958,0.5609983708768186,0.5377328783524905,0.0034969999999999997,,
0.45,0.8,0.7,100,1000,lang_reiczigel,500,0,500,0.958,0.5750763696476612,0.5597773772944699,0.0034969999999999997,,
0.45,0.8,0.7,100,1000,wilson_known,500,0,500,0.566,0.23010502129263152,0.22938727601111114,0.0034969999999999997,,
0.45,0.8,0.7,100,1000,point_rogan_gladen,500,0,500,,,,,0.009848519170733535,0.15648524954304213
0.45,0.8,0.7,200,100,judgy,500,0,500,0.638,0.35649489932759704,0.36119628729441244,2.9e-05,,
0.45,0.8,0.7,200,100,skill,500,0,500,0.634,0.35657187700461745,0.36170549975015065,2.9e-05,,
0.45,0.8,0.7,200,100,repo,500,0,500,0.95,0.6703362061279438,0.6810317671179489,2.9e-05,,
0.45,0.8,0.7,200,100,stratified,500,0,500,0.954,0.6693454594764204,0.6736975351313426,2.9e-05,,
0.45,0.8,0.7,200,100,lang_reiczigel,500,0,500,0.964,0.6715059883296316,0.6758069070077268,2.9e-05,,
0.45,0.8,0.7,200,100,wilson_known,500,0,500,0.914,0.5924472185834179,0.6027661323603115,2.9e-05,,
0.45,0.8,0.7,200,100,point_rogan_gladen,500,0,500,,,,,0.002082589632058214,0.19661594516365818
0.45,0.8,0.7,200,1000,judgy,500,0,500,0.918,0.40108087894046207,0.39226397038175953,2.4e-05,,
0.45,0.8,0.7,200,1000,skill,500,0,500,0.91,0.400825851949239,0.3921013402801422,2.4e-05,,
0.45,0.8,0.7,200,1000,repo,500,0,500,0.946,0.4526050348842638,0.4443778070609974,2.4e-05,,
0.45,0.8,0.7,200,1000,stratified,500,0,500,0.946,0.4525073648652026,0.44452468240626175,2.4e-05,,
0.45,0.8,0.7,200,1000,lang_reiczigel,500,0,500,0.956,0.4531479078315541,0.4448887873082271,2.4e-05,,
0.45,0.8,0.7,200,1000,wilson_known,500,0,500,0.684,0.23775607484760625,0.23192721717900583,2.4e-05,,
0.45,0.8,0.7,200,1000,point_rogan_gladen,500,0,500,,,,,0.01001416814107553,0.12028217762271934
0.45,0.8,0.9,10,100,judgy,500,87,413,0.9297820823244553,0.7248459666050725,0.7384000000000002,0.12742372881355934,,
0.45,0.8,0.9,10,100,skill,500,87,413,0.9685230024213075,0.8824673042473642,1.0,0.12742372881355934,,
0.45,0.8,0.9,10,100,repo,500,87,413,0.9782082324455206,0.8943537176412214,1.0,0.12742372881355934,,
0.45,0.8,0.9,10,100,stratified,500,87,413,0.9709443099273608,0.8826449061262923,1.0,0.12742372881355934,,
0.45,0.8,0.9,10,100,lang_reiczigel,500,87,413,0.9394673123486683,0.9260350400186893,1.0,0.12742372881355934,,
0.45,0.8,0.9,10,100,wilson_known,500,87,413,0.5399515738498789,0.37604285619327255,0.37560217895529746,0.12742372881355934,,
0.45,0.8,0.9,10,100,point_rogan_gladen,500,87,413,,,,,-0.1478387908835851,0.3193820593853335
0.45,0.8,0.9,10,1000,judgy,500,85,415,0.944578313253012,0.7437976239078077,0.7634999999999996,0.13153977229578645,,
0.45,0.8,0.9,10,1000,skill,500,85,415,0.9590361445783132,0.8763154203593219,1.0,0.13153977229578645,,
0.45,0.8,0.9,10,1000,repo,500,85,415,0.9566265060240964,0.878566147191482,1.0,0.13153977229578645,,
0.45,0.8,0.9,10,1000,stratified,500,85,415,0.9542168674698795,0.8654000157773954,1.0,0.13153977229578645,,
0.45,0.8,0.9,10,1000,lang_reiczigel,500,85,415,0.9108433734939759,0.9026884837466143,1.0,0.13153977229578645,,
0.45,0.8,0.9,10,1000,wilson_known,500,85,415,0.1180722891566265,0.12470368359155784,0.12147660113014158,0.13153977229578645,,
0.45,0.8,0.9,10,1000,point_rogan_gladen,500,85,415,,,,,-0.1576164180531651,0.31964510110248556
0.45,0.8,0.9,20,100,judgy,500,25,475,0.9368421052631579,0.632524371326765,0.6075222469410454,0.07785894736842104,,
0.45,0.8,0.9,20,100,skill,500,25,475,0.96,0.8206220101596967,1.0,0.07785894736842104,,
0.45,0.8,0.9,20,100,repo,500,25,475,0.9726315789473684,0.8558622367177691,1.0,0.07785894736842104,,
0.45,0.8,0.9,20,100,stratified,500,25,475,0.9663157894736842,0.833694253553464,1.0,0.07785894736842104,,
0.45,0.8,0.9,20,100,lang_reiczigel,500,25,475,0.9431578947368421,0.8709343182799806,0.9313810768069358,0.07785894736842104,,
0.45,0.8,0.9,20,100,wilson_known,500,25,475,0.6126315789473684,0.402315978466131,0.41326910854961285,0.07785894736842104,,
0.45,0.8,0.9,20,100,point_rogan_gladen,500,25,475,,,,,-0.10902891844997112,0.26156055527935146
0.45,0.8,0.9,20,1000,judgy,500,29,471,0.9554140127388535,0.632258881164403,0.600131868131868,0.08832165605095543,,
0.45,0.8,0.9,20,1000,skill,500,29,471,0.970276008492569,0.8295258067575464,1.0,0.08832165605095543,,
0.45,0.8,0.9,20,1000,repo,500,29,471,0.9723991507430998,0.8357871698342246,1.0,0.08832165605095543,,
0.45,0.8,0.9,20,1000,stratified,500,29,471,0.9639065817409767,0.80624572285464,1.0,0.08832165605095543,,
0.45,0.8,0.9,20,1000,lang_reiczigel,500,29,471,0.9235668789808917,0.8382322094058658,0.870107796274497,0.08832165605095543,,
0.45,0.8,0.9,20,1000,wilson_known,500,29,471,0.21019108280254778,0.1228236849415741,0.13543420065533684,0.08832165605095543,,
0.45,0.8,0.9,20,1000,point_rogan_gladen,500,29,471,,,,,-0.08538481169691368,0.23615300080474563
0.45,0.8,0.9,50,100,judgy,500,3,497,0.8571428571428571,0.4691549259406708,0.44708828525081934,0.026389336016096582,,
0.45,0.8,0.9,50,100,skill,500,3,497,0.9054325955734407,0.5869517892396114,0.5257635993899343,0.026389336016096582,,
0.45,0.8,0.9,50,100,repo,500,3,497,0.959758551307847,0.7012583753451581,0.6947381123776236,0.026389336016096582,,
0.45,0.8,0.9,50,100,stratified,500,3,497,0.959758551307847,0.6851469773218961,0.681818181818182,0.026389336016096582,,
0.45,0.8,0.9,50,100,lang_reiczigel,500,3,497,0.9396378269617707,0.7461869229556624,0.7363154480783259,0.026389336016096582,,
0.45,0.8,0.9,50,100,wilson_known,500,3,497,0.7565392354124748,0.43129448775951146,0.44703248327482015,0.026389336016096582,,
0.45,0.8,0.9,50,100,point_rogan_gladen,500,3,497,,,,,-0.06534098446174688,0.20990031707215714
0.45,0.8,0.9,50,1000,judgy,500,2,498,0.929718875502008,0.4670274520962524,0.46041368896521784,0.026201807228915665,,
0.45,0.8,0.9,50,1000,skill,500,2,498,0.9598393574297188,0.5886714846677293,0.5320699100573072,0.026201807228915665,,
0.45,0.8,0.9,50,1000,repo,500,2,498,0.9678714859437751,0.6094424877310965,0.5504382484239199,0.026201807228915665,,
0.45,0.8,0.9,50,1000,stratified,500,2,498,0.963855421686747,0.5858428920542406,0.5375074404761904,0.026201807228915665,,
0.45,0.8,0.9,50,1000,lang_reiczigel,500,2,498,0.9397590361445783,0.6457107423067582,0.6106168268553661,0.026201807228915665,,
0.45,0.8,0.9,50,1000,wilson_known,500,2,498,0.35943775100401604,0.1433380370157412,0.16862935326223655,0.026201807228915665,,
0.45,0.8,0.9,50,1000,point_rogan_gladen,500,2,498,,,,,-0.04690722292088012,0.16081711623835473
0.45,0.8,0.9,100,100,judgy,500,0,500,0.8,0.3601525649330343,0.37227601626140333,0.003156,,
0.45,0.8,0.9,100,100,skill,500,0,500,0.814,0.3855097702189903,0.38544710812122557,0.003156,,
0.45,0.8,0.9,100,100,repo,500,0,500,0.952,0.5818385823360185,0.5834893125989058,0.003156,,
0.45,0.8,0.9,100,100,stratified,500,0,500,0.95,0.5784005750976442,0.5798510894170912,0.003156,,
0.45,0.8,0.9,100,100,lang_reiczigel,500,0,500,0.958,0.636229309387117,0.6349048209236707,0.003156,,
0.45,0.8,0.9,100,100,wilson_known,500,0,500,0.848,0.4492689354771992,0.48301394511325757,0.003156,,
0.45,0.8,0.9,100,100,point_rogan_gladen,500,0,500,,,,,-0.058795686691252014,0.18294325186512816
0.45,0.8,0.9,100,1000,judgy,500,0,500,0.954,0.36461960672972704,0.3697699070595563,0.002889,,
0.45,0.8,0.9,100,1000,skill,500,0,500,0.964,0.39292888298197537,0.377230795079377,0.002889,,
0.45,0.8,0.9,100,1000,repo,500,0,500,0.972,0.4186709460407643,0.4006340126041902,0.002889,,
0.45,0.8,0.9,100,1000,stratified,500,0,500,0.972,0.41345320537302566,0.4026848244603445,0.002889,,
0.45,0.8,0.9,100,1000,lang_reiczigel,500,0,500,0.968,0.48803725422732963,0.4749662323115482,0.002889,,
0.45,0.8,0.9,100,1000,wilson_known,500,0,500,0.502,0.15756229931678245,0.18467054250613046,0.002889,,
0.45,0.8,0.9,100,1000,point_rogan_gladen,500,0,500,,,,,-0.019397566183958322,0.12267642805325658
0.45,0.8,0.9,200,100,judgy,500,0,500,0.706,0.26530964108590177,0.2910008624186404,7.7e-05,,
0.45,0.8,0.9,200,100,skill,500,0,500,0.7,0.26509738113613573,0.2891562742889247,7.7e-05,,
0.45,0.8,0.9,200,100,repo,500,0,500,0.948,0.5094146134401435,0.5184856370801184,7.7e-05,,
0.45,0.8,0.9,200,100,stratified,500,0,500,0.946,0.5090212050216623,0.5104969225624861,7.7e-05,,
0.45,0.8,0.9,200,100,lang_reiczigel,500,0,500,0.96,0.5372791909301912,0.5377730152633119,7.7e-05,,
0.45,0.8,0.9,200,100,wilson_known,500,0,500,0.904,0.44478118966013425,0.4623064962899096,7.7e-05,,
0.45,0.8,0.9,200,100,point_rogan_gladen,500,0,500,,,,,-0.043145704211597774,0.1630415118696751
0.45,0.8,0.9,200,1000,judgy,500,0,500,0.914,0.28439102234220714,0.2952763756454134,8e-06,,
0.45,0.8,0.9,200,1000,skill,500,0,500,0.912,0.28415463631117027,0.2966414479510653,8e-06,,
0.45,0.8,0.9,200,1000,repo,500,0,500,0.944,0.31644311634552186,0.32652386516372267,8e-06,,
0.45,0.8,0.9,200,1000,stratified,500,0,500,0.946,0.31548159722964136,0.32703994527726726,8e-06,,
0.45,0.8,0.9,200,1000,lang_reiczigel,500,0,500,0.95,0.357042587569749,0.36698638460160093,8e-06,,
0.45,0.8,0.9,200,1000,wilson_known,500,0,500,0.62,0.1689622933326706,0.19431182173828926,8e-06,,
0.45,0.8,0.9,200,1000,point_rogan_gladen,500,0,500,,,,,-0.012222696355728379,0.10176862191956788
0.45,0.95,0.1,10,100,judgy,500,13,487,0.6036960985626283,0.4688587762226369,0.4180000000000005,0.05132547587962359,,
0.45,0.95,0.1,10,100,skill,500,13,487,0.6036960985626283,0.5690121957468726,0.5337500000000002,0.05132547587962359,,
0.45,0.95,0.1,10,100,repo,500,13,487,0.8357289527720739,0.6344955108389785,0.6514285714285704,0.05132547587962359,,
0.45,0.95,0.1,10,100,stratified,500,13,487,0.8049281314168378,0.607161280597112,0.5833333333333339,0.05132547587962359,,
0.45,0.95,0.1,10,100,lang_reiczigel,500,13,487,1.0,0.5639331782539203,0.48200245980263445,0.05132547587962359,,
0.45,0.95,0.1,10,100,wilson_known,500,13,487,0.5010266940451745,0.24196870443382626,0.22684740918374505,0.05132547587962359,,
0.45,0.95,0.1,10,100,point_rogan_gladen,500,13,487,,,,,0.046070939669502396,0.16423510965954882
0.45,0.95,0.1,10,1000,judgy,500,8,492,0.5142276422764228,0.483486649452343,0.4284999999999998,0.052596604196407146,,
0.45,0.95,0.1,10,1000,skill,500,8,492,0.516260162601626,0.5842378375838816,0.5834007142857145,0.052596604196407146,,
0.45,0.95,0.1,10,1000,repo,500,8,492,0.5772357723577236,0.5950278442812551,0.5910004464285714,0.052596604196407146,,
0.45,0.95,0.1,10,1000,stratified,500,8,492,0.5528455284552846,0.5813739962414504,0.6564285714285714,0.052596604196407146,,
0.45,0.95,0.1,10,1000,lang_reiczigel,500,8,492,0.9979674796747967,0.5213054275164127,0.4351006948197099,0.052596604196407146,,
0.45,0.95,0.1,10,1000,wilson_known,500,8,492,0.052845528455284556,0.06621763430295945,0.06362715819501188,0.052596604196407146,,
0.45,0.95,0.1,10,1000,point_rogan_gladen,500,8,492,,,,,0.03979714317976517,0.15278005863580837
0.45,0.95,0.1,20,100,judgy,500,2,498,0.7068273092369478,0.34029597039153764,0.2733545454545455,0.010650602409638554,,
0.45,0.95,0.1,20,100,skill,500,2,498,0.714859437751004,0.3998422861666094,0.2985714285714288,0.010650602409638554,,
0.45,0.95,0.1,20,100,repo,500,2,498,0.8815261044176707,0.471326609594646,0.37437310606060636,0.010650602409638554,,
0.45,0.95,0.1,20,100,stratified,500,2,498,0.8714859437751004,0.4530883305049676,0.35999999999999965,0.010650602409638554,,
0.45,0.95,0.1,20,100,lang_reiczigel,500,2,498,1.0,0.44079906056616386,0.3936081587052985,0.010650602409638554,,
0.45,0.95,0.1,20,100,wilson_known,500,2,498,0.6807228915662651,0.25081165558606894,0.24191302536953893,0.010650602409638554,,
0.45,0.95,0.1,20,100,point_rogan_gladen,500,2,498,,,,,0.024341724763411576,0.12215708672193733
0.45,0.95,0.1,20,1000,judgy,500,1,499,0.6793587174348698,0.33252038387460114,0.2754000000000001,0.010021042084168338,,
0.45,0.95,0.1,20,1000,skill,500,1,499,0.6793587174348698,0.38113764778225057,0.28800000000000037,0.010021042084168338,,
0.45,0.95,0.1,20,1000,repo,500,1,499,0.6913827655310621,0.3932808831157237,0.29829010989010973,0.010021042084168338,,
0.45,0.95,0.1,20,1000,stratified,500,1,499,0.6913827655310621,0.3657950038430336,0.28954545454545455,0.010021042084168338,,
0.45,0.95,0.1,20,1000,lang_reiczigel,500,1,499,1.0,0.358335199099333,0.3203748918424375,0.010021042084168338,,
0.45,0.95,0.1,20,1000,wilson_known,500,1,499,0.3046092184368738,0.07261662154843301,0.07492977984697478,0.010021042084168338,,
0.45,0.95,0.1,20,1000,point_rogan_gladen,500,1,499,,,,,0.015632421352862247,0.09941393565481042
0.45,0.95,0.1,50,100,judgy,500,0,500,0.826,0.21201124024782722,0.2036727081825201,9.4e-05,,
0.45,0.95,0.1,50,100,skill,500,0,500,0.834,0.212601164885907,0.20428733073726907,9.4e-05,,
0.45,0.95,0.1,50,100,repo,500,0,500,0.958,0.30309964239560566,0.291384925162324,9.4e-05,,
0.45,0.95,0.1,50,100,stratified,500,0,500,0.956,0.30240498157798884,0.29172794117646983,9.4e-05,,
0.45,0.95,0.1,50,100,lang_reiczigel,500,0,500,0.988,0.3229683959686899,0.31236326451586316,9.4e-05,,
0.45,0.95,0.1,50,100,wilson_known,500,0,500,0.86,0.2498515279857162,0.25349388453575084,9.4e-05,,
0.45,0.95,0.1,50,100,point_rogan_gladen,500,0,500,,,,,0.001880720019113885,0.08614898713307646
0.45,0.95,0.1,50,1000,judgy,500,0,500,0.892,0.21403776176819758,0.20143975083390847,5.4e-05,,
0.45,0.95,0.1,50,1000,skill,500,0,500,0.89,0.21434909470581795,0.20312931294672862,5.4e-05,,
0.45,0.95,0.1,50,1000,repo,500,0,500,0.906,0.22628408551493537,0.2147690403648575,5.4e-05,,
0.45,0.95,0.1,50,1000,stratified,500,0,500,0.9,0.22564795826836895,0.21467722317886812,5.4e-05,,
0.45,0.95,0.1,50,1000,lang_reiczigel,500,0,500,0.988,0.23195005281593348,0.22614840222185256,5.4e-05,,
0.45,0.95,0.1,50,1000,wilson_known,500,0,500,0.414,0.08061416484584201,0.08262358786367627,5.4e-05,,
0.45,0.95,0.1,50,1000,point_rogan_gladen,500,0,500,,,,,0.008014249207208543,0.07006690521949054
0.45,0.95,0.1,100,100,judgy,500,0,500,0.706,0.15790680945771987,0.16142868433788518,0.0,,
0.45,0.95,0.1,100,100,skill,500,0,500,0.7,0.15790364104447763,0.16210467391949318,0.0,,
0.45,0.95,0.1,100,100,repo,500,0,500,0.964,0.26909589544476736,0.26999476681068646,0.0,,
0.45,0.95,0.1,100,100,stratified,500,0,500,0.962,0.2689465426004623,0.27027027027027023,0.0,,
0.45,0.95,0.1,100,100,lang_reiczigel,500,0,500,0.992,0.29339006059255257,0.2943890588545084,0.0,,
0.45,0.95,0.1,100,100,wilson_known,500,0,500,0.92,0.25063073820656856,0.2589924444439965,0.0,,
0.45,0.95,0.1,100,100,point_rogan_gladen,500,0,500,,,,,0.0012705493370088847,0.07620478893003658
0.45,0.95,0.1,100,1000,judgy,500,0,500,0.898,0.16788706255083513,0.16813784022866446,0.0,,
0.45,0.95,0.1,100,1000,skill,500,0,500,0.902,0.16804285453980577,0.1684711497681003,0.0,,
0.45,0.95,0.1,100,1000,repo,500,0,500,0.93,0.18390113374010134,0.18328227652035,0.0,,
0.45,0.95,0.1,100,1000,stratified,500,0,500,0.932,0.18344207922772834,0.18333333333333315,0.0,,
0.45,0.95,0.1,100,1000,lang_reiczigel,500,0,500,0.972,0.18727467576062348,0.18572715913901655,0.0,,
0.45,0.95,0.1,100,1000,wilson_known,500,0,500,0.572,0.08411514177936268,0.08545591571793343,0.0,,
0.45,0.95,0.1,100,1000,point_rogan_gladen,500,0,500,,,,,0.002838834304397663,0.05380219334970641
0.45,0.95,0.1,200,100,judgy,500,0,500,0.6,0.11794331944699052,0.12294846776116622,0.0,,
0.45,0.95,0.1,200,100,skill,500,0,500,0.602,0.11802169864546011,0.12201187831562002,0.0,,
0.45,0.95,0.1,200,100,repo,500,0,500,0.938,0.24704562409620143,0.24483586582509975,0.0,,
0.45,0.95,0.1,200,100,stratified,500,0,500,0.934,0.24708967416531974,0.24679383116883086,0.0,,
0.45,0.95,0.1,200,100,lang_reiczigel,500,0,500,0.966,0.27470271497122667,0.2748068605697077,0.0,,
0.45,0.95,0.1,200,100,wilson_known,500,0,500,0.918,0.25073258507567353,0.2586772124660731,0.0,,
0.45,0.95,0.1,200,100,point_rogan_gladen,500,0,500,,,,,-0.0038466832511216405,0.07330794878163488
0.45,0.95,0.1,200,1000,judgy,500,0,500,0.904,0.1327999120100683,0.13193949927448478,0.0,,
0.45,0.95,0.1,200,1000,skill,500,0,500,0.904,0.13287573576397643,0.1322315970526513,0.0,,
0.45,0.95,0.1,200,1000,repo,500,0,500,0.95,0.1556601749902207,0.15564029536035584,0.0,,
0.45,0.95,0.1,200,1000,stratified,500,0,500,0.952,0.1554327878520113,0.15417191933758198,0.0,,
0.45,0.95,0.1,200,1000,lang_reiczigel,500,0,500,0.966,0.15748229091199573,0.1567927348735202,0.0,,
0.45,0.95,0.1,200,1000,wilson_known,500,0,500,0.702,0.08841444720344961,0.08781019180233968,0.0,,
0.45,0.95,0.1,200,1000,point_rogan_gladen,500,0,500,,,,,0.0016035083372662711,0.04159845744290382
0.45,0.95,0.3,10,100,judgy,500,11,489,0.8670756646216768,0.669493602417831,0.7000000000000002,0.05537038611330205,,
0.45,0.95,0.3,10,100,skill,500,11,489,0.869120654396728,0.7039425134351419,0.7272222222222217,0.05537038611330205,,
0.45,0.95,0.3,10,100,repo,500,11,489,0.9591002044989775,0.7525636862517108,0.7833833333333335,0.05537038611330205,,
0.45,0.95,0.3,10,100,stratified,500,11,489,0.9529652351738241,0.7338465649040801,0.7666666666666665,0.05537038611330205,,
0.45,0.95,0.3,10,100,lang_reiczigel,500,11,489,0.9959100204498977,0.733511963564647,0.7371121255118667,0.05537038611330205,,
0.45,0.95,0.3,10,100,wilson_known,500,11,489,0.6380368098159509,0.35944312907531517,0.3305796003208978,0.05537038611330205,,
0.45,0.95,0.3,10,100,point_rogan_gladen,500,11,489,,,,,0.041670318434122146,0.23107918501356314
0.45,0.95,0.3,10,1000,judgy,500,19,481,0.9126819126819127,0.6752133279438565,0.7,0.058465696465696465,,
0.45,0.95,0.3,10,1000,skill,500,19,481,0.9168399168399168,0.7171477497293361,0.7425702380952393,0.058465696465696465,,
0.45,0.95,0.3,10,1000,repo,500,19,481,0.9230769230769231,0.7250948244580961,0.7540971428571428,0.058465696465696465,,
0.45,0.95,0.3,10,1000,stratified,500,19,481,0.920997920997921,0.6995077368577368,0.7278750000000008,0.058465696465696465,,
0.45,0.95,0.3,10,1000,lang_reiczigel,500,19,481,0.9896049896049897,0.6671613037388163,0.6405842340866181,0.058465696465696465,,
0.45,0.95,0.3,10,1000,wilson_known,500,19,481,0.2972972972972973,0.11438068321524984,0.09963347404031397,0.058465696465696465,,
0.45,0.95,0.3,10,1000,point_rogan_gladen,500,19,481,,,,,0.017268537768537782,0.22012689986406195
0.45,0.95,0.3,20,100,judgy,500,2,498,0.8313253012048193,0.5533002678241798,0.53692266824085,0.009503012048192773,,
0.45,0.95,0.3,20,100,skill,500,2,498,0.8514056224899599,0.5763377893643407,0.555082390648566,0.009503012048192773,,
0.45,0.95,0.3,20,100,repo,500,2,498,0.9397590361445783,0.6594445719986911,0.656564204545454,0.009503012048192773,,
0.45,0.95,0.3,20,100,stratified,500,2,498,0.9377510040160643,0.6486331015533543,0.6508493589743575,0.009503012048192773,,
0.45,0.95,0.3,20,100,lang_reiczigel,500,2,498,0.9819277108433735,0.623291166208354,0.5867224033520898,0.009503012048192773,,
0.45,0.95,0.3,20,100,wilson_known,500,2,498,0.7590361445783133,0.3696747925737386,0.34547162724916974,0.009503012048192773,,
0.45,0.95,0.3,20,100,point_rogan_gladen,500,2,498,,,,,0.02481248559561807,0.17737152698237768
0.45,0.95,0.3,20,1000,judgy,500,2,498,0.893574297188755,0.5975875468916968,0.590958916364505,0.01099598393574297,,
0.45,0.95,0.3,20,1000,skill,500,2,498,0.891566265060241,0.6123463279247526,0.5971458333333333,0.01099598393574297,,
0.45,0.95,0.3,20,1000,repo,500,2,498,0.8995983935742972,0.6243874412874824,0.6150703598484851,0.01099598393574297,,
0.45,0.95,0.3,20,1000,stratified,500,2,498,0.8995983935742972,0.6067833559178437,0.5912388888888884,0.01099598393574297,,
0.45,0.95,0.3,20,1000,lang_reiczigel,500,2,498,0.9859437751004017,0.5440549194513348,0.5016629274367451,0.01099598393574297,,
0.45,0.95,0.3,20,1000,wilson_known,500,2,498,0.3795180722891566,0.12738878082393737,0.1156757153355909,0.01099598393574297,,
0.45,0.95,0.3,20,1000,point_rogan_gladen,500,2,498,,,,,0.03154735670398315,0.16396144411848132
0.45,0.95,0.3,50,100,judgy,500,0,500,0.742,0.3503152903955518,0.32825059914633015,4.1e-05,,
0.45,0.95,0.3,50,100,skill,500,0,500,0.75,0.3502854925942827,0.33134999496177425,4.1e-05,,
0.45,0.95,0.3,50,100,repo,500,0,500,0.956,0.5095925774201338,0.4954859858032452,4.1e-05,,
0.45,0.95,0.3,50,100,stratified,500,0,500,0.95,0.5089374074297022,0.4960927409102458,4.1e-05,,
0.45,0.95,0.3,50,100,lang_reiczigel,500,0,500,0.984,0.49770109362534065,0.4866609094318063,4.1e-05,,
0.45,0.95,0.3,50,100,wilson_known,500,0,500,0.886,0.36931513444532704,0.3605055070197829,4.1e-05,,
0.45,0.95,0.3,50,100,point_rogan_gladen,500,0,500,,,,,0.0028331154870116864,0.12495714151480612
0.45,0.95,0.3,50,1000,judgy,500,0,500,0.922,0.3547923733352798,0.3311939387709478,0.00011199999999999998,,
0.45,0.95,0.3,50,1000,skill,500,0,500,0.924,0.3551513601929389,0.333221149514762,0.00011199999999999998,,
0.45,0.95,0.3,50,1000,repo,500,0,500,0.944,0.3777298362985167,0.35948981871564567,0.00011199999999999998,,
0.45,0.95,0.3,50,1000,stratified,500,0,500,0.946,0.3741866811599094,0.35367071842207687,0.00011199999999999998,,
0.45,0.95,0.3,50,1000,lang_reiczigel,500,0,500,0.974,0.35468072129144135,0.3390568502649847,0.00011199999999999998,,
0.45,0.95,0.3,50,1000,wilson_known,500,0,500,0.566,0.12012061166153745,0.11595844817028843,0.00011199999999999998,,
0.45,0.95,0.3,50,1000,point_rogan_gladen,500,0,500,,,,,0.007776079120713557,0.08840870423779496
0.45,0.95,0.3,100,100,judgy,500,0,500,0.672,0.2336026573659919,0.22228386484350793,0.0,,
0.45,0.95,0.3,100,100,skill,500,0,500,0.664,0.23361262182560205,0.22292173118448178,0.0,,
0.45,0.95,0.3,100,100,repo,500,0,500,0.95,0.44032041524238263,0.4292097205006509,0.0,,
0.45,0.95,0.3,100,100,stratified,500,0,500,0.944,0.4399161023830825,0.42555835992134894,0.0,,
0.45,0.95,0.3,100,100,lang_reiczigel,500,0,500,0.974,0.4415146025265063,0.4289519634725465,0.0,,
0.45,0.95,0.3,100,100,wilson_known,500,0,500,0.918,0.3687631729021855,0.3594162448221493,0.0,,
0.45,0.95,0.3,100,100,point_rogan_gladen,500,0,500,,,,,0.0035901717475052388,0.1070168241927935
0.45,0.95,0.3,100,1000,judgy,500,0,500,0.908,0.2357684494205962,0.2258598272990935,0.0,,
0.45,0.95,0.3,100,1000,skill,500,0,500,0.908,0.23466182589960183,0.2253351985847949,0.0,,
0.45,0.95,0.3,100,1000,repo,500,0,500,0.958,0.2652124938541125,0.254098050643776,0.0,,
0.45,0.95,0.3,100,1000,stratified,500,0,500,0.956,0.26462094969676697,0.25490554224738693,0.0,,
0.45,0.95,0.3,100,1000,lang_reiczigel,500,0,500,0.97,0.2593166943402884,0.24980207595354756,0.0,,
0.45,0.95,0.3,100,1000,wilson_known,500,0,500,0.652,0.11897538859147572,0.11633558786785944,0.0,,
0.45,0.95,0.3,100,1000,point_rogan_gladen,500,0,500,,,,,-0.0010966651129612668,0.06235803330537195
0.45,0.95,0.3,200,100,judgy,500,0,500,0.55,0.158790137008968,0.1555588027784933,0.0,,
0.45,0.95,0.3,200,100,skill,500,0,500,0.546,0.158645618073826,0.15595602692713006,0.0,,
0.45,0.95,0.3,200,100,repo,500,0,500,0.958,0.40313375708926846,0.40323473981244473,0.0,,
0.45,0.95,0.3,200,100,stratified,500,0,500,0.956,0.40271117715258037,0.40180341000118786,0.0,,
0.45,0.95,0.3,200,100,lang_reiczigel,500,0,500,0.96,0.407046653247698,0.4042710261576123,0.0,,
0.45,0.95,0.3,200,100,wilson_known,500,0,500,0.926,0.36719219192490804,0.3660772270070607,0.0,,
0.45,0.95,0.3,200,100,point_rogan_gladen,500,0,500,,,,,0.006926796299796973,0.09936253665641455
0.45,0.95,0.3,200,1000,judgy,500,0,500,0.896,0.15595449565513822,0.15285642876693264,0.0,,
0.45,0.95,0.3,200,1000,skill,500,0,500,0.89,0.15619395240521175,0.15390291149420238,0.0,,
0.45,0.95,0.3,200,1000,repo,500,0,500,0.944,0.19653932184772707,0.1942510321829378,0.0,,
0.45,0.95,0.3,200,1000,stratified,500,0,500,0.948,0.19649618032441218,0.19363781187556106,0.0,,
0.45,0.95,0.3,200,1000,lang_reiczigel,500,0,500,0.97,0.195382992975956,0.19311606592922942,0.0,,
0.45,0.95,0.3,200,1000,wilson_known,500,0,500,0.784,0.11768516557933657,0.11628618622383019,0.0,,
0.45,0.95,0.3,200,1000,point_rogan_gladen,500,0,500,,,,,0.0035692873737054624,0.04761727724710312
0.45,0.95,0.5,10,100,judgy,500,8,492,0.9186991869918699,0.6978576792634642,0.67,0.04753963414634146,,
0.45,0.95,0.5,10,100,skill,500,8,492,0.9207317073170732,0.7123295907467623,0.6755,0.04753963414634146,,
0.45,0.95,0.5,10,100,repo,500,8,492,0.9471544715447154,0.7534156356684297,0.7250982142857139,0.04753963414634146,,
0.45,0.95,0.5,10,100,stratified,500,8,492,0.9491869918699187,0.7421697477093818,0.7168333333333335,0.04753963414634146,,
0.45,0.95,0.5,10,100,lang_reiczigel,500,8,492,0.9634146341463414,0.8303260306976098,0.8646981916932207,0.04753963414634146,,
0.45,0.95,0.5,10,100,wilson_known,500,8,492,0.5894308943089431,0.3727635157182231,0.3504811085289772,0.04753963414634146,,
0.45,0.95,0.5,10,100,point_rogan_gladen,500,8,492,,,,,0.03505420054200548,0.24494283463418534
0.45,0.95,0.5,10,1000,judgy,500,16,484,0.9462809917355371,0.7157613933932436,0.6658750000000002,0.056502138982714493,,
0.45,0.95,0.5,10,1000,skill,500,16,484,0.9504132231404959,0.7282446044363075,0.6678999999999999,0.056502138982714493,,
0.45,0.95,0.5,10,1000,repo,500,16,484,0.9483471074380165,0.7330750909674478,0.6758607142857143,0.056502138982714493,,
0.45,0.95,0.5,10,1000,stratified,500,16,484,0.9462809917355371,0.7190764567345533,0.6675,0.056502138982714493,,
0.45,0.95,0.5,10,1000,lang_reiczigel,500,16,484,0.9483471074380165,0.8119066733346396,0.902368755632651,0.056502138982714493,,
0.45,0.95,0.5,10,1000,wilson_known,500,16,484,0.25,0.1343367214294299,0.13143444143512428,0.056502138982714493,,
0.45,0.95,0.5,10,1000,point_rogan_gladen,500,16,484,,,,,0.05312568870523422,0.2388622335643075
0.45,0.95,0.5,20,100,judgy,500,2,498,0.8714859437751004,0.6255864897768464,0.6099999999999999,0.009970883534136546,,
0.45,0.95,0.5,20,100,skill,500,2,498,0.8855421686746988,0.6513030823715777,0.6282793347092357,0.009970883534136546,,
0.45,0.95,0.5,20,100,repo,500,2,498,0.9397590361445783,0.7284327560844231,0.7072738095238094,0.009970883534136546,,
0.45,0.95,0.5,20,100,stratified,500,2,498,0.9417670682730924,0.7174384365167276,0.7000000000000001,0.009970883534136546,,
0.45,0.95,0.5,20,100,lang_reiczigel,500,2,498,0.9457831325301205,0.7332948439392666,0.7361493951497928,0.009970883534136546,,
0.45,0.95,0.5,20,100,wilson_known,500,2,498,0.7248995983935743,0.4095685331053034,0.397972505260913,0.009970883534136546,,
0.45,0.95,0.5,20,100,point_rogan_gladen,500,2,498,,,,,0.018282037016976782,0.20791929832357464
0.45,0.95,0.5,20,1000,judgy,500,1,499,0.9298597194388778,0.6270565786329928,0.6199620594720597,0.00775250501002004,,
0.45,0.95,0.5,20,1000,skill,500,1,499,0.9398797595190381,0.6482211388977277,0.6361025603864735,0.00775250501002004,,
0.45,0.95,0.5,20,1000,repo,500,1,499,0.9458917835671342,0.6564904690412099,0.6446166666666666,0.00775250501002004,,
0.45,0.95,0.5,20,1000,stratified,500,1,499,0.9478957915831663,0.642223813627672,0.6294452380952374,0.00775250501002004,,
0.45,0.95,0.5,20,1000,lang_reiczigel,500,1,499,0.9458917835671342,0.6432230032181669,0.6392011483910343,0.00775250501002004,,
0.45,0.95,0.5,20,1000,wilson_known,500,1,499,0.3306613226452906,0.13437552086648274,0.13046467059371625,0.00775250501002004,,
0.45,0.95,0.5,20,1000,point_rogan_gladen,500,1,499,,,,,0.029946422704438733,0.1802085748075728
0.45,0.95,0.5,50,100,judgy,500,0,500,0.81,0.4263171840351737,0.42675853776337414,0.000136,,
0.45,0.95,0.5,50,100,skill,500,0,500,0.81,0.4256095847649726,0.4240921767835887,0.000136,,
0.45,0.95,0.5,50,100,repo,500,0,500,0.962,0.5894664674888506,0.5907260522771013,0.000136,,
0.45,0.95,0.5,50,100,stratified,500,0,500,0.972,0.5886078489767752,0.5888628762541805,0.000136,,
0.45,0.95,0.5,50,100,lang_reiczigel,500,0,500,0.964,0.5854414782447485,0.584408308384166,0.000136,,
0.45,0.95,0.5,50,100,wilson_known,500,0,500,0.86,0.41830274648821086,0.4157536913153991,0.000136,,
0.45,0.95,0.5,50,100,point_rogan_gladen,500,0,500,,,,,0.005003701586843551,0.15088864205683494
0.45,0.95,0.5,50,1000,judgy,500,0,500,0.932,0.4294985446519694,0.4116303336365252,0.000145,,
0.45,0.95,0.5,50,1000,skill,500,0,500,0.934,0.43079749234898657,0.4148042801155106,0.000145,,
0.45,0.95,0.5,50,1000,repo,500,0,500,0.948,0.4518176766430661,0.4354873833841091,0.000145,,
0.45,0.95,0.5,50,1000,stratified,500,0,500,0.95,0.4486187327846001,0.4324420275150573,0.000145,,
0.45,0.95,0.5,50,1000,lang_reiczigel,500,0,500,0.954,0.42795562367937984,0.4005278822847119,0.000145,,
0.45,0.95,0.5,50,1000,wilson_known,500,0,500,0.484,0.13747215381789593,0.1302320870056577,0.000145,,
0.45,0.95,0.5,50,1000,point_rogan_gladen,500,0,500,,,,,0.014901836878642069,0.11615806284927262
0.45,0.95,0.5,100,100,judgy,500,0,500,0.708,0.2908763815225248,0.2814915875734888,0.0,,
0.45,0.95,0.5,100,100,skill,500,0,500,0.708,0.2906180947705309,0.28388097219439745,0.0,,
0.45,0.95,0.5,100,100,repo,500,0,500,0.96,0.5168980546127364,0.5149591938745789,0.0,,
0.45,0.95,0.5,100,100,stratified,500,0,500,0.962,0.5161757880935783,0.5157174825065146,0.0,,
0.45,0.95,0.5,100,100,lang_reiczigel,500,0,500,0.97,0.5110382168444035,0.507463944575067,0.0,,
0.45,0.95,0.5,100,100,wilson_known,500,0,500,0.922,0.4186730264044604,0.4138119752302208,0.0,,
0.45,0.95,0.5,100,100,point_rogan_gladen,500,0,500,,,,,-0.0016527002075187726,0.12448452633818219
0.45,0.95,0.5,100,1000,judgy,500,0,500,0.92,0.2911134029374666,0.2836383853106663,0.0,,
0.45,0.95,0.5,100,1000,skill,500,0,500,0.918,0.2913848357923064,0.2818372159919467,0.0,,
0.45,0.95,0.5,100,1000,repo,500,0,500,0.954,0.3234102791271863,0.3150297874407391,0.0,,
0.45,0.95,0.5,100,1000,stratified,500,0,500,0.956,0.3227751541526658,0.3153717336784698,0.0,,
0.45,0.95,0.5,100,1000,lang_reiczigel,500,0,500,0.952,0.31072377879960456,0.30244591458807857,0.0,,
0.45,0.95,0.5,100,1000,wilson_known,500,0,500,0.67,0.13608402514773965,0.1335704144589145,0.0,,
0.45,0.95,0.5,100,1000,point_rogan_gladen,500,0,500,,,,,0.005400503187997525,0.07876505176304237
0.45,0.95,0.5,200,100,judgy,500,0,500,0.626,0.19847160100568845,0.1926609690672465,0.0,,
0.45,0.95,0.5,200,100,skill,500,0,500,0.624,0.19835687820774012,0.19265045703037972,0.0,,
0.45,0.95,0.5,200,100,repo,500,0,500,0.952,0.47121899867336114,0.46908874503166226,0.0,,
0.45,0.95,0.5,200,100,stratified,500,0,500,0.95,0.47110405517501625,0.46665715828700527,0.0,,
0.45,0.95,0.5,200,100,lang_reiczigel,500,0,500,0.962,0.46846894528394556,0.4650140317551507,0.0,,
0.45,0.95,0.5,200,100,wilson_known,500,0,500,0.936,0.4189349098671899,0.4162345726685625,0.0,,
0.45,0.95,0.5,200,100,point_rogan_gladen,500,0,500,,,,,-0.00507476563628477,0.11315197714017805
0.45,0.95,0.5,200,1000,judgy,500,0,500,0.884,0.19880949541902243,0.19527585711090434,0.0,,
0.45,0.95,0.5,200,1000,skill,500,0,500,0.888,0.19942749641075305,0.1948165608743535,0.0,,
0.45,0.95,0.5,200,1000,repo,500,0,500,0.94,0.2426198250149762,0.23711535113407714,0.0,,
0.45,0.95,0.5,200,1000,stratified,500,0,500,0.938,0.24254583582521913,0.23888077852055947,0.0,,
0.45,0.95,0.5,200,1000,lang_reiczigel,500,0,500,0.944,0.23825057751240866,0.23493214949021368,0.0,,
0.45,0.95,0.5,200,1000,wilson_known,500,0,500,0.708,0.13564391415735572,0.13405554420423704,0.0,,
0.45,0.95,0.5,200,1000,point_rogan_gladen,500,0,500,,,,,0.0048911576837792695,0.06360622815635725
0.45,0.95,0.7,10,100,judgy,500,7,493,0.9371196754563894,0.6465751378605248,0.6088888888888888,0.051246462988086335,,
0.45,0.95,0.7,10,100,skill,500,7,493,0.9391480730223124,0.6954693387937534,0.6222222222222221,0.051246462988086335,,
0.45,0.95,0.7,10,100,repo,500,7,493,0.9553752535496958,0.7279593040843325,0.6666666666666667,0.051246462988086335,,
0.45,0.95,0.7,10,100,stratified,500,7,493,0.947261663286004,0.7179395082745741,0.6600625,0.051246462988086335,,
0.45,0.95,0.7,10,100,lang_reiczigel,500,7,493,0.9411764705882353,0.8579581047664012,0.8737422594610376,0.051246462988086335,,
0.45,0.95,0.7,10,100,wilson_known,500,7,493,0.5476673427991886,0.3266055005602011,0.3408937939225616,0.051246462988086335,,
0.45,0.95,0.7,10,100,point_rogan_gladen,500,7,493,,,,,-0.00258556296081643,0.22716046600458825
0.45,0.95,0.7,10,1000,judgy,500,11,489,0.9427402862985685,0.6597888311134078,0.6155555555555554,0.0563282208588957,,
0.45,0.95,0.7,10,1000,skill,500,11,489,0.9488752556237219,0.7085839602356803,0.6211111111111112,0.0563282208588957,,
0.45,0.95,0.7,10,1000,repo,500,11,489,0.9447852760736196,0.7114161901444319,0.6249303571428572,0.0563282208588957,,
0.45,0.95,0.7,10,1000,stratified,500,11,489,0.9447852760736196,0.6948346015110202,0.6222222222222221,0.0563282208588957,,
0.45,0.95,0.7,10,1000,lang_reiczigel,500,11,489,0.9222903885480572,0.8395901740232657,0.8245302038530906,0.0563282208588957,,
0.45,0.95,0.7,10,1000,wilson_known,500,11,489,0.16768916155419222,0.10327139191579827,0.1152678372373459,0.0563282208588957,,
0.45,0.95,0.7,10,1000,point_rogan_gladen,500,11,489,,,,,0.015528840847859323,0.2205920792723866
0.45,0.95,0.7,20,100,judgy,500,1,499,0.87374749498998,0.5308837068318031,0.5325559210526315,0.009952905811623246,,
0.45,0.95,0.7,20,100,skill,500,1,499,0.8997995991983968,0.585841990657182,0.5553846153846153,0.009952905811623246,,
0.45,0.95,0.7,20,100,repo,500,1,499,0.9398797595190381,0.655154164931591,0.6287609797297298,0.009952905811623246,,
0.45,0.95,0.7,20,100,stratified,500,1,499,0.9278557114228457,0.6381968388837482,0.6199999999999997,0.009952905811623246,,
0.45,0.95,0.7,20,100,lang_reiczigel,500,1,499,0.9298597194388778,0.7285098654629683,0.708422011839946,0.009952905811623246,,
0.45,0.95,0.7,20,100,wilson_known,500,1,499,0.6312625250501002,0.3486571842792899,0.3675780176192375,0.009952905811623246,,
0.45,0.95,0.7,20,100,point_rogan_gladen,500,1,499,,,,,0.01374948744393522,0.20967871741776498
0.45,0.95,0.7,20,1000,judgy,500,0,500,0.936,0.5500009018533228,0.5434714285714284,0.009477000000000001,,
0.45,0.95,0.7,20,1000,skill,500,0,500,0.952,0.5863912373277802,0.5478255882352943,0.009477000000000001,,
0.45,0.95,0.7,20,1000,repo,500,0,500,0.952,0.5969051627013685,0.5541283639705882,0.009477000000000001,,
0.45,0.95,0.7,20,1000,stratified,500,0,500,0.95,0.5756708608746688,0.5495105769230766,0.009477000000000001,,
0.45,0.95,0.7,20,1000,lang_reiczigel,500,0,500,0.934,0.6664782314717045,0.6512222743506406,0.009477000000000001,,
0.45,0.95,0.7,20,1000,wilson_known,500,0,500,0.28,0.12557711681123818,0.12940948656732576,0.009477000000000001,,
0.45,0.95,0.7,20,1000,point_rogan_gladen,500,0,500,,,,,0.025333155289155355,0.17862246809642546
0.45,0.95,0.7,50,100,judgy,500,0,500,0.856,0.4105270183607553,0.4142203972203157,0.00019800000000000002,,
0.45,0.95,0.7,50,100,skill,500,0,500,0.864,0.4119990771109061,0.41076003318045085,0.00019800000000000002,,
0.45,0.95,0.7,50,100,repo,500,0,500,0.958,0.5349717161789468,0.5352144807161695,0.00019800000000000002,,
0.45,0.95,0.7,50,100,stratified,500,0,500,0.962,0.5331608173845895,0.5333774630541872,0.00019800000000000002,,
0.45,0.95,0.7,50,100,lang_reiczigel,500,0,500,0.96,0.5662527942515654,0.5592989365171166,0.00019800000000000002,,
0.45,0.95,0.7,50,100,wilson_known,500,0,500,0.822,0.3922841413526164,0.39889885513022694,0.00019800000000000002,,
0.45,0.95,0.7,50,100,point_rogan_gladen,500,0,500,,,,,0.01649539186974083,0.15956206563956696
0.45,0.95,0.7,50,1000,judgy,500,0,500,0.938,0.43123293959418885,0.43886506520635726,0.000141,,
0.45,0.95,0.7,50,1000,skill,500,0,500,0.938,0.43138999827046065,0.4388884913733611,0.000141,,
0.45,0.95,0.7,50,1000,repo,500,0,500,0.948,0.447720290482379,0.45426636847567403,0.000141,,
0.45,0.95,0.7,50,1000,stratified,500,0,500,0.948,0.4452358037893477,0.45198898601398607,0.000141,,
0.45,0.95,0.7,50,1000,lang_reiczigel,500,0,500,0.944,0.46710350809649004,0.47299219087427047,0.000141,,
0.45,0.95,0.7,50,1000,wilson_known,500,0,500,0.41,0.13921006934068786,0.13875803253514962,0.000141,,
0.45,0.95,0.7,50,1000,point_rogan_gladen,500,0,500,,,,,0.003058353838748369,0.12900058869592396
0.45,0.95,0.7,100,100,judgy,500,0,500,0.81,0.33277162555091366,0.33721110461998277,0.0,,
0.45,0.95,0.7,100,100,skill,500,0,500,0.816,0.332206051676823,0.3348289324257222,0.0,,
0.45,0.95,0.7,100,100,repo,500,0,500,0.97,0.5045549597146193,0.5077850255781409,0.0,,
0.45,0.95,0.7,100,100,stratified,500,0,500,0.97,0.5046668650691164,0.5097278506972925,0.0,,
0.45,0.95,0.7,100,100,lang_reiczigel,500,0,500,0.97,0.5141858885193248,0.5139485686834718,0.0,,
0.45,0.95,0.7,100,100,wilson_known,500,0,500,0.912,0.41678745517762317,0.42118974615271226,0.0,,
0.45,0.95,0.7,100,100,point_rogan_gladen,500,0,500,,,,,0.018713725872255536,0.13610644497159008
0.45,0.95,0.7,100,1000,judgy,500,0,500,0.94,0.33965007485068116,0.3440093358134624,0.0,,
0.45,0.95,0.7,100,1000,skill,500,0,500,0.934,0.33966870131676025,0.3453544274210906,0.0,,
0.45,0.95,0.7,100,1000,repo,500,0,500,0.95,0.36395717929587046,0.36917762321359093,0.0,,
0.45,0.95,0.7,100,1000,stratified,500,0,500,0.95,0.3632760788574531,0.3682633182177302,0.0,,
0.45,0.95,0.7,100,1000,lang_reiczigel,500,0,500,0.948,0.3650556414608793,0.36867045051326663,0.0,,
0.45,0.95,0.7,100,1000,wilson_known,500,0,500,0.518,0.14434964607919185,0.14334982724691753,0.0,,
0.45,0.95,0.7,100,1000,point_rogan_gladen,500,0,500,,,,,0.004112820464486976,0.10112845007570621
0.45,0.95,0.7,200,100,judgy,500,0,500,0.626,0.24065696386960156,0.2418286921812402,0.0,,
0.45,0.95,0.7,200,100,skill,500,0,500,0.628,0.2406207442567914,0.24157360123477145,0.0,,
0.45,0.95,0.7,200,100,repo,500,0,500,0.966,0.4723088536026017,0.4804891494450264,0.0,,
0.45,0.95,0.7,200,100,stratified,500,0,500,0.966,0.4715162314843061,0.4804061947298569,0.0,,
0.45,0.95,0.7,200,100,lang_reiczigel,500,0,500,0.97,0.4714501471695518,0.47812143690985165,0.0,,
0.45,0.95,0.7,200,100,wilson_known,500,0,500,0.922,0.41851591918393355,0.4262643214075639,0.0,,
0.45,0.95,0.7,200,100,point_rogan_gladen,500,0,500,,,,,0.004752782441405287,0.13036728988551202
0.45,0.95,0.7,200,1000,judgy,500,0,500,0.902,0.2533400425180256,0.25282480004778846,0.0,,
0.45,0.95,0.7,200,1000,skill,500,0,500,0.898,0.253340032805314,0.2521015742585106,0.0,,
0.45,0.95,0.7,200,1000,repo,500,0,500,0.946,0.2913239501277923,0.2908004855644141,0.0,,
0.45,0.95,0.7,200,1000,stratified,500,0,500,0.948,0.2911758070429934,0.2918270594078431,0.0,,
0.45,0.95,0.7,200,1000,lang_reiczigel,500,0,500,0.94,0.2884321685552692,0.2878899484942222,0.0,,
0.45,0.95,0.7,200,1000,wilson_known,500,0,500,0.682,0.14638885208910943,0.14569933159678955,0.0,,
0.45,0.95,0.7,200,1000,point_rogan_gladen,500,0,500,,,,,0.006301460595184441,0.07708697852629666
0.45,0.95,0.9,10,100,judgy,500,6,494,0.937246963562753,0.5152211012925778,0.5,0.05399918835936187,,
0.45,0.95,0.9,10,100,skill,500,6,494,0.9493927125506073,0.608306942466228,0.5444444444444445,0.05399918835936187,,
0.45,0.95,0.9,10,100,repo,500,6,494,0.9595141700404858,0.6408627779223969,0.5872908653846153,0.05399918835936187,,
0.45,0.95,0.9,10,100,stratified,500,6,494,0.9473684210526315,0.6221297052727973,0.575,0.05399918835936187,,
0.45,0.95,0.9,10,100,lang_reiczigel,500,6,494,0.9453441295546559,0.829716728900978,0.8221788765516878,0.05399918835936187,,
0.45,0.95,0.9,10,100,wilson_known,500,6,494,0.4534412955465587,0.2427790987344579,0.2747141305075955,0.05399918835936187,,
0.45,0.95,0.9,10,100,point_rogan_gladen,500,6,494,,,,,-0.06524403958614484,0.1933723167141382
0.45,0.95,0.9,10,1000,judgy,500,8,492,0.9471544715447154,0.5183914664390653,0.5081600000000002,0.04910585831533652,,
0.45,0.95,0.9,10,1000,skill,500,8,492,0.9491869918699187,0.6163383755987416,0.5399375,0.04910585831533652,,
0.45,0.95,0.9,10,1000,repo,500,8,492,0.9532520325203252,0.6189924658075464,0.5463026785714286,0.04910585831533652,,
0.45,0.95,0.9,10,1000,stratified,500,8,492,0.9512195121951219,0.6012310915118081,0.5426302083333332,0.04910585831533652,,
0.45,0.95,0.9,10,1000,lang_reiczigel,500,8,492,0.9227642276422764,0.7958190334571286,0.789019176732273,0.04910585831533652,,
0.45,0.95,0.9,10,1000,wilson_known,500,8,492,0.08536585365853659,0.07647959758462525,0.08756627527461935,0.04910585831533652,,
0.45,0.95,0.9,10,1000,point_rogan_gladen,500,8,492,,,,,-0.058648325590398766,0.19147639426277613
0.45,0.95,0.9,20,100,judgy,500,0,500,0.896,0.413939888055133,0.42845592451027215,0.012184,,
0.45,0.95,0.9,20,100,skill,500,0,500,0.922,0.4782681802667562,0.4508404977375566,0.012184,,
0.45,0.95,0.9,20,100,repo,500,0,500,0.95,0.5381835881486906,0.5152951274148829,0.012184,,
0.45,0.95,0.9,20,100,stratified,500,0,500,0.94,0.5159024477058888,0.5,0.012184,,
0.45,0.95,0.9,20,100,lang_reiczigel,500,0,500,0.932,0.658081222988264,0.6319122652182851,0.012184,,
0.45,0.95,0.9,20,100,wilson_known,500,0,500,0.604,0.26662249332183363,0.31338423183322284,0.012184,,
0.45,0.95,0.9,20,100,point_rogan_gladen,500,0,500,,,,,-0.050675032745032766,0.16788607752805398
0.45,0.95,0.9,20,1000,judgy,500,0,500,0.944,0.41369169061764377,0.42832692307692305,0.010341000000000001,,
0.45,0.95,0.9,20,1000,skill,500,0,500,0.958,0.47755419718201053,0.45026153846153855,0.010341000000000001,,
0.45,0.95,0.9,20,1000,repo,500,0,500,0.962,0.48382455548360825,0.45715076296377055,0.010341000000000001,,
0.45,0.95,0.9,20,1000,stratified,500,0,500,0.952,0.46260122676645254,0.44377070707070704,0.010341000000000001,,
0.45,0.95,0.9,20,1000,lang_reiczigel,500,0,500,0.936,0.6008872310956471,0.5676842032139275,0.010341000000000001,,
0.45,0.95,0.9,20,1000,wilson_known,500,0,500,0.214,0.08478341791222661,0.10916197611736189,0.010341000000000001,,
0.45,0.95,0.9,20,1000,point_rogan_gladen,500,0,500,,,,,-0.03468948351648355,0.14943034464100197
0.45,0.95,0.9,50,100,judgy,500,0,500,0.88,0.3115540146926536,0.3255787250299961,9.7e-05,,
0.45,0.95,0.9,50,100,skill,500,0,500,0.872,0.3110461962253592,0.32614064873795756,9.7e-05,,
0.45,0.95,0.9,50,100,repo,500,0,500,0.944,0.40149506590998246,0.4169572094282463,9.7e-05,,
0.45,0.95,0.9,50,100,stratified,500,0,500,0.952,0.40167603234340893,0.41526580459770124,9.7e-05,,
0.45,0.95,0.9,50,100,lang_reiczigel,500,0,500,0.954,0.46390728224683686,0.46994578234926976,9.7e-05,,
0.45,0.95,0.9,50,100,wilson_known,500,0,500,0.78,0.28696747611228546,0.31831619549703516,9.7e-05,,
0.45,0.95,0.9,50,100,point_rogan_gladen,500,0,500,,,,,-0.026397003063600516,0.13525461958737145
0.45,0.95,0.9,50,1000,judgy,500,0,500,0.94,0.325047757640348,0.33611232063868823,7.5e-05,,
0.45,0.95,0.9,50,1000,skill,500,0,500,0.936,0.32481937763533003,0.3379471770959012,7.5e-05,,
0.45,0.95,0.9,50,1000,repo,500,0,500,0.942,0.3345814812683868,0.3484206114796348,7.5e-05,,
0.45,0.95,0.9,50,1000,stratified,500,0,500,0.948,0.33323078252595145,0.343659106091044,7.5e-05,,
0.45,0.95,0.9,50,1000,lang_reiczigel,500,0,500,0.942,0.39499296991936445,0.3964217276355993,7.5e-05,,
0.45,0.95,0.9,50,1000,wilson_known,500,0,500,0.368,0.1040022910122822,0.12676329674917725,7.5e-05,,
0.45,0.95,0.9,50,1000,point_rogan_gladen,500,0,500,,,,,-0.020539998099601796,0.11383471617214962
0.45,0.95,0.9,100,100,judgy,500,0,500,0.786,0.2514669560036824,0.27350078356375646,0.0,,
0.45,0.95,0.9,100,100,skill,500,0,500,0.788,0.25199694674685613,0.27529090019759594,0.0,,
0.45,0.95,0.9,100,100,repo,500,0,500,0.938,0.3737872930947683,0.38471206107286854,0.0,,
0.45,0.95,0.9,100,100,stratified,500,0,500,0.94,0.37364392142863867,0.3867475985995572,0.0,,
0.45,0.95,0.9,100,100,lang_reiczigel,500,0,500,0.946,0.39739239894517253,0.41111189719647956,0.0,,
0.45,0.95,0.9,100,100,wilson_known,500,0,500,0.82,0.30305708494860867,0.3299069371873937,0.0,,
0.45,0.95,0.9,100,100,point_rogan_gladen,500,0,500,,,,,-0.028221788989151658,0.12725444625021134
0.45,0.95,0.9,100,1000,judgy,500,0,500,0.938,0.266484922376127,0.2825475528831626,0.0,,
0.45,0.95,0.9,100,1000,skill,500,0,500,0.936,0.26590910107803356,0.2802046255656755,0.0,,
0.45,0.95,0.9,100,1000,repo,500,0,500,0.956,0.2804286610808064,0.29517053745442956,0.0,,
0.45,0.95,0.9,100,1000,stratified,500,0,500,0.954,0.2802864044111398,0.29420629361914274,0.0,,
0.45,0.95,0.9,100,1000,lang_reiczigel,500,0,500,0.956,0.30871210039024544,0.31899891971595173,0.0,,
0.45,0.95,0.9,100,1000,wilson_known,500,0,500,0.46,0.11233707107610812,0.13228942616440081,0.0,,
0.45,0.95,0.9,100,1000,point_rogan_gladen,500,0,500,,,,,-0.011898863824870964,0.09269025281119903
0.45,0.95,0.9,200,100,judgy,500,0,500,0.724,0.19228724825226123,0.21161156052983915,0.0,,
0.45,0.95,0.9,200,100,skill,500,0,500,0.724,0.19292707364114453,0.212087713099275,0.0,,
0.45,0.95,0.9,200,100,repo,500,0,500,0.95,0.3447831926268524,0.3461685139516842,0.0,,
0.45,0.95,0.9,200,100,stratified,500,0,500,0.95,0.34445038267819134,0.34930949990437926,0.0,,
0.45,0.95,0.9,200,100,lang_reiczigel,500,0,500,0.962,0.3533442826850212,0.35432590081218823,0.0,,
0.45,0.95,0.9,200,100,wilson_known,500,0,500,0.914,0.3030873568360286,0.31070834259939045,0.0,,
0.45,0.95,0.9,200,100,point_rogan_gladen,500,0,500,,,,,-0.009242908106470781,0.1099119025532809
0.45,0.95,0.9,200,1000,judgy,500,0,500,0.92,0.21736742084204544,0.22982172953884877,0.0,,
0.45,0.95,0.9,200,1000,skill,500,0,500,0.922,0.21741786755086182,0.2292827207888889,0.0,,
0.45,0.95,0.9,200,1000,repo,500,0,500,0.956,0.2388108807039286,0.2515487084496577,0.0,,
0.45,0.95,0.9,200,1000,stratified,500,0,500,0.958,0.23841190591958553,0.2492280937395231,0.0,,
0.45,0.95,0.9,200,1000,lang_reiczigel,500,0,500,0.958,0.2515645071161648,0.26202018460392146,0.0,,
0.45,0.95,0.9,200,1000,wilson_known,500,0,500,0.618,0.12409387771162611,0.13822836643707392,0.0,,
0.45,0.95,0.9,200,1000,point_rogan_gladen,500,0,500,,,,,-0.005065436982474689,0.07449567931617526
0.55,0.55,0.1,10,100,judgy,500,199,301,0.8737541528239202,0.8525079278698465,1.0,0.1885747508305648,,
0.55,0.55,0.1,10,100,skill,500,199,301,0.9634551495016611,0.9755411498855594,1.0,0.1885747508305648,,
0.55,0.55,0.1,10,100,repo,500,199,301,0.9667774086378738,0.976973373931761,1.0,0.1885747508305648,,
0.55,0.55,0.1,10,100,stratified,500,199,301,0.9568106312292359,0.9674800005273428,1.0,0.1885747508305648,,
0.55,0.55,0.1,10,100,lang_reiczigel,500,199,301,0.9534883720930233,0.9657040293445139,1.0,0.1885747508305648,,
0.55,0.55,0.1,10,100,wilson_known,500,199,301,0.4750830564784053,0.48235341142363053,0.4755397002557866,0.1885747508305648,,
0.55,0.55,0.1,10,100,point_rogan_gladen,500,199,301,,,,,0.31210093339661443,0.472304750128873
0.55,0.55,0.1,10,1000,judgy,500,197,303,0.9174917491749175,0.8591641753825127,1.0,0.175496699669967,,
0.55,0.55,0.1,10,1000,skill,500,197,303,0.9867986798679867,0.9691974868734982,1.0,0.175496699669967,,
0.55,0.55,0.1,10,1000,repo,500,197,303,0.9867986798679867,0.968952828177767,1.0,0.175496699669967,,
0.55,0.55,0.1,10,1000,stratified,500,197,303,0.9834983498349835,0.9605720987872597,1.0,0.175496699669967,,
0.55,0.55,0.1,10,1000,lang_reiczigel,500,197,303,0.9735973597359736,0.9543036111271892,1.0,0.175496699669967,,
0.55,0.55,0.1,10,1000,wilson_known,500,197,303,0.14521452145214522,0.18104613075545695,0.15439265147458758,0.175496699669967,,
0.55,0.55,0.1,10,1000,point_rogan_gladen,500,197,303,,,,,0.28209488448844877,0.43267298549923516
0.55,0.55,0.1,20,100,judgy,500,141,359,0.871866295264624,0.8354281667068975,1.0,0.1737520891364903,,
0.55,0.55,0.1,20,100,skill,500,141,359,0.9554317548746518,0.9629333889646052,1.0,0.1737520891364903,,
0.55,0.55,0.1,20,100,repo,500,141,359,0.9637883008356546,0.9736795834811577,1.0,0.1737520891364903,,
0.55,0.55,0.1,20,100,stratified,500,141,359,0.9610027855153204,0.9668668288922467,1.0,0.1737520891364903,,
0.55,0.55,0.1,20,100,lang_reiczigel,500,141,359,0.9498607242339833,0.9624077258297493,1.0,0.1737520891364903,,
0.55,0.55,0.1,20,100,wilson_known,500,141,359,0.6211699164345403,0.6090516772500624,0.6400108356853125,0.1737520891364903,,
0.55,0.55,0.1,20,100,point_rogan_gladen,500,141,359,,,,,0.29143281200384263,0.45982361811643085
0.55,0.55,0.1,20,1000,judgy,500,142,358,0.9217877094972067,0.8574477519503131,1.0,0.16187849162011173,,
0.55,0.55,0.1,20,1000,skill,500,142,358,0.9664804469273743,0.960402197272052,1.0,0.16187849162011173,,
0.55,0.55,0.1,20,1000,repo,500,142,358,0.9664804469273743,0.9628139980206109,1.0,0.16187849162011173,,
0.55,0.55,0.1,20,1000,stratified,500,142,358,0.9553072625698324,0.9529958320117188,1.0,0.16187849162011173,,
0.55,0.55,0.1,20,1000,lang_reiczigel,500,142,358,0.9301675977653632,0.9382955258485813,1.0,0.16187849162011173,,
0.55,0.55,0.1,20,1000,wilson_known,500,142,358,0.24022346368715083,0.24012754852970944,0.20589923975917268,0.16187849162011173,,
0.55,0.55,0.1,20,1000,point_rogan_gladen,500,142,358,,,,,0.2608138407216619,0.4198162925899056
0.55,0.55,0.1,50,100,judgy,500,103,397,0.8513853904282116,0.7366851450287111,0.859463008214618,0.15217380352644835,,
0.55,0.55,0.1,50,100,skill,500,103,397,0.9596977329974811,0.9326263988089185,1.0,0.15217380352644835,,
0.55,0.55,0.1,50,100,repo,500,103,397,0.9848866498740554,0.9602229043191273,1.0,0.15217380352644835,,
0.55,0.55,0.1,50,100,stratified,500,103,397,0.9848866498740554,0.9588729321095065,1.0,0.15217380352644835,,
0.55,0.55,0.1,50,100,lang_reiczigel,500,103,397,0.9722921914357683,0.9554195173482436,1.0,0.15217380352644835,,
0.55,0.55,0.1,50,100,wilson_known,500,103,397,0.7581863979848866,0.7056868485543109,0.7974350751312802,0.15217380352644835,,
0.55,0.55,0.1,50,100,point_rogan_gladen,500,103,397,,,,,0.24140532840364579,0.4400488664943097
0.55,0.55,0.1,50,1000,judgy,500,93,407,0.9656019656019657,0.8255718251856632,0.968473983242326,0.14114127764127762,,
0.55,0.55,0.1,50,1000,skill,500,93,407,0.9803439803439803,0.9555185277237889,1.0,0.14114127764127762,,
0.55,0.55,0.1,50,1000,repo,500,93,407,0.9803439803439803,0.9580501893299675,1.0,0.14114127764127762,,
0.55,0.55,0.1,50,1000,stratified,500,93,407,0.9778869778869779,0.9513968428637359,1.0,0.14114127764127762,,
0.55,0.55,0.1,50,1000,lang_reiczigel,500,93,407,0.9459459459459459,0.9237739420053057,1.0,0.14114127764127762,,
0.55,0.55,0.1,50,1000,wilson_known,500,93,407,0.39803439803439805,0.3178616043140715,0.28112942373271244,0.14114127764127762,,
0.55,0.55,0.1,50,1000,point_rogan_gladen,500,93,407,,,,,0.17714756238063997,0.3351472703027933
0.55,0.55,0.1,100,100,judgy,500,47,453,0.7637969094922737,0.6324122246461668,0.6530560543278076,0.10110264900662252,,
0.55,0.55,0.1,100,100,skill,500,47,453,0.9205298013245033,0.8755500568114005,1.0,0.10110264900662252,,
0.55,0.55,0.1,100,100,repo,500,47,453,0.9801324503311258,0.9530621490584276,1.0,0.10110264900662252,,
0.55,0.55,0.1,100,100,stratified,500,47,453,0.977924944812362,0.9521245711561293,1.0,0.10110264900662252,,
0.55,0.55,0.1,100,100,lang_reiczigel,500,47,453,0.9735099337748344,0.9524436645780556,1.0,0.10110264900662252,,
0.55,0.55,0.1,100,100,wilson_known,500,47,453,0.8410596026490066,0.7604325486837068,0.8653613547000382,0.10110264900662252,,
0.55,0.55,0.1,100,100,point_rogan_gladen,500,47,453,,,,,0.1925053134050748,0.38033467714533775
0.55,0.55,0.1,100,1000,judgy,500,45,455,0.9560439560439561,0.7269137003672947,0.7707820689655169,0.10949230769230768,,
0.55,0.55,0.1,100,1000,skill,500,45,455,0.9758241758241758,0.9108623883286238,1.0,0.10949230769230768,,
0.55,0.55,0.1,100,1000,repo,500,45,455,0.9846153846153847,0.9255433547367564,1.0,0.10949230769230768,,
0.55,0.55,0.1,100,1000,stratified,500,45,455,0.9824175824175824,0.9122541770733537,1.0,0.10949230769230768,,
0.55,0.55,0.1,100,1000,lang_reiczigel,500,45,455,0.9516483516483516,0.8887562024862028,1.0,0.10949230769230768,,
0.55,0.55,0.1,100,1000,wilson_known,500,45,455,0.47912087912087914,0.3422541405934109,0.3261990774263718,0.10949230769230768,,
0.55,0.55,0.1,100,1000,point_rogan_gladen,500,45,455,,,,,0.1301514378361804,0.2897946354230945
0.55,0.55,0.1,200,100,judgy,500,9,491,0.6945010183299389,0.5000557922569269,0.4787000085001482,0.05713441955193482,,
0.55,0.55,0.1,200,100,skill,500,9,491,0.8370672097759674,0.7302126779045625,0.9407472152107054,0.05713441955193482,,
0.55,0.55,0.1,200,100,repo,500,9,491,0.9816700610997964,0.9232384765461059,1.0,0.05713441955193482,,
0.55,0.55,0.1,200,100,stratified,500,9,491,0.9837067209775967,0.9228338287049676,1.0,0.05713441955193482,,
0.55,0.55,0.1,200,100,lang_reiczigel,500,9,491,0.9837067209775967,0.9421183103668547,1.0,0.05713441955193482,,
0.55,0.55,0.1,200,100,wilson_known,500,9,491,0.9205702647657841,0.7917875070545414,0.9453671197594127,0.05713441955193482,,
0.55,0.55,0.1,200,100,point_rogan_gladen,500,9,491,,,,,0.15834915767131832,0.3619522473833408
0.55,0.55,0.1,200,1000,judgy,500,13,487,0.9137577002053389,0.6059016694358267,0.584565555262584,0.061570841889117045,,
0.55,0.55,0.1,200,1000,skill,500,13,487,0.9568788501026694,0.7884791408357775,0.9483343286205809,0.061570841889117045,,
0.55,0.55,0.1,200,1000,repo,500,13,487,0.971252566735113,0.8296743263196673,1.0,0.061570841889117045,,
0.55,0.55,0.1,200,1000,stratified,500,13,487,0.973305954825462,0.8223410288690404,1.0,0.061570841889117045,,
0.55,0.55,0.1,200,1000,lang_reiczigel,500,13,487,0.9425051334702259,0.8093437469097837,0.8225398057420337,0.061570841889117045,,
0.55,0.55,0.1,200,1000,wilson_known,500,13,487,0.6201232032854209,0.3744732258896363,0.37682700748983566,0.061570841889117045,,
0.55,0.55,0.1,200,1000,point_rogan_gladen,500,13,487,,,,,0.0968584228483841,0.23671957631024299
0.55,0.55,0.3,10,100,judgy,500,217,283,0.9081272084805654,0.8498824259063119,1.0,0.18382924854653473,,
0.55,0.55,0.3,10,100,skill,500,217,283,0.9823321554770318,0.9717651826633464,1.0,0.18382924854653473,,
0.55,0.55,0.3,10,100,repo,500,217,283,0.9893992932862191,0.9784761916935125,1.0,0.18382924854653473,,
0.55,0.55,0.3,10,100,stratified,500,217,283,0.9787985865724381,0.9660778226484938,1.0,0.18382924854653473,,
0.55,0.55,0.3,10,100,lang_reiczigel,500,217,283,0.9929328621908127,0.9630840001419736,1.0,0.18382924854653473,,
0.55,0.55,0.3,10,100,wilson_known,500,217,283,0.5017667844522968,0.47022182879644114,0.4755397002557866,0.18382924854653473,,
0.55,0.55,0.3,10,100,point_rogan_gladen,500,217,283,,,,,0.14149756015480394,0.39205948626433373
0.55,0.55,0.3,10,1000,judgy,500,210,290,0.9172413793103448,0.8598599238742154,1.0,0.18800541908885476,,
0.55,0.55,0.3,10,1000,skill,500,210,290,0.9724137931034482,0.9681392213230519,1.0,0.18800541908885476,,
0.55,0.55,0.3,10,1000,repo,500,210,290,0.9724137931034482,0.9715198048859001,1.0,0.18800541908885476,,
0.55,0.55,0.3,10,1000,stratified,500,210,290,0.9724137931034482,0.9574129515599342,1.0,0.18800541908885476,,
0.55,0.55,0.3,10,1000,lang_reiczigel,500,210,290,0.9827586206896551,0.9512502145898754,1.0,0.18800541908885476,,
0.55,0.55,0.3,10,1000,wilson_known,500,210,290,0.2103448275862069,0.16400442555156475,0.15426250222122467,0.18800541908885476,,
0.55,0.55,0.3,10,1000,point_rogan_gladen,500,210,290,,,,,0.14077224958949092,0.39143165881386816
0.55,0.55,0.3,20,100,judgy,500,151,349,0.8796561604584527,0.8375103874888041,1.0,0.1894025787965616,,
0.55,0.55,0.3,20,100,skill,500,151,349,0.9799426934097422,0.9721271637524855,1.0,0.1894025787965616,,
0.55,0.55,0.3,20,100,repo,500,151,349,1.0,0.9829239046452043,1.0,0.1894025787965616,,
0.55,0.55,0.3,20,100,stratified,500,151,349,0.994269340974212,0.9775350852188245,1.0,0.1894025787965616,,
0.55,0.55,0.3,20,100,lang_reiczigel,500,151,349,1.0,0.9713491308020716,1.0,0.1894025787965616,,
0.55,0.55,0.3,20,100,wilson_known,500,151,349,0.6790830945558739,0.6068338545331278,0.6400108356853118,0.1894025787965616,,
0.55,0.55,0.3,20,100,point_rogan_gladen,500,151,349,,,,,0.13125625886370876,0.39281897552318884
0.55,0.55,0.3,20,1000,judgy,500,160,340,0.9117647058823529,0.8505444311258751,1.0,0.16599117647058823,,
0.55,0.55,0.3,20,1000,skill,500,160,340,0.9882352941176471,0.9645268955127322,1.0,0.16599117647058823,,
0.55,0.55,0.3,20,1000,repo,500,160,340,0.9852941176470589,0.9645384733473873,1.0,0.16599117647058823,,
0.55,0.55,0.3,20,1000,stratified,500,160,340,0.9764705882352941,0.9545694231422173,1.0,0.16599117647058823,,
0.55,0.55,0.3,20,1000,lang_reiczigel,500,160,340,0.9823529411764705,0.9427284253833959,1.0,0.16599117647058823,,
0.55,0.55,0.3,20,1000,wilson_known,500,160,340,0.27647058823529413,0.23337231193678698,0.20780324638436046,0.16599117647058823,,
0.55,0.55,0.3,20,1000,point_rogan_gladen,500,160,340,,,,,0.1198343731431967,0.3729650073944443
0.55,0.55,0.3,50,100,judgy,500,88,412,0.8349514563106796,0.7677900334147978,0.9010934065934079,0.14652305825242717,,
0.55,0.55,0.3,50,100,skill,500,88,412,0.9660194174757282,0.9380959570367564,1.0,0.14652305825242717,,
0.55,0.55,0.3,50,100,repo,500,88,412,0.9902912621359223,0.9727859864084805,1.0,0.14652305825242717,,
0.55,0.55,0.3,50,100,stratified,500,88,412,0.9878640776699029,0.9695641670779805,1.0,0.14652305825242717,,
0.55,0.55,0.3,50,100,lang_reiczigel,500,88,412,0.9927184466019418,0.963014552450503,1.0,0.14652305825242717,,
0.55,0.55,0.3,50,100,wilson_known,500,88,412,0.8131067961165048,0.735431020904269,0.8383313644327364,0.14652305825242717,,
0.55,0.55,0.3,50,100,point_rogan_gladen,500,88,412,,,,,0.11137826657088197,0.39338913604027037
0.55,0.55,0.3,50,1000,judgy,500,98,402,0.9328358208955224,0.864183949615452,1.0,0.15341791044776118,,
0.55,0.55,0.3,50,1000,skill,500,98,402,0.9875621890547264,0.9598736918936525,1.0,0.15341791044776118,,
0.55,0.55,0.3,50,1000,repo,500,98,402,0.9875621890547264,0.9625766746490819,1.0,0.15341791044776118,,
0.55,0.55,0.3,50,1000,stratified,500,98,402,0.9900497512437811,0.9600623585592489,1.0,0.15341791044776118,,
0.55,0.55,0.3,50,1000,lang_reiczigel,500,98,402,0.9900497512437811,0.9331949764101602,1.0,0.15341791044776118,,
0.55,0.55,0.3,50,1000,wilson_known,500,98,402,0.4427860696517413,0.3553114452091213,0.3092639379203519,0.15341791044776118,,
0.55,0.55,0.3,50,1000,point_rogan_gladen,500,98,402,,,,,0.09215682367213304,0.3454167992155063
0.55,0.55,0.3,100,100,judgy,500,44,456,0.7478070175438597,0.6675217723750929,0.6943737131858395,0.10322149122807017,,
0.55,0.55,0.3,100,100,skill,500,44,456,0.918859649122807,0.8774933707496296,1.0,0.10322149122807017,,
0.55,0.55,0.3,100,100,repo,500,44,456,0.9846491228070176,0.9564416403046053,1.0,0.10322149122807017,,
0.55,0.55,0.3,100,100,stratified,500,44,456,0.9868421052631579,0.9551747849650261,1.0,0.10322149122807017,,
0.55,0.55,0.3,100,100,lang_reiczigel,500,44,456,0.9912280701754386,0.9558994392141988,1.0,0.10322149122807017,,
0.55,0.55,0.3,100,100,wilson_known,500,44,456,0.8530701754385965,0.7930122345185534,0.9133878821695549,0.10322149122807017,,
0.55,0.55,0.3,100,100,point_rogan_gladen,500,44,456,,,,,0.07663593800351838,0.3777090100930341
0.55,0.55,0.3,100,1000,judgy,500,34,466,0.927038626609442,0.8137838148857047,0.9362376369300278,0.11197210300429183,,
0.55,0.55,0.3,100,1000,skill,500,34,466,0.9742489270386266,0.9282310488915206,1.0,0.11197210300429183,,
0.55,0.55,0.3,100,1000,repo,500,34,466,0.9721030042918455,0.9406238229837036,1.0,0.11197210300429183,,
0.55,0.55,0.3,100,1000,stratified,500,34,466,0.9763948497854077,0.9366674516470331,1.0,0.11197210300429183,,
0.55,0.55,0.3,100,1000,lang_reiczigel,500,34,466,0.98068669527897,0.9109452974895629,1.0,0.11197210300429183,,
0.55,0.55,0.3,100,1000,wilson_known,500,34,466,0.5450643776824035,0.4293002130407714,0.40853837957229816,0.11197210300429183,,
0.55,0.55,0.3,100,1000,point_rogan_gladen,500,34,466,,,,,0.08942934136924549,0.32620208334799045
0.55,0.55,0.3,200,100,judgy,500,7,493,0.6592292089249493,0.5885592080512448,0.6040421211586479,0.06727890466531439,,
0.55,0.55,0.3,200,100,skill,500,7,493,0.8316430020283976,0.7878000858563395,1.0,0.06727890466531439,,
0.55,0.55,0.3,200,100,repo,500,7,493,0.9655172413793104,0.9481747114455553,1.0,0.06727890466531439,,
0.55,0.55,0.3,200,100,stratified,500,7,493,0.9655172413793104,0.9450807522374606,1.0,0.06727890466531439,,
0.55,0.55,0.3,200,100,lang_reiczigel,500,7,493,0.9837728194726166,0.9569551825610769,1.0,0.06727890466531439,,
0.55,0.55,0.3,200,100,wilson_known,500,7,493,0.8924949290060852,0.8565565840898501,1.0,0.06727890466531439,,
0.55,0.55,0.3,200,100,point_rogan_gladen,500,7,493,,,,,0.09103175136723708,0.375737206507239
0.55,0.55,0.3,200,1000,judgy,500,11,489,0.9243353783231084,0.7417648089730497,0.7637983338626524,0.057505112474437625,,
0.55,0.55,0.3,200,1000,skill,500,11,489,0.9652351738241309,0.8524246849932055,1.0,0.057505112474437625,,
0.55,0.55,0.3,200,1000,repo,500,11,489,0.9795501022494888,0.8901702223416877,1.0,0.057505112474437625,,
0.55,0.55,0.3,200,1000,stratified,500,11,489,0.9815950920245399,0.8875596313289449,1.0,0.057505112474437625,,
0.55,0.55,0.3,200,1000,lang_reiczigel,500,11,489,0.9897750511247444,0.8550315833860263,0.8913837122068218,0.057505112474437625,,
0.55,0.55,0.3,200,1000,wilson_known,500,11,489,0.6789366053169734,0.4772559763239866,0.46962190914652113,0.057505112474437625,,
0.55,0.55,0.3,200,1000,point_rogan_gladen,500,11,489,,,,,0.029140745850126444,0.26451865764325944
0.55,0.55,0.5,10,100,judgy,500,213,287,0.9024390243902439,0.8509793623919265,1.0,0.18993965188168996,,
0.55,0.55,0.5,10,100,skill,500,213,287,0.9895470383275261,0.9644052460786917,1.0,0.18993965188168996,,
0.55,0.55,0.5,10,100,repo,500,213,287,0.9930313588850174,0.9722943529935426,1.0,0.18993965188168996,,
0.55,0.55,0.5,10,100,stratified,500,213,287,0.9930313588850174,0.9624864533211657,1.0,0.18993965188168996,,
0.55,0.55,0.5,10,100,lang_reiczigel,500,213,287,1.0,0.962075439500528,1.0,0.18993965188168996,,
0.55,0.55,0.5,10,100,wilson_known,500,213,287,0.5818815331010453,0.481471304729328,0.4755397002557866,0.18993965188168996,,
0.55,0.55,0.5,10,100,point_rogan_gladen,500,213,287,,,,,-0.010791023726563832,0.36944596838228994
0.55,0.55,0.5,10,1000,judgy,500,195,305,0.9344262295081968,0.8617523793156863,1.0,0.1710655737704918,,
0.55,0.55,0.5,10,1000,skill,500,195,305,0.9934426229508196,0.9533214556130418,1.0,0.1710655737704918,,
0.55,0.55,0.5,10,1000,repo,500,195,305,0.9967213114754099,0.954171956292865,1.0,0.1710655737704918,,
0.55,0.55,0.5,10,1000,stratified,500,195,305,0.980327868852459,0.9450486764897215,1.0,0.1710655737704918,,
0.55,0.55,0.5,10,1000,lang_reiczigel,500,195,305,1.0,0.9401006067288427,1.0,0.1710655737704918,,
0.55,0.55,0.5,10,1000,wilson_known,500,195,305,0.1540983606557377,0.16622109144742842,0.15462118305299202,0.1710655737704918,,
0.55,0.55,0.5,10,1000,point_rogan_gladen,500,195,305,,,,,0.02925886026541759,0.3682267708356443
0.55,0.55,0.5,20,100,judgy,500,153,347,0.8876080691642652,0.8578312966603682,1.0,0.17996541786743517,,
0.55,0.55,0.5,20,100,skill,500,153,347,0.9798270893371758,0.9739496244874222,1.0,0.17996541786743517,,
0.55,0.55,0.5,20,100,repo,500,153,347,0.9971181556195965,0.982973737327737,1.0,0.17996541786743517,,
0.55,0.55,0.5,20,100,stratified,500,153,347,0.9942363112391931,0.9787278761904123,1.0,0.17996541786743517,,
0.55,0.55,0.5,20,100,lang_reiczigel,500,153,347,1.0,0.9705647311272231,1.0,0.17996541786743517,,
0.55,0.55,0.5,20,100,wilson_known,500,153,347,0.723342939481268,0.6167768885046165,0.6406290158908046,0.17996541786743517,,
0.55,0.55,0.5,20,100,point_rogan_gladen,500,153,347,,,,,-0.016093957275513455,0.37642741016431075
0.55,0.55,0.5,20,1000,judgy,500,163,337,0.9317507418397626,0.8869771841435078,1.0,0.18592433234421368,,
0.55,0.55,0.5,20,1000,skill,500,163,337,0.9940652818991098,0.9737146326536147,1.0,0.18592433234421368,,
0.55,0.55,0.5,20,1000,repo,500,163,337,0.9940652818991098,0.9771800416011057,1.0,0.18592433234421368,,
0.55,0.55,0.5,20,1000,stratified,500,163,337,0.9940652818991098,0.9685101592398698,1.0,0.18592433234421368,,
0.55,0.55,0.5,20,1000,lang_reiczigel,500,163,337,1.0,0.9553544633913673,1.0,0.18592433234421368,,
0.55,0.55,0.5,20,1000,wilson_known,500,163,337,0.26706231454005935,0.25646019018754596,0.2096250419545396,0.18592433234421368,,
0.55,0.55,0.5,20,1000,point_rogan_gladen,500,163,337,,,,,-0.020024518014132263,0.36901721352975764
0.55,0.55,0.5,50,100,judgy,500,85,415,0.8385542168674699,0.7935408343081479,0.9771080213903739,0.15397590361445784,,
0.55,0.55,0.5,50,100,skill,500,85,415,0.9710843373493976,0.9493605102900785,1.0,0.15397590361445784,,
0.55,0.55,0.5,50,100,repo,500,85,415,0.9879518072289156,0.9728042976339941,1.0,0.15397590361445784,,
0.55,0.55,0.5,50,100,stratified,500,85,415,0.980722891566265,0.9690476386901304,1.0,0.15397590361445784,,
0.55,0.55,0.5,50,100,lang_reiczigel,500,85,415,0.9975903614457832,0.9678964790700396,1.0,0.15397590361445784,,
0.55,0.55,0.5,50,100,wilson_known,500,85,415,0.8265060240963855,0.7624953235369928,0.8713012352653355,0.15397590361445784,,
0.55,0.55,0.5,50,100,point_rogan_gladen,500,85,415,,,,,0.012737502772052638,0.3754070999101838
0.55,0.55,0.5,50,1000,judgy,500,82,418,0.9258373205741627,0.8629175256561094,1.0,0.14345215311004786,,
0.55,0.55,0.5,50,1000,skill,500,82,418,0.9904306220095693,0.9572297522789023,1.0,0.14345215311004786,,
0.55,0.55,0.5,50,1000,repo,500,82,418,0.992822966507177,0.9624532544668228,1.0,0.14345215311004786,,
0.55,0.55,0.5,50,1000,stratified,500,82,418,0.9904306220095693,0.9541748046317137,1.0,0.14345215311004786,,
0.55,0.55,0.5,50,1000,lang_reiczigel,500,82,418,1.0,0.9297250333829772,1.0,0.14345215311004786,,
0.55,0.55,0.5,50,1000,wilson_known,500,82,418,0.430622009569378,0.35165693824562516,0.31538448058019947,0.14345215311004786,,
0.55,0.55,0.5,50,1000,point_rogan_gladen,500,82,418,,,,,0.020563147693301705,0.33786892145094466
0.55,0.55,0.5,100,100,judgy,500,42,458,0.777292576419214,0.7283462287670706,0.798535802410561,0.11224017467248906,,
0.55,0.55,0.5,100,100,skill,500,42,458,0.9235807860262009,0.8974763420260202,1.0,0.11224017467248906,,
0.55,0.55,0.5,100,100,repo,500,42,458,0.9847161572052402,0.9634849653579003,1.0,0.11224017467248906,,
0.55,0.55,0.5,100,100,stratified,500,42,458,0.9847161572052402,0.9620116178392519,1.0,0.11224017467248906,,
0.55,0.55,0.5,100,100,lang_reiczigel,500,42,458,0.9978165938864629,0.9633119298058571,1.0,0.11224017467248906,,
0.55,0.55,0.5,100,100,wilson_known,500,42,458,0.8995633187772926,0.8417726750309104,0.9768425763268016,0.11224017467248906,,
0.55,0.55,0.5,100,100,point_rogan_gladen,500,42,458,,,,,-0.04185792777658944,0.3742997654376242
0.55,0.55,0.5,100,1000,judgy,500,47,453,0.9271523178807947,0.8509123585819521,1.0,0.11879470198675497,,
0.55,0.55,0.5,100,1000,skill,500,47,453,0.9889624724061811,0.9355446727812561,1.0,0.11879470198675497,,
0.55,0.55,0.5,100,1000,repo,500,47,453,0.9955849889624724,0.9473469637267969,1.0,0.11879470198675497,,
0.55,0.55,0.5,100,1000,stratified,500,47,453,0.9933774834437086,0.9432319409114203,1.0,0.11879470198675497,,
0.55,0.55,0.5,100,1000,lang_reiczigel,500,47,453,1.0,0.9124548384748603,1.0,0.11879470198675497,,
0.55,0.55,0.5,100,1000,wilson_known,500,47,453,0.58719646799117,0.4638362315888807,0.436889270457735,0.11879470198675497,,
0.55,0.55,0.5,100,1000,point_rogan_gladen,500,47,453,,,,,-0.028324126739998876,0.31780767409094457
0.55,0.55,0.5,200,100,judgy,500,10,490,0.6387755102040816,0.594976587612308,0.6014163627427749,0.06587142857142857,,
0.55,0.55,0.5,200,100,skill,500,10,490,0.8122448979591836,0.772548807624314,0.9617598781142476,0.06587142857142857,,
0.55,0.55,0.5,200,100,repo,500,10,490,0.9816326530612245,0.9510027378460232,1.0,0.06587142857142857,,
0.55,0.55,0.5,200,100,stratified,500,10,490,0.9836734693877551,0.9488558147723735,1.0,0.06587142857142857,,
0.55,0.55,0.5,200,100,lang_reiczigel,500,10,490,0.9979591836734694,0.9583122043992296,1.0,0.06587142857142857,,
0.55,0.55,0.5,200,100,wilson_known,500,10,490,0.9306122448979591,0.8738429131209127,1.0,0.06587142857142857,,
0.55,0.55,0.5,200,100,point_rogan_gladen,500,10,490,,,,,0.010424147274430461,0.3706484373288833
0.55,0.55,0.5,200,1000,judgy,500,6,494,0.9048582995951417,0.7739822125692208,0.7822831707638955,0.05427530364372469,,
0.55,0.55,0.5,200,1000,skill,500,6,494,0.9615384615384616,0.8546094869154737,1.0,0.05427530364372469,,
0.55,0.55,0.5,200,1000,repo,500,6,494,0.9757085020242915,0.894389133126951,1.0,0.05427530364372469,,
0.55,0.55,0.5,200,1000,stratified,500,6,494,0.9777327935222672,0.8904339836424976,1.0,0.05427530364372469,,
0.55,0.55,0.5,200,1000,lang_reiczigel,500,6,494,0.9919028340080972,0.8535620891477644,0.8873965796165679,0.05427530364372469,,
0.55,0.55,0.5,200,1000,wilson_known,500,6,494,0.7165991902834008,0.5004842071020257,0.4816855850460585,0.05427530364372469,,
0.55,0.55,0.5,200,1000,point_rogan_gladen,500,6,494,,,,,0.038138118670667825,0.2814667134373195
0.55,0.55,0.7,10,100,judgy,500,199,301,0.9003322259136213,0.8581765882790192,1.0,0.18609219310652006,,
0.55,0.55,0.7,10,100,skill,500,199,301,0.9700996677740864,0.9644270572139103,1.0,0.18609219310652006,,
0.55,0.55,0.7,10,100,repo,500,199,301,0.9767441860465116,0.9723055270797348,1.0,0.18609219310652006,,
0.55,0.55,0.7,10,100,stratified,500,199,301,0.9667774086378738,0.9620104380899646,1.0,0.18609219310652006,,
0.55,0.55,0.7,10,100,lang_reiczigel,500,199,301,0.9833887043189369,0.9628476485961811,1.0,0.18609219310652006,,
0.55,0.55,0.7,10,100,wilson_known,500,199,301,0.5282392026578073,0.48589122521764183,0.48000812676398397,0.18609219310652006,,
0.55,0.55,0.7,10,100,point_rogan_gladen,500,199,301,,,,,-0.15955703211517158,0.39520059510306643
0.55,0.55,0.7,10,1000,judgy,500,215,285,0.9333333333333333,0.8656518424444377,1.0,0.1900438596491228,,
0.55,0.55,0.7,10,1000,skill,500,215,285,0.9754385964912281,0.9569006817784169,1.0,0.1900438596491228,,
0.55,0.55,0.7,10,1000,repo,500,215,285,0.9754385964912281,0.9584472356931717,1.0,0.1900438596491228,,
0.55,0.55,0.7,10,1000,stratified,500,215,285,0.9754385964912281,0.9505879500835422,1.0,0.1900438596491228,,
0.55,0.55,0.7,10,1000,lang_reiczigel,500,215,285,0.9824561403508771,0.9485252150014515,1.0,0.1900438596491228,,
0.55,0.55,0.7,10,1000,wilson_known,500,215,285,0.2,0.17282891938195521,0.15433616039655207,0.1900438596491228,,
0.55,0.55,0.7,10,1000,point_rogan_gladen,500,215,285,,,,,-0.13023835978835968,0.37607385124309756
0.55,0.55,0.7,20,100,judgy,500,151,349,0.9283667621776505,0.8464588895710784,1.0,0.1818868194842407,,
0.55,0.55,0.7,20,100,skill,500,151,349,0.994269340974212,0.9779868534449119,1.0,0.1818868194842407,,
0.55,0.55,0.7,20,100,repo,500,151,349,0.994269340974212,0.984609441647649,1.0,0.1818868194842407,,
0.55,0.55,0.7,20,100,stratified,500,151,349,0.9914040114613181,0.9800060994401969,1.0,0.1818868194842407,,
0.55,0.55,0.7,20,100,lang_reiczigel,500,151,349,0.994269340974212,0.969938511550456,1.0,0.1818868194842407,,
0.55,0.55,0.7,20,100,wilson_known,500,151,349,0.7048710601719198,0.614449573712089,0.6380286341015295,0.1818868194842407,,
0.55,0.55,0.7,20,100,point_rogan_gladen,500,151,349,,,,,-0.1103730923644963,0.3840646892878985
0.55,0.55,0.7,20,1000,judgy,500,150,350,0.9485714285714286,0.8956428881839258,1.0,0.17594714285714286,,
0.55,0.55,0.7,20,1000,skill,500,150,350,0.9942857142857143,0.9725549681380047,1.0,0.17594714285714286,,
0.55,0.55,0.7,20,1000,repo,500,150,350,0.9971428571428571,0.9739077582111028,1.0,0.17594714285714286,,
0.55,0.55,0.7,20,1000,stratified,500,150,350,0.9942857142857143,0.9682272413900292,1.0,0.17594714285714286,,
0.55,0.55,0.7,20,1000,lang_reiczigel,500,150,350,0.9942857142857143,0.9479397860316252,1.0,0.17594714285714286,,
0.55,0.55,0.7,20,1000,wilson_known,500,150,350,0.29714285714285715,0.2522254326633266,0.20619013359136262,0.17594714285714286,,
0.55,0.55,0.7,20,1000,point_rogan_gladen,500,150,350,,,,,-0.12800931560502982,0.35974291608236475
0.55,0.55,0.7,50,100,judgy,500,97,403,0.858560794044665,0.7949686223617425,0.9585852713178279,0.15205334987593053,,
0.55,0.55,0.7,50,100,skill,500,97,403,0.9702233250620348,0.9549229736325994,1.0,0.15205334987593053,,
0.55,0.55,0.7,50,100,repo,500,97,403,0.9975186104218362,0.9834064448888353,1.0,0.15205334987593053,,
0.55,0.55,0.7,50,100,stratified,500,97,403,0.9975186104218362,0.9797661668435509,1.0,0.15205334987593053,,
0.55,0.55,0.7,50,100,lang_reiczigel,500,97,403,0.9975186104218362,0.9718855449607141,1.0,0.15205334987593053,,
0.55,0.55,0.7,50,100,wilson_known,500,97,403,0.8461538461538461,0.7686232115718754,0.8505065013591203,0.15205334987593053,,
0.55,0.55,0.7,50,100,point_rogan_gladen,500,97,403,,,,,-0.0913512377288795,0.3766006637001618
0.55,0.55,0.7,50,1000,judgy,500,92,408,0.9411764705882353,0.853881131241933,1.0,0.154890931372549,,
0.55,0.55,0.7,50,1000,skill,500,92,408,0.9852941176470589,0.9614524815113773,1.0,0.154890931372549,,
0.55,0.55,0.7,50,1000,repo,500,92,408,0.9877450980392157,0.9660162890268443,1.0,0.154890931372549,,
0.55,0.55,0.7,50,1000,stratified,500,92,408,0.9901960784313726,0.9574902143079413,1.0,0.154890931372549,,
0.55,0.55,0.7,50,1000,lang_reiczigel,500,92,408,0.9877450980392157,0.9362669434516224,1.0,0.154890931372549,,
0.55,0.55,0.7,50,1000,wilson_known,500,92,408,0.36764705882352944,0.33501672925308873,0.30891860576624863,0.154890931372549,,
0.55,0.55,0.7,50,1000,point_rogan_gladen,500,92,408,,,,,-0.08690790091713194,0.35349293554579847
0.55,0.55,0.7,100,100,judgy,500,51,449,0.7839643652561247,0.7012114031116914,0.7476195336442807,0.10844877505567929,,
0.55,0.55,0.7,100,100,skill,500,51,449,0.9443207126948775,0.8949853582287701,1.0,0.10844877505567929,,
0.55,0.55,0.7,100,100,repo,500,51,449,0.9933184855233853,0.9669225563388073,1.0,0.10844877505567929,,
0.55,0.55,0.7,100,100,stratified,500,51,449,0.9955456570155902,0.9658050471011914,1.0,0.10844877505567929,,
0.55,0.55,0.7,100,100,lang_reiczigel,500,51,449,0.9955456570155902,0.9649986967702944,1.0,0.10844877505567929,,
0.55,0.55,0.7,100,100,wilson_known,500,51,449,0.8841870824053452,0.8161343823242017,0.959030801365869,0.10844877505567929,,
0.55,0.55,0.7,100,100,point_rogan_gladen,500,51,449,,,,,-0.06945082834802534,0.3608022404364972
0.55,0.55,0.7,100,1000,judgy,500,49,451,0.9423503325942351,0.8058056082645688,0.917197946428572,0.10748558758314855,,
0.55,0.55,0.7,100,1000,skill,500,49,451,0.9844789356984479,0.9257567028772957,1.0,0.10748558758314855,,
0.55,0.55,0.7,100,1000,repo,500,49,451,0.991130820399113,0.9364189886062033,1.0,0.10748558758314855,,
0.55,0.55,0.7,100,1000,stratified,500,49,451,0.9889135254988913,0.9321765734280119,1.0,0.10748558758314855,,
0.55,0.55,0.7,100,1000,lang_reiczigel,500,49,451,0.991130820399113,0.9025769829020673,1.0,0.10748558758314855,,
0.55,0.55,0.7,100,1000,wilson_known,500,49,451,0.5521064301552107,0.40862657639353933,0.38834263877880437,0.10748558758314855,,
0.55,0.55,0.7,100,1000,point_rogan_gladen,500,49,451,,,,,-0.05430560061028588,0.31360094245540737
0.55,0.55,0.7,200,100,judgy,500,9,491,0.6028513238289206,0.5616862403099525,0.5879486631993031,0.06460794297352342,,
0.55,0.55,0.7,200,100,skill,500,9,491,0.8044806517311609,0.761914331449308,0.9099580070240587,0.06460794297352342,,
0.55,0.55,0.7,200,100,repo,500,9,491,0.9755600814663951,0.9405917463333574,1.0,0.06460794297352342,,
0.55,0.55,0.7,200,100,stratified,500,9,491,0.9755600814663951,0.9413752638242713,1.0,0.06460794297352342,,
0.55,0.55,0.7,200,100,lang_reiczigel,500,9,491,0.9918533604887984,0.9541506845971391,1.0,0.06460794297352342,,
0.55,0.55,0.7,200,100,wilson_known,500,9,491,0.90020366598778,0.8413194605861345,1.0,0.06460794297352342,,
0.55,0.55,0.7,200,100,point_rogan_gladen,500,9,491,,,,,-0.09893299169500228,0.3799452801748243
0.55,0.55,0.7,200,1000,judgy,500,11,489,0.9202453987730062,0.7522093144585245,0.771127605853747,0.06977198364008179,,
0.55,0.55,0.7,200,1000,skill,500,11,489,0.967280163599182,0.8543763261060099,1.0,0.06977198364008179,,
0.55,0.55,0.7,200,1000,repo,500,11,489,0.9795501022494888,0.8911428364693731,1.0,0.06977198364008179,,
0.55,0.55,0.7,200,1000,stratified,500,11,489,0.9795501022494888,0.8855065022796237,1.0,0.06977198364008179,,
0.55,0.55,0.7,200,1000,lang_reiczigel,500,11,489,0.9877300613496932,0.8612970402617878,0.9189762135889838,0.06977198364008179,,
0.55,0.55,0.7,200,1000,wilson_known,500,11,489,0.7096114519427403,0.5008429204228575,0.4758437693887229,0.06977198364008179,,
0.55,0.55,0.7,200,1000,point_rogan_gladen,500,11,489,,,,,-0.031655570287299484,0.26686197965745195
0.55,0.55,0.9,10,100,judgy,500,208,292,0.863013698630137,0.8528828523507821,1.0,0.19256335616438355,,
0.55,0.55,0.9,10,100,skill,500,208,292,0.952054794520548,0.9639907977695765,1.0,0.19256335616438355,,
0.55,0.55,0.9,10,100,repo,500,208,292,0.958904109589041,0.9695567223914553,1.0,0.19256335616438355,,
0.55,0.55,0.9,10,100,stratified,500,208,292,0.9554794520547946,0.959953277886497,1.0,0.19256335616438355,,
0.55,0.55,0.9,10,100,lang_reiczigel,500,208,292,0.9486301369863014,0.9647381759861358,1.0,0.19256335616438355,,
0.55,0.55,0.9,10,100,wilson_known,500,208,292,0.4349315068493151,0.4578850293942753,0.45048331210178383,0.19256335616438355,,
0.55,0.55,0.9,10,100,point_rogan_gladen,500,208,292,,,,,-0.31608773646444877,0.4895427694618295
0.55,0.55,0.9,10,1000,judgy,500,197,303,0.8745874587458746,0.8540248685388132,1.0,0.18202250712815154,,
0.55,0.55,0.9,10,1000,skill,500,197,303,0.9603960396039604,0.9668444503954137,1.0,0.18202250712815154,,
0.55,0.55,0.9,10,1000,repo,500,197,303,0.9603960396039604,0.967292489279975,1.0,0.18202250712815154,,
0.55,0.55,0.9,10,1000,stratified,500,197,303,0.9537953795379538,0.9565525790376657,1.0,0.18202250712815154,,
0.55,0.55,0.9,10,1000,lang_reiczigel,500,197,303,0.9504950495049505,0.9520296453403032,1.0,0.18202250712815154,,
0.55,0.55,0.9,10,1000,wilson_known,500,197,303,0.1254125412541254,0.1680363295289236,0.1539698558702341,0.18202250712815154,,
0.55,0.55,0.9,10,1000,point_rogan_gladen,500,197,303,,,,,-0.26863641364136404,0.4269433307965139
0.55,0.55,0.9,20,100,judgy,500,160,340,0.9058823529411765,0.8307106833447937,1.0,0.18916323529411766,,
0.55,0.55,0.9,20,100,skill,500,160,340,0.9794117647058823,0.9693384793994001,1.0,0.18916323529411766,,
0.55,0.55,0.9,20,100,repo,500,160,340,0.9823529411764705,0.9779219346959697,1.0,0.18916323529411766,,
0.55,0.55,0.9,20,100,stratified,500,160,340,0.9823529411764705,0.9726518621084799,1.0,0.18916323529411766,,
0.55,0.55,0.9,20,100,lang_reiczigel,500,160,340,0.9735294117647059,0.9675870534469458,1.0,0.18916323529411766,,
0.55,0.55,0.9,20,100,wilson_known,500,160,340,0.6558823529411765,0.5876293471259468,0.6273286937568798,0.18916323529411766,,
0.55,0.55,0.9,20,100,point_rogan_gladen,500,160,340,,,,,-0.25008594346829643,0.43646657895757524
0.55,0.55,0.9,20,1000,judgy,500,159,341,0.9354838709677419,0.885573590065093,1.0,0.1819692082111437,,
0.55,0.55,0.9,20,1000,skill,500,159,341,0.9853372434017595,0.9772567742139291,1.0,0.1819692082111437,,
0.55,0.55,0.9,20,1000,repo,500,159,341,0.9882697947214076,0.9782490887207717,1.0,0.1819692082111437,,
0.55,0.55,0.9,20,1000,stratified,500,159,341,0.9824046920821115,0.9727388076895409,1.0,0.1819692082111437,,
0.55,0.55,0.9,20,1000,lang_reiczigel,500,159,341,0.967741935483871,0.9535694848333844,1.0,0.1819692082111437,,
0.55,0.55,0.9,20,1000,wilson_known,500,159,341,0.25806451612903225,0.2299149071395046,0.2055768464458223,0.1819692082111437,,
0.55,0.55,0.9,20,1000,point_rogan_gladen,500,159,341,,,,,-0.24208776707163787,0.41441928212379575
0.55,0.55,0.9,50,100,judgy,500,83,417,0.841726618705036,0.7322028677290093,0.7859484841698303,0.14164628297362108,,
0.55,0.55,0.9,50,100,skill,500,83,417,0.9592326139088729,0.9415192544485366,1.0,0.14164628297362108,,
0.55,0.55,0.9,50,100,repo,500,83,417,0.9808153477218226,0.9719958757919508,1.0,0.14164628297362108,,
0.55,0.55,0.9,50,100,stratified,500,83,417,0.9808153477218226,0.9689640071727259,1.0,0.14164628297362108,,
0.55,0.55,0.9,50,100,lang_reiczigel,500,83,417,0.9664268585131894,0.9622174376877948,1.0,0.14164628297362108,,
0.55,0.55,0.9,50,100,wilson_known,500,83,417,0.7769784172661871,0.7043871561441415,0.7677241209740553,0.14164628297362108,,
0.55,0.55,0.9,50,100,point_rogan_gladen,500,83,417,,,,,-0.22920835028701378,0.4161907025072473
0.55,0.55,0.9,50,1000,judgy,500,92,408,0.9534313725490197,0.8122572814211828,0.9376502402936282,0.15271446078431372,,
0.55,0.55,0.9,50,1000,skill,500,92,408,0.9828431372549019,0.9607758791233187,1.0,0.15271446078431372,,
0.55,0.55,0.9,50,1000,repo,500,92,408,0.9852941176470589,0.9643652852805316,1.0,0.15271446078431372,,
0.55,0.55,0.9,50,1000,stratified,500,92,408,0.9803921568627451,0.9589894264682992,1.0,0.15271446078431372,,
0.55,0.55,0.9,50,1000,lang_reiczigel,500,92,408,0.9632352941176471,0.9290474057550012,1.0,0.15271446078431372,,
0.55,0.55,0.9,50,1000,wilson_known,500,92,408,0.38480392156862747,0.2941149305405428,0.2786199667828792,0.15271446078431372,,
0.55,0.55,0.9,50,1000,point_rogan_gladen,500,92,408,,,,,-0.1703419080478986,0.3512682066204054
0.55,0.55,0.9,100,100,judgy,500,42,458,0.777292576419214,0.613920269767721,0.6311927969533478,0.10780786026200873,,
0.55,0.55,0.9,100,100,skill,500,42,458,0.9213973799126638,0.8631546347689859,1.0,0.10780786026200873,,
0.55,0.55,0.9,100,100,repo,500,42,458,0.982532751091703,0.9459684368360525,1.0,0.10780786026200873,,
0.55,0.55,0.9,100,100,stratified,500,42,458,0.9890829694323144,0.9422370406504605,1.0,0.10780786026200873,,
0.55,0.55,0.9,100,100,lang_reiczigel,500,42,458,0.9781659388646288,0.9479755964921863,1.0,0.10780786026200873,,
0.55,0.55,0.9,100,100,wilson_known,500,42,458,0.8602620087336245,0.7493438507234572,0.8920525070166736,0.10780786026200873,,
0.55,0.55,0.9,100,100,point_rogan_gladen,500,42,458,,,,,-0.19503984567760752,0.4024891778709489
0.55,0.55,0.9,100,1000,judgy,500,53,447,0.9373601789709173,0.7215071861819717,0.7631023430669699,0.11125615212527963,,
0.55,0.55,0.9,100,1000,skill,500,53,447,0.970917225950783,0.9045079837487211,1.0,0.11125615212527963,,
0.55,0.55,0.9,100,1000,repo,500,53,447,0.9731543624161074,0.9179683022877496,1.0,0.11125615212527963,,
0.55,0.55,0.9,100,1000,stratified,500,53,447,0.9753914988814317,0.9085860408805928,1.0,0.11125615212527963,,
0.55,0.55,0.9,100,1000,lang_reiczigel,500,53,447,0.9552572706935123,0.8891558299906415,1.0,0.11125615212527963,,
0.55,0.55,0.9,100,1000,wilson_known,500,53,447,0.5033557046979866,0.3447938787100525,0.3361749256292307,0.11125615212527963,,
0.55,0.55,0.9,100,1000,point_rogan_gladen,500,53,447,,,,,-0.12370472725872997,0.2837670266966875
0.55,0.55,0.9,200,100,judgy,500,11,489,0.6768916155419223,0.47000268587758665,0.46390183580805033,0.06587832310838446,,
0.55,0.55,0.9,200,100,skill,500,11,489,0.8425357873210634,0.736590572278489,1.0,0.06587832310838446,,
0.55,0.55,0.9,200,100,repo,500,11,489,0.9795501022494888,0.9136760628107087,1.0,0.06587832310838446,,
0.55,0.55,0.9,200,100,stratified,500,11,489,0.9734151329243353,0.9085413674037507,1.0,0.06587832310838446,,
0.55,0.55,0.9,200,100,lang_reiczigel,500,11,489,0.9734151329243353,0.936077685267266,1.0,0.06587832310838446,,
0.55,0.55,0.9,200,100,wilson_known,500,11,489,0.8773006134969326,0.7605990035309469,0.9304672433301616,0.06587832310838446,,
0.55,0.55,0.9,200,100,point_rogan_gladen,500,11,489,,,,,-0.13876650321187792,0.344749497485711
0.55,0.55,0.9,200,1000,judgy,500,14,486,0.9259259259259259,0.6027432405825642,0.5848784833729312,0.07402057613168724,,
0.55,0.55,0.9,200,1000,skill,500,14,486,0.9691358024691358,0.794099810139808,1.0,0.07402057613168724,,
0.55,0.55,0.9,200,1000,repo,500,14,486,0.9732510288065843,0.8324332880000777,1.0,0.07402057613168724,,
0.55,0.55,0.9,200,1000,stratified,500,14,486,0.9753086419753086,0.8304997485074022,1.0,0.07402057613168724,,
0.55,0.55,0.9,200,1000,lang_reiczigel,500,14,486,0.9629629629629629,0.8189105036224079,0.8319084818562421,0.07402057613168724,,
0.55,0.55,0.9,200,1000,wilson_known,500,14,486,0.5946502057613169,0.36780172067371947,0.3675092260953656,0.07402057613168724,,
0.55,0.55,0.9,200,1000,point_rogan_gladen,500,14,486,,,,,-0.08424992703928909,0.23319519235292988
0.55,0.65,0.1,10,100,judgy,500,123,377,0.8938992042440318,0.7653035951167879,0.8499999999999999,0.15774828661014856,,
0.55,0.65,0.1,10,100,skill,500,123,377,0.9442970822281167,0.9144848286228715,1.0,0.15774828661014856,,
0.55,0.65,0.1,10,100,repo,500,123,377,0.946949602122016,0.9312401120636166,1.0,0.15774828661014856,,
0.55,0.65,0.1,10,100,stratified,500,123,377,0.9416445623342176,0.9089615279356659,1.0,0.15774828661014856,,
0.55,0.65,0.1,10,100,lang_reiczigel,500,123,377,0.9522546419098143,0.9018530619780075,1.0,0.15774828661014856,,
0.55,0.65,0.1,10,100,wilson_known,500,123,377,0.48010610079575594,0.39197512051001526,0.37194219769465153,0.15774828661014856,,
0.55,0.65,0.1,10,100,point_rogan_gladen,500,123,377,,,,,0.19152488316281416,0.3741239005125622
0.55,0.65,0.1,10,1000,judgy,500,110,390,0.8923076923076924,0.7929414169539398,0.8500675675675676,0.14455269108913432,,
0.55,0.65,0.1,10,1000,skill,500,110,390,0.9358974358974359,0.9309759315711339,1.0,0.14455269108913432,,
0.55,0.65,0.1,10,1000,repo,500,110,390,0.9435897435897436,0.9349715249844202,1.0,0.14455269108913432,,
0.55,0.65,0.1,10,1000,stratified,500,110,390,0.9051282051282051,0.9043850043243793,1.0,0.14455269108913432,,
0.55,0.65,0.1,10,1000,lang_reiczigel,500,110,390,0.9564102564102565,0.888889183440096,1.0,0.14455269108913432,,
0.55,0.65,0.1,10,1000,wilson_known,500,110,390,0.07948717948717948,0.13662861883226735,0.11964734297450397,0.14455269108913432,,
0.55,0.65,0.1,10,1000,point_rogan_gladen,500,110,390,,,,,0.198711752136752,0.3537868100795089
0.55,0.65,0.1,20,100,judgy,500,73,427,0.9063231850117096,0.7123218201006947,0.7355810810810807,0.12246721311475409,,
0.55,0.65,0.1,20,100,skill,500,73,427,0.955503512880562,0.9065756837491542,1.0,0.12246721311475409,,
0.55,0.65,0.1,20,100,repo,500,73,427,0.9742388758782201,0.9307272149701182,1.0,0.12246721311475409,,
0.55,0.65,0.1,20,100,stratified,500,73,427,0.9625292740046838,0.9178166047247359,1.0,0.12246721311475409,,
0.55,0.65,0.1,20,100,lang_reiczigel,500,73,427,0.9672131147540983,0.8987155589267916,1.0,0.12246721311475409,,
0.55,0.65,0.1,20,100,wilson_known,500,73,427,0.6206088992974239,0.4701192824646278,0.46650474441809564,0.12246721311475409,,
0.55,0.65,0.1,20,100,point_rogan_gladen,500,73,427,,,,,0.13651155246003022,0.3072919533623106
0.55,0.65,0.1,20,1000,judgy,500,72,428,0.9065420560747663,0.753865995598129,0.8069024224806198,0.11008060747663553,,
0.55,0.65,0.1,20,1000,skill,500,72,428,0.9462616822429907,0.9160049006077785,1.0,0.11008060747663553,,
0.55,0.65,0.1,20,1000,repo,500,72,428,0.9579439252336449,0.9166111475623164,1.0,0.11008060747663553,,
0.55,0.65,0.1,20,1000,stratified,500,72,428,0.9415887850467289,0.899728567398982,1.0,0.11008060747663553,,
0.55,0.65,0.1,20,1000,lang_reiczigel,500,72,428,0.9415887850467289,0.8592059475791591,0.9678521550652694,0.11008060747663553,,
0.55,0.65,0.1,20,1000,wilson_known,500,72,428,0.24299065420560748,0.16406151590294152,0.15185015518965056,0.11008060747663553,,
0.55,0.65,0.1,20,1000,point_rogan_gladen,500,72,428,,,,,0.13947782902455794,0.29492802141322494
0.55,0.65,0.1,50,100,judgy,500,14,486,0.8744855967078189,0.5796454345239594,0.5568642552729515,0.06060288065843622,,
0.55,0.65,0.1,50,100,skill,500,14,486,0.9362139917695473,0.764932086285115,0.887580454029905,0.06060288065843622,,
0.55,0.65,0.1,50,100,repo,500,14,486,0.9794238683127572,0.8532628051241119,1.0,0.06060288065843622,,
0.55,0.65,0.1,50,100,stratified,500,14,486,0.977366255144033,0.842278617640459,1.0,0.06060288065843622,,
0.55,0.65,0.1,50,100,lang_reiczigel,500,14,486,0.9670781893004116,0.8378728697073279,0.8955907068376214,0.06060288065843622,,
0.55,0.65,0.1,50,100,wilson_known,500,14,486,0.779835390946502,0.546103980251966,0.5570651852261732,0.06060288065843622,,
0.55,0.65,0.1,50,100,point_rogan_gladen,500,14,486,,,,,0.11702512449201474,0.2819677197264267
0.55,0.65,0.1,50,1000,judgy,500,19,481,0.9501039501039501,0.5868612645090574,0.5533907892175947,0.059134095634095635,,
0.55,0.65,0.1,50,1000,skill,500,19,481,0.9688149688149689,0.7704890335202009,0.9179061469206675,0.059134095634095635,,
0.55,0.65,0.1,50,1000,repo,500,19,481,0.9688149688149689,0.7825509826416244,0.9446792207792216,0.059134095634095635,,
0.55,0.65,0.1,50,1000,stratified,500,19,481,0.9688149688149689,0.768168942671652,0.8437499999999992,0.059134095634095635,,
0.55,0.65,0.1,50,1000,lang_reiczigel,500,19,481,0.9521829521829522,0.74056215436541,0.7102990656232034,0.059134095634095635,,
0.55,0.65,0.1,50,1000,wilson_known,500,19,481,0.33264033264033266,0.1717336442632272,0.182928060798361,0.059134095634095635,,
0.55,0.65,0.1,50,1000,point_rogan_gladen,500,19,481,,,,,0.06891329609595861,0.19929728117532833
0.55,0.65,0.1,100,100,judgy,500,0,500,0.796,0.43934899115415055,0.4342788664286436,0.020835,,
0.55,0.65,0.1,100,100,skill,500,0,500,0.854,0.548295211250158,0.4917577519330861,0.020835,,
0.55,0.65,0.1,100,100,repo,500,0,500,0.964,0.7399171194775737,0.7873118486355026,0.020835,,
0.55,0.65,0.1,100,100,stratified,500,0,500,0.968,0.7351501114485798,0.7859022556390978,0.020835,,
0.55,0.65,0.1,100,100,lang_reiczigel,500,0,500,0.97,0.7618146819820292,0.7782205044198938,0.020835,,
0.55,0.65,0.1,100,100,wilson_known,500,0,500,0.85,0.5544927797574122,0.5702988125062541,0.020835,,
0.55,0.65,0.1,100,100,point_rogan_gladen,500,0,500,,,,,0.08417710317662525,0.23835447239611957
0.55,0.65,0.1,100,1000,judgy,500,1,499,0.935871743486974,0.4336146127928884,0.412931377057946,0.018615230460921846,,
0.55,0.65,0.1,100,1000,skill,500,1,499,0.9639278557114228,0.5340115096543,0.4518124411639788,0.018615230460921846,,
0.55,0.65,0.1,100,1000,repo,500,1,499,0.9759519038076152,0.5624374841497696,0.4825116541353383,0.018615230460921846,,
0.55,0.65,0.1,100,1000,stratified,500,1,499,0.9759519038076152,0.5561863852243881,0.4781818181818172,0.018615230460921846,,
0.55,0.65,0.1,100,1000,lang_reiczigel,500,1,499,0.9639278557114228,0.5830856358596943,0.535035736999476,0.018615230460921846,,
0.55,0.65,0.1,100,1000,wilson_known,500,1,499,0.5210420841683366,0.18587699857140635,0.2059749287238445,0.018615230460921846,,
0.55,0.65,0.1,100,1000,point_rogan_gladen,500,1,499,,,,,0.025500476193130738,0.14172040780273187
0.55,0.65,0.1,200,100,judgy,500,0,500,0.688,0.34078772120246353,0.3509749609505012,0.0027120000000000004,,
0.55,0.65,0.1,200,100,skill,500,0,500,0.694,0.353796046993156,0.3576403730619577,0.0027120000000000004,,
0.55,0.65,0.1,200,100,repo,500,0,500,0.95,0.6579673329837294,0.6749790735548226,0.0027120000000000004,,
0.55,0.65,0.1,200,100,stratified,500,0,500,0.946,0.6550518984649015,0.666666666666667,0.0027120000000000004,,
0.55,0.65,0.1,200,100,lang_reiczigel,500,0,500,0.954,0.6924210911747218,0.7079024532812368,0.0027120000000000004,,
0.55,0.65,0.1,200,100,wilson_known,500,0,500,0.896,0.5874134159038661,0.6143911147723418,0.0027120000000000004,,
0.55,0.65,0.1,200,100,point_rogan_gladen,500,0,500,,,,,0.08037989544319246,0.21930613848278266
0.55,0.65,0.1,200,1000,judgy,500,0,500,0.944,0.33522529446966587,0.33599189779207517,0.001467,,
0.55,0.65,0.1,200,1000,skill,500,0,500,0.952,0.34878746575306274,0.34243655345338053,0.001467,,
0.55,0.65,0.1,200,1000,repo,500,0,500,0.968,0.3923058880741285,0.3808622044896383,0.001467,,
0.55,0.65,0.1,200,1000,stratified,500,0,500,0.974,0.39020627194237956,0.384541296299608,0.001467,,
0.55,0.65,0.1,200,1000,lang_reiczigel,500,0,500,0.976,0.4395392422416027,0.4288985238736377,0.001467,,
0.55,0.65,0.1,200,1000,wilson_known,500,0,500,0.63,0.20113919603695402,0.22283684018174138,0.001467,,
0.55,0.65,0.1,200,1000,point_rogan_gladen,500,0,500,,,,,0.01848538088893169,0.11445402210536647
0.55,0.65,0.3,10,100,judgy,500,112,388,0.8737113402061856,0.8264876795531009,0.9788689732142855,0.14197325595787585,,
0.55,0.65,0.3,10,100,skill,500,112,388,0.9587628865979382,0.9367082813392824,1.0,0.14197325595787585,,
0.55,0.65,0.3,10,100,repo,500,112,388,0.961340206185567,0.9456516862009865,1.0,0.14197325595787585,,
0.55,0.65,0.3,10,100,stratified,500,112,388,0.961340206185567,0.9293489966863034,1.0,0.14197325595787585,,
0.55,0.65,0.3,10,100,lang_reiczigel,500,112,388,0.9845360824742269,0.9329714784062669,1.0,0.14197325595787585,,
0.55,0.65,0.3,10,100,wilson_known,500,112,388,0.5360824742268041,0.4615205580922878,0.4398491477079626,0.14197325595787585,,
0.55,0.65,0.3,10,100,point_rogan_gladen,500,112,388,,,,,0.12967108492881685,0.3573479299957
0.55,0.65,0.3,10,1000,judgy,500,118,382,0.9319371727748691,0.8541174730634976,1.0,0.15066797731326395,,
0.55,0.65,0.3,10,1000,skill,500,118,382,0.9947643979057592,0.9550706932254917,1.0,0.15066797731326395,,
0.55,0.65,0.3,10,1000,repo,500,118,382,0.9921465968586387,0.9559030312385149,1.0,0.15066797731326395,,
0.55,0.65,0.3,10,1000,stratified,500,118,382,0.981675392670157,0.9466864144436133,1.0,0.15066797731326395,,
0.55,0.65,0.3,10,1000,lang_reiczigel,500,118,382,0.9973821989528796,0.926980254702307,1.0,0.15066797731326395,,
0.55,0.65,0.3,10,1000,wilson_known,500,118,382,0.20418848167539266,0.15811866733728025,0.15169457128351826,0.15066797731326395,,
0.55,0.65,0.3,10,1000,point_rogan_gladen,500,118,382,,,,,0.06530148342059329,0.3312970949832867
0.55,0.65,0.3,20,100,judgy,500,85,415,0.8843373493975903,0.809853943632891,0.9280000000000002,0.1217710843373494,,
0.55,0.65,0.3,20,100,skill,500,85,415,0.9421686746987952,0.9250656289276864,1.0,0.1217710843373494,,
0.55,0.65,0.3,20,100,repo,500,85,415,0.9590361445783132,0.9477952321378295,1.0,0.1217710843373494,,
0.55,0.65,0.3,20,100,stratified,500,85,415,0.9590361445783132,0.938865182608556,1.0,0.1217710843373494,,
0.55,0.65,0.3,20,100,lang_reiczigel,500,85,415,0.9734939759036144,0.9210842858679661,1.0,0.1217710843373494,,
0.55,0.65,0.3,20,100,wilson_known,500,85,415,0.6843373493975904,0.5660480273476501,0.5457105348046349,0.1217710843373494,,
0.55,0.65,0.3,20,100,point_rogan_gladen,500,85,415,,,,,0.0897087397207879,0.34315798440616657
0.55,0.65,0.3,20,1000,judgy,500,76,424,0.9433962264150944,0.8412776312936961,0.9910284016860336,0.13020165094339622,,
0.55,0.65,0.3,20,1000,skill,500,76,424,0.9669811320754716,0.9347909424290605,1.0,0.13020165094339622,,
0.55,0.65,0.3,20,1000,repo,500,76,424,0.9693396226415094,0.9385840305606632,1.0,0.13020165094339622,,
0.55,0.65,0.3,20,1000,stratified,500,76,424,0.9669811320754716,0.9269004448627237,1.0,0.13020165094339622,,
0.55,0.65,0.3,20,1000,lang_reiczigel,500,76,424,0.9764150943396226,0.8926885471529183,1.0,0.13020165094339622,,
0.55,0.65,0.3,20,1000,wilson_known,500,76,424,0.2971698113207547,0.21399368709657632,0.19923838767571833,0.13020165094339622,,
0.55,0.65,0.3,20,1000,point_rogan_gladen,500,76,424,,,,,0.032918281535026774,0.2942843218657372
0.55,0.65,0.3,50,100,judgy,500,7,493,0.8194726166328601,0.6898732062412722,0.6881737394957983,0.06740973630831643,,
0.55,0.65,0.3,50,100,skill,500,7,493,0.8803245436105477,0.8108416987537885,1.0,0.06740973630831643,,
0.55,0.65,0.3,50,100,repo,500,7,493,0.9594320486815415,0.8912464974111152,1.0,0.06740973630831643,,
0.55,0.65,0.3,50,100,stratified,500,7,493,0.9594320486815415,0.885992523962541,1.0,0.06740973630831643,,
0.55,0.65,0.3,50,100,lang_reiczigel,500,7,493,0.9797160243407708,0.8764491571700246,0.9544189394441494,0.06740973630831643,,
0.55,0.65,0.3,50,100,wilson_known,500,7,493,0.8012170385395537,0.6449489719599102,0.6460988440995852,0.06740973630831643,,
0.55,0.65,0.3,50,100,point_rogan_gladen,500,7,493,,,,,0.03376262097996373,0.29454982042087746
0.55,0.65,0.3,50,1000,judgy,500,12,488,0.9405737704918032,0.7481410371052354,0.7458353293068213,0.05707479508196721,,
0.55,0.65,0.3,50,1000,skill,500,12,488,0.9774590163934426,0.8486883889599941,1.0,0.05707479508196721,,
0.55,0.65,0.3,50,1000,repo,500,12,488,0.9836065573770492,0.8617229161275435,1.0,0.05707479508196721,,
0.55,0.65,0.3,50,1000,stratified,500,12,488,0.9795081967213115,0.8489968975718774,1.0,0.05707479508196721,,
0.55,0.65,0.3,50,1000,lang_reiczigel,500,12,488,0.9877049180327869,0.8043791476287798,0.814867912627385,0.05707479508196721,,
0.55,0.65,0.3,50,1000,wilson_known,500,12,488,0.4385245901639344,0.2682398486333723,0.2517361875479441,0.05707479508196721,,
0.55,0.65,0.3,50,1000,point_rogan_gladen,500,12,488,,,,,0.02191519626565995,0.25068239873984527
0.55,0.65,0.3,100,100,judgy,500,1,499,0.7394789579158316,0.5628589179150192,0.552767335938236,0.019088176352705412,,
0.55,0.65,0.3,100,100,skill,500,1,499,0.8016032064128257,0.6428484023069547,0.6044716650922607,0.019088176352705412,,
0.55,0.65,0.3,100,100,repo,500,1,499,0.9599198396793587,0.840596699025789,0.9181995656370562,0.019088176352705412,,
0.55,0.65,0.3,100,100,stratified,500,1,499,0.9599198396793587,0.8390873198903036,0.9199999999999999,0.019088176352705412,,
0.55,0.65,0.3,100,100,lang_reiczigel,500,1,499,0.9799599198396793,0.8370102528255187,0.8646275775108677,0.019088176352705412,,
0.55,0.65,0.3,100,100,wilson_known,500,1,499,0.8797595190380761,0.6848382031285467,0.6951425931156672,0.019088176352705412,,
0.55,0.65,0.3,100,100,point_rogan_gladen,500,1,499,,,,,0.029277998428105186,0.27399865958161596
0.55,0.65,0.3,100,1000,judgy,500,1,499,0.9258517034068137,0.6336451174638359,0.5978784083174888,0.024829659318637277,,
0.55,0.65,0.3,100,1000,skill,500,1,499,0.9458917835671342,0.6976457775832857,0.6573869989412391,0.024829659318637277,,
0.55,0.65,0.3,100,1000,repo,500,1,499,0.9719438877755511,0.729284197253035,0.7021260775862056,0.024829659318637277,,
0.55,0.65,0.3,100,1000,stratified,500,1,499,0.9659318637274549,0.7229842054881512,0.6957608695652174,0.024829659318637277,,
0.55,0.65,0.3,100,1000,lang_reiczigel,500,1,499,0.9719438877755511,0.6925275967185897,0.6593260860165358,0.024829659318637277,,
0.55,0.65,0.3,100,1000,wilson_known,500,1,499,0.5130260521042084,0.2859365653687807,0.26608906843780783,0.024829659318637277,,
0.55,0.65,0.3,100,1000,point_rogan_gladen,500,1,499,,,,,-0.00589987297766638,0.20135376185218948
0.55,0.65,0.3,200,100,judgy,500,0,500,0.61,0.4278968750205934,0.4204080234535622,0.0027090000000000005,,
0.55,0.65,0.3,200,100,skill,500,0,500,0.616,0.44068141095894076,0.4275245448500046,0.0027090000000000005,,
0.55,0.65,0.3,200,100,repo,500,0,500,0.958,0.7770685943767465,0.8160987542221689,0.0027090000000000005,,
0.55,0.65,0.3,200,100,stratified,500,0,500,0.962,0.7771232357241905,0.8131453125891687,0.0027090000000000005,,
0.55,0.65,0.3,200,100,lang_reiczigel,500,0,500,0.974,0.7871585068835097,0.8034035005003242,0.0027090000000000005,,
0.55,0.65,0.3,200,100,wilson_known,500,0,500,0.916,0.7068240675327027,0.7226592439650275,0.0027090000000000005,,
0.55,0.65,0.3,200,100,point_rogan_gladen,500,0,500,,,,,0.02143179172762491,0.26024400613423043
0.55,0.65,0.3,200,1000,judgy,500,0,500,0.9,0.48883804408404147,0.46923217832955155,0.0017990000000000003,,
0.55,0.65,0.3,200,1000,skill,500,0,500,0.91,0.5002250219296609,0.4742470170632558,0.0017990000000000003,,
0.55,0.65,0.3,200,1000,repo,500,0,500,0.94,0.564066718176844,0.5356029594237043,0.0017990000000000003,,
0.55,0.65,0.3,200,1000,stratified,500,0,500,0.942,0.562835397012545,0.5336712217137838,0.0017990000000000003,,
0.55,0.65,0.3,200,1000,lang_reiczigel,500,0,500,0.958,0.5501499720090292,0.5329543562356296,0.0017990000000000003,,
0.55,0.65,0.3,200,1000,wilson_known,500,0,500,0.664,0.29318177119567734,0.28899319698661385,0.0017990000000000003,,
0.55,0.65,0.3,200,1000,point_rogan_gladen,500,0,500,,,,,-0.011194998170723216,0.1591597669888667
0.55,0.65,0.5,10,100,judgy,500,122,378,0.9259259259259259,0.832897716887474,0.9764999999999995,0.1452362788537126,,
0.55,0.65,0.5,10,100,skill,500,122,378,0.9867724867724867,0.9349620793858429,1.0,0.1452362788537126,,
0.55,0.65,0.5,10,100,repo,500,122,378,0.9894179894179894,0.9458634532250552,1.0,0.1452362788537126,,
0.55,0.65,0.5,10,100,stratified,500,122,378,0.9867724867724867,0.9316405921936675,1.0,0.1452362788537126,,
0.55,0.65,0.5,10,100,lang_reiczigel,500,122,378,1.0,0.9313519855376174,1.0,0.1452362788537126,,
0.55,0.65,0.5,10,100,wilson_known,500,122,378,0.5476190476190477,0.4491548285907439,0.4409673517886815,0.1452362788537126,,
0.55,0.65,0.5,10,100,point_rogan_gladen,500,122,378,,,,,-0.012802028218694899,0.339997054860781
0.55,0.65,0.5,10,1000,judgy,500,120,380,0.9289473684210526,0.8653235751742147,1.0,0.15348432044969854,,
0.55,0.65,0.5,10,1000,skill,500,120,380,0.9710526315789474,0.9441970499928815,1.0,0.15348432044969854,,
0.55,0.65,0.5,10,1000,repo,500,120,380,0.9736842105263158,0.9459321740798922,1.0,0.15348432044969854,,
0.55,0.65,0.5,10,1000,stratified,500,120,380,0.9736842105263158,0.9342939541562238,1.0,0.15348432044969854,,
0.55,0.65,0.5,10,1000,lang_reiczigel,500,120,380,0.9947368421052631,0.9303112514407372,1.0,0.15348432044969854,,
0.55,0.65,0.5,10,1000,wilson_known,500,120,380,0.22105263157894736,0.18095269951240237,0.15395515390754874,0.15348432044969854,,
0.55,0.65,0.5,10,1000,point_rogan_gladen,500,120,380,,,,,-0.006243828320802035,0.31469276938877455
0.55,0.65,0.5,20,100,judgy,500,52,448,0.8816964285714286,0.8148093891697162,0.9371891498447206,0.11746316964285716,,
0.55,0.65,0.5,20,100,skill,500,52,448,0.9821428571428571,0.926487706438003,1.0,0.11746316964285716,,
0.55,0.65,0.5,20,100,repo,500,52,448,0.9866071428571429,0.9495149639581324,1.0,0.11746316964285716,,
0.55,0.65,0.5,20,100,stratified,500,52,448,0.9866071428571429,0.9420532215745417,1.0,0.11746316964285716,,
0.55,0.65,0.5,20,100,lang_reiczigel,500,52,448,1.0,0.9297044010707776,1.0,0.11746316964285716,,
0.55,0.65,0.5,20,100,wilson_known,500,52,448,0.7120535714285714,0.5697548934755577,0.5584109387809615,0.11746316964285716,,
0.55,0.65,0.5,20,100,point_rogan_gladen,500,52,448,,,,,-0.003272417067059929,0.3402741719048309
0.55,0.65,0.5,20,1000,judgy,500,57,443,0.9548532731376975,0.8640335625354955,1.0,0.11872460496613996,,
0.55,0.65,0.5,20,1000,skill,500,57,443,0.9887133182844243,0.9387881369269897,1.0,0.11872460496613996,,
0.55,0.65,0.5,20,1000,repo,500,57,443,0.9864559819413092,0.9402711036949397,1.0,0.11872460496613996,,
0.55,0.65,0.5,20,1000,stratified,500,57,443,0.9864559819413092,0.9293924669386294,1.0,0.11872460496613996,,
0.55,0.65,0.5,20,1000,lang_reiczigel,500,57,443,1.0,0.9038854241400919,1.0,0.11872460496613996,,
0.55,0.65,0.5,20,1000,wilson_known,500,57,443,0.28442437923250563,0.22186191175795342,0.20486353850380776,0.11872460496613996,,
0.55,0.65,0.5,20,1000,point_rogan_gladen,500,57,443,,,,,-0.00923196755589536,0.31304189745016003
0.55,0.65,0.5,50,100,judgy,500,9,491,0.7963340122199593,0.7138275100486665,0.7242553191489354,0.06607942973523422,,
0.55,0.65,0.5,50,100,skill,500,9,491,0.9042769857433809,0.8355762486869069,1.0,0.06607942973523422,,
0.55,0.65,0.5,50,100,repo,500,9,491,0.9755600814663951,0.9129680077515112,1.0,0.06607942973523422,,
0.55,0.65,0.5,50,100,stratified,500,9,491,0.9796334012219959,0.9084812630075088,1.0,0.06607942973523422,,
0.55,0.65,0.5,50,100,lang_reiczigel,500,9,491,0.9918533604887984,0.8964762214560825,0.9946602172061503,0.06607942973523422,,
0.55,0.65,0.5,50,100,wilson_known,500,9,491,0.7983706720977597,0.6723241818270023,0.6804039973813425,0.06607942973523422,,
0.55,0.65,0.5,50,100,point_rogan_gladen,500,9,491,,,,,-0.0016178705279570214,0.3287551319627306
0.55,0.65,0.5,50,1000,judgy,500,8,492,0.9369918699186992,0.8253296632724839,0.8781949580578574,0.06664634146341464,,
0.55,0.65,0.5,50,1000,skill,500,8,492,0.9715447154471545,0.8881126931114927,1.0,0.06664634146341464,,
0.55,0.65,0.5,50,1000,repo,500,8,492,0.9735772357723578,0.8994050223377409,1.0,0.06664634146341464,,
0.55,0.65,0.5,50,1000,stratified,500,8,492,0.9715447154471545,0.8912440110758884,1.0,0.06664634146341464,,
0.55,0.65,0.5,50,1000,lang_reiczigel,500,8,492,0.991869918699187,0.8456186696585442,0.8881621891238615,0.06664634146341464,,
0.55,0.65,0.5,50,1000,wilson_known,500,8,492,0.49796747967479676,0.28904647128448807,0.2579102976901543,0.06664634146341464,,
0.55,0.65,0.5,50,1000,point_rogan_gladen,500,8,492,,,,,0.005077782517588599,0.2700269310510159
0.55,0.65,0.5,100,100,judgy,500,2,498,0.7248995983935743,0.6184949298027171,0.6042881240119609,0.018166666666666668,,
0.55,0.65,0.5,100,100,skill,500,2,498,0.7911646586345381,0.6859663672056864,0.6582453066209532,0.018166666666666668,,
0.55,0.65,0.5,100,100,repo,500,2,498,0.9738955823293173,0.8818955951707609,0.9976030877831021,0.018166666666666668,,
0.55,0.65,0.5,100,100,stratified,500,2,498,0.9738955823293173,0.8791566135977454,1.0,0.018166666666666668,,
0.55,0.65,0.5,100,100,lang_reiczigel,500,2,498,0.9919678714859438,0.8719711640675613,0.9097424608977236,0.018166666666666668,,
0.55,0.65,0.5,100,100,wilson_known,500,2,498,0.8875502008032129,0.7319292231159451,0.7398033032155363,0.018166666666666668,,
0.55,0.65,0.5,100,100,point_rogan_gladen,500,2,498,,,,,-0.00492780360006183,0.2920339587818426
0.55,0.65,0.5,100,1000,judgy,500,0,500,0.922,0.7044967022523673,0.671460208442163,0.019433,,
0.55,0.65,0.5,100,1000,skill,500,0,500,0.946,0.741368512140101,0.7158050708928787,0.019433,,
0.55,0.65,0.5,100,1000,repo,500,0,500,0.954,0.7749924670265592,0.7622172987291107,0.019433,,
0.55,0.65,0.5,100,1000,stratified,500,0,500,0.956,0.7704460652756459,0.7596810735560736,0.019433,,
0.55,0.65,0.5,100,1000,lang_reiczigel,500,0,500,0.98,0.722478690424629,0.6964003269815467,0.019433,,
0.55,0.65,0.5,100,1000,wilson_known,500,0,500,0.562,0.3165568895495736,0.2932759159433035,0.019433,,
0.55,0.65,0.5,100,1000,point_rogan_gladen,500,0,500,,,,,0.009670101567213013,0.21841210472351172
0.55,0.65,0.5,200,100,judgy,500,0,500,0.618,0.4885268607553411,0.4772879148990589,0.0023120000000000003,,
0.55,0.65,0.5,200,100,skill,500,0,500,0.634,0.4967004630030405,0.47857688327883074,0.0023120000000000003,,
0.55,0.65,0.5,200,100,repo,500,0,500,0.96,0.8435914872498537,0.8857317464162946,0.0023120000000000003,,
0.55,0.65,0.5,200,100,stratified,500,0,500,0.966,0.8443864200980095,0.8839574524312886,0.0023120000000000003,,
0.55,0.65,0.5,200,100,lang_reiczigel,500,0,500,0.98,0.840730456815958,0.8587333012166951,0.0023120000000000003,,
0.55,0.65,0.5,200,100,wilson_known,500,0,500,0.942,0.7712393711538309,0.7853146799867436,0.0023120000000000003,,
0.55,0.65,0.5,200,100,point_rogan_gladen,500,0,500,,,,,-0.021632844073630638,0.2644233149860477
0.55,0.65,0.5,200,1000,judgy,500,0,500,0.884,0.5598614520542584,0.5261796227492778,0.0020800000000000003,,
0.55,0.65,0.5,200,1000,skill,500,0,500,0.89,0.5689081884706684,0.5296745659437341,0.0020800000000000003,,
0.55,0.65,0.5,200,1000,repo,500,0,500,0.964,0.6442737666930696,0.6120589414501467,0.0020800000000000003,,
0.55,0.65,0.5,200,1000,stratified,500,0,500,0.958,0.6425758867004836,0.6083456956749095,0.0020800000000000003,,
0.55,0.65,0.5,200,1000,lang_reiczigel,500,0,500,0.982,0.5970704008903688,0.5720691115072197,0.0020800000000000003,,
0.55,0.65,0.5,200,1000,wilson_known,500,0,500,0.71,0.32476109568106143,0.30684586453464163,0.0020800000000000003,,
0.55,0.65,0.5,200,1000,point_rogan_gladen,500,0,500,,,,,0.005037720948015539,0.16186758510463392
0.55,0.65,0.7,10,100,judgy,500,134,366,0.9153005464480874,0.8463527342452515,1.0,0.16158469945355192,,
0.55,0.65,0.7,10,100,skill,500,134,366,0.9672131147540983,0.9459824708774226,1.0,0.16158469945355192,,
0.55,0.65,0.7,10,100,repo,500,134,366,0.9672131147540983,0.9538633242387415,1.0,0.16158469945355192,,
0.55,0.65,0.7,10,100,stratified,500,134,366,0.9672131147540983,0.9423762631190911,1.0,0.16158469945355192,,
0.55,0.65,0.7,10,100,lang_reiczigel,500,134,366,0.9781420765027322,0.9464013466627564,1.0,0.16158469945355192,,
0.55,0.65,0.7,10,100,wilson_known,500,134,366,0.5792349726775956,0.47225842890653275,0.4774967179540558,0.16158469945355192,,
0.55,0.65,0.7,10,100,point_rogan_gladen,500,134,366,,,,,-0.12153460837887062,0.3637472627938834
0.55,0.65,0.7,10,1000,judgy,500,117,383,0.9086161879895561,0.8268003225219935,0.9822999999999993,0.15845455691292124,,
0.55,0.65,0.7,10,1000,skill,500,117,383,0.9660574412532638,0.9496952775417956,1.0,0.15845455691292124,,
0.55,0.65,0.7,10,1000,repo,500,117,383,0.9660574412532638,0.9499113324869122,1.0,0.15845455691292124,,
0.55,0.65,0.7,10,1000,stratified,500,117,383,0.9660574412532638,0.9389383931161672,1.0,0.15845455691292124,,
0.55,0.65,0.7,10,1000,lang_reiczigel,500,117,383,0.9738903394255874,0.9379078357770505,1.0,0.15845455691292124,,
0.55,0.65,0.7,10,1000,wilson_known,500,117,383,0.1462140992167102,0.15379996483159233,0.15433616039655212,0.15845455691292124,,
0.55,0.65,0.7,10,1000,point_rogan_gladen,500,117,383,,,,,-0.07687588586348375,0.3618999615485384
0.55,0.65,0.7,20,100,judgy,500,66,434,0.9447004608294931,0.8040021508013585,0.8796146055437106,0.122389400921659,,
0.55,0.65,0.7,20,100,skill,500,66,434,0.9861751152073732,0.9410164889291255,1.0,0.122389400921659,,
0.55,0.65,0.7,20,100,repo,500,66,434,0.9953917050691244,0.9575283528064698,1.0,0.122389400921659,,
0.55,0.65,0.7,20,100,stratified,500,66,434,0.9953917050691244,0.9502247444535751,1.0,0.122389400921659,,
0.55,0.65,0.7,20,100,lang_reiczigel,500,66,434,0.9930875576036866,0.9363489451841426,1.0,0.122389400921659,,
0.55,0.65,0.7,20,100,wilson_known,500,66,434,0.7235023041474654,0.5468676024850068,0.5468816863727398,0.122389400921659,,
0.55,0.65,0.7,20,100,point_rogan_gladen,500,66,434,,,,,-0.0347030708666653,0.31032760306787804
0.55,0.65,0.7,20,1000,judgy,500,69,431,0.9559164733178654,0.8301327552211385,0.9654515624999997,0.11935730858468678,,
0.55,0.65,0.7,20,1000,skill,500,69,431,0.9837587006960556,0.9410834893495882,1.0,0.11935730858468678,,
0.55,0.65,0.7,20,1000,repo,500,69,431,0.9837587006960556,0.9448258043778863,1.0,0.11935730858468678,,
0.55,0.65,0.7,20,1000,stratified,500,69,431,0.9837587006960556,0.9332630814693168,1.0,0.11935730858468678,,
0.55,0.65,0.7,20,1000,lang_reiczigel,500,69,431,0.9837587006960556,0.9075966794773346,1.0,0.11935730858468678,,
0.55,0.65,0.7,20,1000,wilson_known,500,69,431,0.2853828306264501,0.20972833658147463,0.20598522200159153,0.11935730858468678,,
0.55,0.65,0.7,20,1000,point_rogan_gladen,500,69,431,,,,,-0.05605330902662689,0.3072242359246809
0.55,0.65,0.7,50,100,judgy,500,14,486,0.8641975308641975,0.6959142823674358,0.6937252283178149,0.059465020576131684,,
0.55,0.65,0.7,50,100,skill,500,14,486,0.9423868312757202,0.8158794767485789,1.0,0.059465020576131684,,
0.55,0.65,0.7,50,100,repo,500,14,486,0.98559670781893,0.8974600017162374,1.0,0.059465020576131684,,
0.55,0.65,0.7,50,100,stratified,500,14,486,0.9814814814814815,0.8888358859583108,1.0,0.059465020576131684,,
0.55,0.65,0.7,50,100,lang_reiczigel,500,14,486,0.9917695473251029,0.8844950347596994,0.9773081428907338,0.059465020576131684,,
0.55,0.65,0.7,50,100,wilson_known,500,14,486,0.8251028806584362,0.6496941636852454,0.6409996378510572,0.059465020576131684,,
0.55,0.65,0.7,50,100,point_rogan_gladen,500,14,486,,,,,-0.0333838843343637,0.28629879238129785
0.55,0.65,0.7,50,1000,judgy,500,10,490,0.9244897959183673,0.7237346039194442,0.7158085059474981,0.06235408163265306,,
0.55,0.65,0.7,50,1000,skill,500,10,490,0.9693877551020408,0.8347901229258278,0.948332966549295,0.06235408163265306,,
0.55,0.65,0.7,50,1000,repo,500,10,490,0.9755102040816327,0.8487347396453905,0.9899906729699666,0.06235408163265306,,
0.55,0.65,0.7,50,1000,stratified,500,10,490,0.9714285714285714,0.8349217986335538,0.9108766233766223,0.06235408163265306,,
0.55,0.65,0.7,50,1000,lang_reiczigel,500,10,490,0.9734693877551021,0.8026622270058252,0.7901820938295161,0.06235408163265306,,
0.55,0.65,0.7,50,1000,wilson_known,500,10,490,0.40408163265306124,0.24484199635413326,0.23745520836529477,0.06235408163265306,,
0.55,0.65,0.7,50,1000,point_rogan_gladen,500,10,490,,,,,-0.007131448717978854,0.2479512996126134
0.55,0.65,0.7,100,100,judgy,500,0,500,0.754,0.5637086997264422,0.5575519640005457,0.020371000000000004,,
0.55,0.65,0.7,100,100,skill,500,0,500,0.832,0.6552241886729572,0.6143419404131147,0.020371000000000004,,
0.55,0.65,0.7,100,100,repo,500,0,500,0.984,0.8465529907846201,0.930895404019751,0.020371000000000004,,
0.55,0.65,0.7,100,100,stratified,500,0,500,0.98,0.8462094981401552,0.9437071846282372,0.020371000000000004,,
0.55,0.65,0.7,100,100,lang_reiczigel,500,0,500,0.992,0.8472497992181275,0.8770257811873295,0.020371000000000004,,
0.55,0.65,0.7,100,100,wilson_known,500,0,500,0.884,0.6818387311788704,0.7060432380501354,0.020371000000000004,,
0.55,0.65,0.7,100,100,point_rogan_gladen,500,0,500,,,,,-0.01506024541509255,0.2654180856982741
0.55,0.65,0.7,100,1000,judgy,500,2,498,0.9096385542168675,0.6387231119036348,0.6111699228826248,0.020866465863453816,,
0.55,0.65,0.7,100,1000,skill,500,2,498,0.9457831325301205,0.7006532012559556,0.6693377978798575,0.020866465863453816,,
0.55,0.65,0.7,100,1000,repo,500,2,498,0.9678714859437751,0.7345139463672309,0.7105145839235067,0.020866465863453816,,
0.55,0.65,0.7,100,1000,stratified,500,2,498,0.9618473895582329,0.7294300099485563,0.7089614695340509,0.020866465863453816,,
0.55,0.65,0.7,100,1000,lang_reiczigel,500,2,498,0.9718875502008032,0.7015862798132889,0.6873642477640833,0.020866465863453816,,
0.55,0.65,0.7,100,1000,wilson_known,500,2,498,0.5461847389558233,0.2857031394088601,0.28109776318978796,0.020866465863453816,,
0.55,0.65,0.7,100,1000,point_rogan_gladen,500,2,498,,,,,0.0021704022518466365,0.19681748377280955
0.55,0.65,0.7,200,100,judgy,500,0,500,0.648,0.4382289948943322,0.44209581710635193,0.0013970000000000002,,
0.55,0.65,0.7,200,100,skill,500,0,500,0.658,0.44757030394286823,0.44782776359187015,0.0013970000000000002,,
0.55,0.65,0.7,200,100,repo,500,0,500,0.958,0.7826225802890703,0.8170533555701817,0.0013970000000000002,,
0.55,0.65,0.7,200,100,stratified,500,0,500,0.952,0.7814095889280536,0.8172959944037228,0.0013970000000000002,,
0.55,0.65,0.7,200,100,lang_reiczigel,500,0,500,0.974,0.7890309006929864,0.8094000281469539,0.0013970000000000002,,
0.55,0.65,0.7,200,100,wilson_known,500,0,500,0.904,0.7022387500705463,0.7230700746001302,0.0013970000000000002,,
0.55,0.65,0.7,200,100,point_rogan_gladen,500,0,500,,,,,-0.021365839622476863,0.25165286530189857
0.55,0.65,0.7,200,1000,judgy,500,0,500,0.908,0.48147103559697485,0.4682729000869609,0.002752,,
0.55,0.65,0.7,200,1000,skill,500,0,500,0.918,0.4924734778493089,0.4715144710417244,0.002752,,
0.55,0.65,0.7,200,1000,repo,500,0,500,0.956,0.5554948617313157,0.5335728435464898,0.002752,,
0.55,0.65,0.7,200,1000,stratified,500,0,500,0.956,0.5540398543149173,0.5372153630683039,0.002752,,
0.55,0.65,0.7,200,1000,lang_reiczigel,500,0,500,0.964,0.5500609818009503,0.5260897642444928,0.002752,,
0.55,0.65,0.7,200,1000,wilson_known,500,0,500,0.668,0.2891096589365602,0.2811848909796495,0.002752,,
0.55,0.65,0.7,200,1000,point_rogan_gladen,500,0,500,,,,,0.01009109933950422,0.1613422565761863
0.55,0.65,0.9,10,100,judgy,500,103,397,0.906801007556675,0.7788787818021605,0.8616666666666667,0.14339294710327455,,
0.55,0.65,0.9,10,100,skill,500,103,397,0.964735516372796,0.9300759190752826,1.0,0.14339294710327455,,
0.55,0.65,0.9,10,100,repo,500,103,397,0.9672544080604534,0.9399988992612148,1.0,0.14339294710327455,,
0.55,0.65,0.9,10,100,stratified,500,103,397,0.9546599496221663,0.9194973586621886,1.0,0.14339294710327455,,
0.55,0.65,0.9,10,100,lang_reiczigel,500,103,397,0.9395465994962217,0.9271141201702133,1.0,0.14339294710327455,,
0.55,0.65,0.9,10,100,wilson_known,500,103,397,0.46851385390428213,0.39832432129945033,0.3840065014111871,0.14339294710327455,,
0.55,0.65,0.9,10,100,point_rogan_gladen,500,103,397,,,,,-0.2150725680700492,0.3879951156088018
0.55,0.65,0.9,10,1000,judgy,500,116,384,0.9010416666666666,0.7906977265828353,0.8577234374999994,0.16576217991808403,,
0.55,0.65,0.9,10,1000,skill,500,116,384,0.9765625,0.9550402652693842,1.0,0.16576217991808403,,
0.55,0.65,0.9,10,1000,repo,500,116,384,0.9739583333333334,0.9558497781081016,1.0,0.16576217991808403,,
0.55,0.65,0.9,10,1000,stratified,500,116,384,0.9713541666666666,0.9376152149987599,1.0,0.16576217991808403,,
0.55,0.65,0.9,10,1000,lang_reiczigel,500,116,384,0.9244791666666666,0.9284135943208361,1.0,0.16576217991808403,,
0.55,0.65,0.9,10,1000,wilson_known,500,116,384,0.09114583333333333,0.1219259156704351,0.1029198862071195,0.16576217991808403,,
0.55,0.65,0.9,10,1000,point_rogan_gladen,500,116,384,,,,,-0.19802740575396824,0.3835101939797803
0.55,0.65,0.9,20,100,judgy,500,69,431,0.91415313225058,0.7172250507754746,0.7558461538461543,0.11920533642691417,,
0.55,0.65,0.9,20,100,skill,500,69,431,0.9535962877030162,0.8891341170756187,1.0,0.11920533642691417,,
0.55,0.65,0.9,20,100,repo,500,69,431,0.9605568445475638,0.916644807122307,1.0,0.11920533642691417,,
0.55,0.65,0.9,20,100,stratified,500,69,431,0.9605568445475638,0.9025678099613714,1.0,0.11920533642691417,,
0.55,0.65,0.9,20,100,lang_reiczigel,500,69,431,0.9535962877030162,0.9008077068157535,1.0,0.11920533642691417,,
0.55,0.65,0.9,20,100,wilson_known,500,69,431,0.5893271461716937,0.47258257614631893,0.48000812676398397,0.11920533642691417,,
0.55,0.65,0.9,20,100,point_rogan_gladen,500,69,431,,,,,-0.17429472048961608,0.34693881465684556
0.55,0.65,0.9,20,1000,judgy,500,59,441,0.9342403628117913,0.7575981212810989,0.8193744047619045,0.11840249433106576,,
0.55,0.65,0.9,20,1000,skill,500,59,441,0.9433106575963719,0.9228134143730133,1.0,0.11840249433106576,,
0.55,0.65,0.9,20,1000,repo,500,59,441,0.9455782312925171,0.92732553775708,1.0,0.11840249433106576,,
0.55,0.65,0.9,20,1000,stratified,500,59,441,0.9433106575963719,0.9089879994142549,1.0,0.11840249433106576,,
0.55,0.65,0.9,20,1000,lang_reiczigel,500,59,441,0.9251700680272109,0.8882059879255377,1.0,0.11840249433106576,,
0.55,0.65,0.9,20,1000,wilson_known,500,59,441,0.21315192743764172,0.17597178465984312,0.154621183052992,0.11840249433106576,,
0.55,0.65,0.9,20,1000,point_rogan_gladen,500,59,441,,,,,-0.14800013906476492,0.3042816215821764
0.55,0.65,0.9,50,100,judgy,500,13,487,0.8685831622176592,0.5728245973844024,0.5557499999999992,0.05784086242299794,,
0.55,0.65,0.9,50,100,skill,500,13,487,0.9260780287474333,0.7690425219783525,0.9087431553592942,0.05784086242299794,,
0.55,0.65,0.9,50,100,repo,500,13,487,0.9774127310061602,0.8562800226723413,1.0,0.05784086242299794,,
0.55,0.65,0.9,50,100,stratified,500,13,487,0.973305954825462,0.8478367815551958,1.0,0.05784086242299794,,
0.55,0.65,0.9,50,100,lang_reiczigel,500,13,487,0.9527720739219713,0.8514608546699001,0.9196321423219344,0.05784086242299794,,
0.55,0.65,0.9,50,100,wilson_known,500,13,487,0.7864476386036962,0.5310243871006515,0.5503277361735479,0.05784086242299794,,
0.55,0.65,0.9,50,100,point_rogan_gladen,500,13,487,,,,,-0.09338807568646386,0.2425238674892125
0.55,0.65,0.9,50,1000,judgy,500,10,490,0.9530612244897959,0.6075215006669491,0.583632186011819,0.058606122448979586,,
0.55,0.65,0.9,50,1000,skill,500,10,490,0.9755102040816327,0.7846941081835098,1.0,0.058606122448979586,,
0.55,0.65,0.9,50,1000,repo,500,10,490,0.9795918367346939,0.7949306656930135,1.0,0.058606122448979586,,
0.55,0.65,0.9,50,1000,stratified,500,10,490,0.9755102040816327,0.7789293914770311,0.8984375000000001,0.058606122448979586,,
0.55,0.65,0.9,50,1000,lang_reiczigel,500,10,490,0.9571428571428572,0.7702913783439315,0.7496423044391131,0.058606122448979586,,
0.55,0.65,0.9,50,1000,wilson_known,500,10,490,0.35918367346938773,0.19276326624921106,0.20231314910983178,0.058606122448979586,,
0.55,0.65,0.9,50,1000,point_rogan_gladen,500,10,490,,,,,-0.07823269717073376,0.20544618797116734
0.55,0.65,0.9,100,100,judgy,500,0,500,0.802,0.4499302505062543,0.43394063075554556,0.020142,,
0.55,0.65,0.9,100,100,skill,500,0,500,0.856,0.5500213093108377,0.5009016986493425,0.020142,,
0.55,0.65,0.9,100,100,repo,500,0,500,0.968,0.7406735374475978,0.7849316850672885,0.020142,,
0.55,0.65,0.9,100,100,stratified,500,0,500,0.964,0.7348863459243877,0.7721124842899035,0.020142,,
0.55,0.65,0.9,100,100,lang_reiczigel,500,0,500,0.966,0.7703952948444192,0.7854750234600272,0.020142,,
0.55,0.65,0.9,100,100,wilson_known,500,0,500,0.848,0.5609645669970689,0.5812818380764124,0.020142,,
0.55,0.65,0.9,100,100,point_rogan_gladen,500,0,500,,,,,-0.08419264932974588,0.231585035055464
0.55,0.65,0.9,100,1000,judgy,500,1,499,0.9478957915831663,0.45625293890664187,0.4275723289070479,0.023733466933867735,,
0.55,0.65,0.9,100,1000,skill,500,1,499,0.9719438877755511,0.5828461029156252,0.5100248204487747,0.023733466933867735,,
0.55,0.65,0.9,100,1000,repo,500,1,499,0.9779559118236473,0.6085176427545047,0.5433490544118693,0.023733466933867735,,
0.55,0.65,0.9,100,1000,stratified,500,1,499,0.9799599198396793,0.5988115772625808,0.5334770114942529,0.023733466933867735,,
0.55,0.65,0.9,100,1000,lang_reiczigel,500,1,499,0.9679358717434869,0.632559597408499,0.5991624609967046,0.023733466933867735,,
0.55,0.65,0.9,100,1000,wilson_known,500,1,499,0.503006012024048,0.1927740960255797,0.20611020737542285,0.023733466933867735,,
0.55,0.65,0.9,100,1000,point_rogan_gladen,500,1,499,,,,,-0.03291764558256467,0.15179433792340188
0.55,0.65,0.9,200,100,judgy,500,0,500,0.708,0.32462402349489655,0.3252889010252756,0.0020440000000000002,,
0.55,0.65,0.9,200,100,skill,500,0,500,0.726,0.3438420026806921,0.33385907484483934,0.0020440000000000002,,
0.55,0.65,0.9,200,100,repo,500,0,500,0.942,0.6398263507806412,0.6500419682784649,0.0020440000000000002,,
0.55,0.65,0.9,200,100,stratified,500,0,500,0.942,0.6374779787448912,0.6476233586527707,0.0020440000000000002,,
0.55,0.65,0.9,200,100,lang_reiczigel,500,0,500,0.964,0.6834281297828936,0.6870312976856425,0.0020440000000000002,,
0.55,0.65,0.9,200,100,wilson_known,500,0,500,0.9,0.5571627779741705,0.5702650540372203,0.0020440000000000002,,
0.55,0.65,0.9,200,100,point_rogan_gladen,500,0,500,,,,,-0.06040270798449337,0.20682645768399863
0.55,0.65,0.9,200,1000,judgy,500,0,500,0.902,0.3406900127929863,0.3480020960550881,0.002191,,
0.55,0.65,0.9,200,1000,skill,500,0,500,0.928,0.3613191260576538,0.3539609723035206,0.002191,,
0.55,0.65,0.9,200,1000,repo,500,0,500,0.954,0.4044221236839742,0.39560039966929267,0.002191,,
0.55,0.65,0.9,200,1000,stratified,500,0,500,0.954,0.403893401299481,0.39386864522415177,0.002191,,
0.55,0.65,0.9,200,1000,lang_reiczigel,500,0,500,0.958,0.4582725752940606,0.443053821881904,0.002191,,
0.55,0.65,0.9,200,1000,wilson_known,500,0,500,0.592,0.20565296166351724,0.23029025997991748,0.002191,,
0.55,0.65,0.9,200,1000,point_rogan_gladen,500,0,500,,,,,-0.02153216889684611,0.12547967786003972
0.55,0.8,0.1,10,100,judgy,500,36,464,0.8987068965517241,0.6455092058225114,0.6280738636363634,0.08844508622845905,,
0.55,0.8,0.1,10,100,skill,500,36,464,0.9073275862068966,0.8267982088214335,1.0,0.08844508622845905,,
0.55,0.8,0.1,10,100,repo,500,36,464,0.9094827586206896,0.8466345534134684,1.0,0.08844508622845905,,
0.55,0.8,0.1,10,100,stratified,500,36,464,0.9094827586206896,0.8017135395285988,1.0,0.08844508622845905,,
0.55,0.8,0.1,10,100,lang_reiczigel,500,36,464,0.9956896551724138,0.7669409881448185,0.8308999081386741,0.08844508622845905,,
0.55,0.8,0.1,10,100,wilson_known,500,36,464,0.49353448275862066,0.3050443310038364,0.29396079768886096,0.08844508622845905,,
0.55,0.8,0.1,10,100,point_rogan_gladen,500,36,464,,,,,0.09362539340448828,0.23726316417673157
0.55,0.8,0.1,10,1000,judgy,500,46,454,0.8568281938325991,0.6555263443682207,0.6479891964285707,0.08954187997082241,,
0.55,0.8,0.1,10,1000,skill,500,46,454,0.8590308370044053,0.807177691204922,1.0,0.08954187997082241,,
0.55,0.8,0.1,10,1000,repo,500,46,454,0.8590308370044053,0.8114987605393316,1.0,0.08954187997082241,,
0.55,0.8,0.1,10,1000,stratified,500,46,454,0.8590308370044053,0.775186440415006,1.0,0.08954187997082241,,
0.55,0.8,0.1,10,1000,lang_reiczigel,500,46,454,0.9977973568281938,0.7305658665610452,0.7203723139184146,0.08954187997082241,,
0.55,0.8,0.1,10,1000,wilson_known,500,46,454,0.2533039647577093,0.09572838876829663,0.10165766944787347,0.08954187997082241,,
0.55,0.8,0.1,10,1000,point_rogan_gladen,500,46,454,,,,,0.0841560118173555,0.20884096487045864
0.55,0.8,0.1,20,100,judgy,500,12,488,0.9057377049180327,0.5392528205964638,0.4735000000000002,0.039625,,
0.55,0.8,0.1,20,100,skill,500,12,488,0.9262295081967213,0.6592239096243185,0.6098300189393931,0.039625,,
0.55,0.8,0.1,20,100,repo,500,12,488,0.9487704918032787,0.7171311212814967,0.7431649122807005,0.039625,,
0.55,0.8,0.1,20,100,stratified,500,12,488,0.9467213114754098,0.6875764645086123,0.6591428571428564,0.039625,,
0.55,0.8,0.1,20,100,lang_reiczigel,500,12,488,0.9733606557377049,0.6586226920358345,0.6176797126801262,0.039625,,
0.55,0.8,0.1,20,100,wilson_known,500,12,488,0.6413934426229508,0.3400809287862473,0.32972537205213115,0.039625,,
0.55,0.8,0.1,20,100,point_rogan_gladen,500,12,488,,,,,0.06623686991514864,0.19123639251820918
0.55,0.8,0.1,20,1000,judgy,500,5,495,0.9171717171717172,0.5176987821808547,0.45999999999999996,0.040643434343434336,,
0.55,0.8,0.1,20,1000,skill,500,5,495,0.9434343434343434,0.6615454107542424,0.6000258620689656,0.040643434343434336,,
0.55,0.8,0.1,20,1000,repo,500,5,495,0.9434343434343434,0.6709533338302337,0.6216097058823525,0.040643434343434336,,
0.55,0.8,0.1,20,1000,stratified,500,5,495,0.9393939393939394,0.6455686511601885,0.5700000000000001,0.040643434343434336,,
0.55,0.8,0.1,20,1000,lang_reiczigel,500,5,495,0.9717171717171718,0.600651310094935,0.5331981527016831,0.040643434343434336,,
0.55,0.8,0.1,20,1000,wilson_known,500,5,495,0.22626262626262628,0.10051177259772064,0.1057537280748071,0.040643434343434336,,
0.55,0.8,0.1,20,1000,point_rogan_gladen,500,5,495,,,,,0.050147542356633296,0.1570932448731583
0.55,0.8,0.1,50,100,judgy,500,0,500,0.828,0.3355807019482392,0.3261338919630849,0.005045,,
0.55,0.8,0.1,50,100,skill,500,0,500,0.848,0.36309964501745107,0.33604577906237165,0.005045,,
0.55,0.8,0.1,50,100,repo,500,0,500,0.95,0.4759254228943653,0.4428289126617567,0.005045,,
0.55,0.8,0.1,50,100,stratified,500,0,500,0.952,0.4729023045050244,0.44117647058823506,0.005045,,
0.55,0.8,0.1,50,100,lang_reiczigel,500,0,500,0.962,0.4955585771772394,0.47007137445106495,0.005045,,
0.55,0.8,0.1,50,100,wilson_known,500,0,500,0.74,0.32844088957173345,0.34387306150800306,0.005045,,
0.55,0.8,0.1,50,100,point_rogan_gladen,500,0,500,,,,,0.03319381189901965,0.1452699660679411
0.55,0.8,0.1,50,1000,judgy,500,0,500,0.922,0.34161986811129025,0.3334203040143388,0.004048,,
0.55,0.8,0.1,50,1000,skill,500,0,500,0.942,0.37407379895255893,0.34192572967778634,0.004048,,
0.55,0.8,0.1,50,1000,repo,500,0,500,0.95,0.3876293105047191,0.355660171935235,0.004048,,
0.55,0.8,0.1,50,1000,stratified,500,0,500,0.938,0.37948046077434583,0.35008181818181777,0.004048,,
0.55,0.8,0.1,50,1000,lang_reiczigel,500,0,500,0.96,0.3979431735999689,0.3708324686322504,0.004048,,
0.55,0.8,0.1,50,1000,wilson_known,500,0,500,0.38,0.10971130597595283,0.12185679059624352,0.004048,,
0.55,0.8,0.1,50,1000,point_rogan_gladen,500,0,500,,,,,0.019334669359864953,0.10964958505337322
0.55,0.8,0.1,100,100,judgy,500,0,500,0.802,0.25819666994543,0.2614101498627,8.400000000000001e-05,,
0.55,0.8,0.1,100,100,skill,500,0,500,0.804,0.25807070103582797,0.263712315375935,8.400000000000001e-05,,
0.55,0.8,0.1,100,100,repo,500,0,500,0.924,0.4031073072935205,0.4025918683869316,8.400000000000001e-05,,
0.55,0.8,0.1,100,100,stratified,500,0,500,0.922,0.4030005147682307,0.39516676866584977,8.400000000000001e-05,,
0.55,0.8,0.1,100,100,lang_reiczigel,500,0,500,0.94,0.4273484369377344,0.42536920807425826,8.400000000000001e-05,,
0.55,0.8,0.1,100,100,wilson_known,500,0,500,0.862,0.34544026807779776,0.35688423174869255,8.400000000000001e-05,,
0.55,0.8,0.1,100,100,point_rogan_gladen,500,0,500,,,,,0.026166984569125876,0.12949034053280525
0.55,0.8,0.1,100,1000,judgy,500,0,500,0.934,0.26191017127972,0.2680686882001083,7.2e-05,,
0.55,0.8,0.1,100,1000,skill,500,0,500,0.932,0.26238258236400946,0.2701298657607055,7.2e-05,,
0.55,0.8,0.1,100,1000,repo,500,0,500,0.944,0.27959926875786995,0.2853609566143186,7.2e-05,,
0.55,0.8,0.1,100,1000,stratified,500,0,500,0.946,0.2789464796151097,0.286614583333333,7.2e-05,,
0.55,0.8,0.1,100,1000,lang_reiczigel,500,0,500,0.962,0.2968664779582466,0.29814774972741986,7.2e-05,,
0.55,0.8,0.1,100,1000,wilson_known,500,0,500,0.464,0.11540948132586948,0.12960203083107885,7.2e-05,,
0.55,0.8,0.1,100,1000,point_rogan_gladen,500,0,500,,,,,0.007727248058600297,0.08964626337767127
0.55,0.8,0.1,200,100,judgy,500,0,500,0.64,0.18982303123659913,0.20896182483954306,0.0,,
0.55,0.8,0.1,200,100,skill,500,0,500,0.65,0.19029526460664595,0.20907120208237265,0.0,,
0.55,0.8,0.1,200,100,repo,500,0,500,0.938,0.36635984702654195,0.3693647462201624,0.0,,
0.55,0.8,0.1,200,100,stratified,500,0,500,0.934,0.3664499459786302,0.36751042522272065,0.0,,
0.55,0.8,0.1,200,100,lang_reiczigel,500,0,500,0.94,0.3866049382080257,0.389584264162534,0.0,,
0.55,0.8,0.1,200,100,wilson_known,500,0,500,0.886,0.34331432055364836,0.35860742836072584,0.0,,
0.55,0.8,0.1,200,100,point_rogan_gladen,500,0,500,,,,,0.022614002622675666,0.12310034243892508
0.55,0.8,0.1,200,1000,judgy,500,0,500,0.912,0.21253626068439138,0.21922569837271327,0.0,,
0.55,0.8,0.1,200,1000,skill,500,0,500,0.912,0.21249337799439774,0.21715075899693365,0.0,,
0.55,0.8,0.1,200,1000,repo,500,0,500,0.944,0.23698294338384335,0.2430877233253358,0.0,,
0.55,0.8,0.1,200,1000,stratified,500,0,500,0.942,0.2368258493700211,0.24302705279163545,0.0,,
0.55,0.8,0.1,200,1000,lang_reiczigel,500,0,500,0.952,0.24459675658090277,0.2505600608646106,0.0,,
0.55,0.8,0.1,200,1000,wilson_known,500,0,500,0.644,0.12891917811393533,0.13792995846836653,0.0,,
0.55,0.8,0.1,200,1000,point_rogan_gladen,500,0,500,,,,,0.0038439803126772355,0.0734591646081619
0.55,0.8,0.3,10,100,judgy,500,32,468,0.8653846153846154,0.7509559143607943,0.7852500000000003,0.08925337027488103,,
0.55,0.8,0.3,10,100,skill,500,32,468,0.8910256410256411,0.8522721461088585,1.0,0.08925337027488103,,
0.55,0.8,0.3,10,100,repo,500,32,468,0.9294871794871795,0.8683815512095007,1.0,0.08925337027488103,,
0.55,0.8,0.3,10,100,stratified,500,32,468,0.9230769230769231,0.8473392899538732,1.0,0.08925337027488103,,
0.55,0.8,0.3,10,100,lang_reiczigel,500,32,468,1.0,0.8306910975227194,0.9231603273053502,0.08925337027488103,,
0.55,0.8,0.3,10,100,wilson_known,500,32,468,0.5747863247863247,0.39242961897982503,0.36054800283173083,0.08925337027488103,,
0.55,0.8,0.3,10,100,point_rogan_gladen,500,32,468,,,,,0.03732905982905989,0.2825327363068712
0.55,0.8,0.3,10,1000,judgy,500,29,471,0.89171974522293,0.7658550237862445,0.8218800000000012,0.08539718850932897,,
0.55,0.8,0.3,10,1000,skill,500,29,471,0.9065817409766455,0.8542921576565088,1.0,0.08539718850932897,,
0.55,0.8,0.3,10,1000,repo,500,29,471,0.9044585987261147,0.8572376114507566,1.0,0.08539718850932897,,
0.55,0.8,0.3,10,1000,stratified,500,29,471,0.9044585987261147,0.8327377670778148,1.0,0.08539718850932897,,
0.55,0.8,0.3,10,1000,lang_reiczigel,500,29,471,0.9978768577494692,0.7931933856519193,0.8392293658606141,0.08539718850932897,,
0.55,0.8,0.3,10,1000,wilson_known,500,29,471,0.23354564755838642,0.12779217404639434,0.11487772361475335,0.08539718850932897,,
0.55,0.8,0.3,10,1000,point_rogan_gladen,500,29,471,,,,,0.0227381710646042,0.27271042577352955
0.55,0.8,0.3,20,100,judgy,500,5,495,0.8848484848484849,0.6840228600971999,0.6752646831041567,0.043324242424242425,,
0.55,0.8,0.3,20,100,skill,500,5,495,0.9353535353535354,0.7740172836176115,0.8401500000000002,0.043324242424242425,,
0.55,0.8,0.3,20,100,repo,500,5,495,0.9616161616161616,0.8204599424720208,0.9333488372093022,0.043324242424242425,,
0.55,0.8,0.3,20,100,stratified,500,5,495,0.9535353535353536,0.8016931191010535,0.8809999999999997,0.043324242424242425,,
0.55,0.8,0.3,20,100,lang_reiczigel,500,5,495,0.98989898989899,0.7686251791313964,0.7721601418207191,0.043324242424242425,,
0.55,0.8,0.3,20,100,wilson_known,500,5,495,0.7070707070707071,0.44226248521605716,0.41733575439477405,0.043324242424242425,,
0.55,0.8,0.3,20,100,point_rogan_gladen,500,5,495,,,,,0.01240919966677544,0.24788523953268907
0.55,0.8,0.3,20,1000,judgy,500,5,495,0.9272727272727272,0.7119671269544648,0.6968750000000001,0.042262626262626266,,
0.55,0.8,0.3,20,1000,skill,500,5,495,0.9515151515151515,0.7772204324147488,0.8058603260869549,0.042262626262626266,,
0.55,0.8,0.3,20,1000,repo,500,5,495,0.9535353535353536,0.7875332356089191,0.8308021978021972,0.042262626262626266,,
0.55,0.8,0.3,20,1000,stratified,500,5,495,0.9474747474747475,0.7665963211690104,0.7900000000000005,0.042262626262626266,,
0.55,0.8,0.3,20,1000,lang_reiczigel,500,5,495,0.9858585858585859,0.7086491757273867,0.6783667111632126,0.042262626262626266,,
0.55,0.8,0.3,20,1000,wilson_known,500,5,495,0.3111111111111111,0.15454715041567654,0.14245472711855,0.042262626262626266,,
0.55,0.8,0.3,20,1000,point_rogan_gladen,500,5,495,,,,,0.009321784724815018,0.20827901658528997
0.55,0.8,0.3,50,100,judgy,500,0,500,0.808,0.5023943790639515,0.4774404200094381,0.003389,,
0.55,0.8,0.3,50,100,skill,500,0,500,0.824,0.5187592903935496,0.487417649327758,0.003389,,
0.55,0.8,0.3,50,100,repo,500,0,500,0.95,0.6660124269438531,0.6549620286056894,0.003389,,
0.55,0.8,0.3,50,100,stratified,500,0,500,0.948,0.6632221098846162,0.6603614683014349,0.003389,,
0.55,0.8,0.3,50,100,lang_reiczigel,500,0,500,0.976,0.6441787821945517,0.6380649337086308,0.003389,,
0.55,0.8,0.3,50,100,wilson_known,500,0,500,0.824,0.47121573510313214,0.463631087896494,0.003389,,
0.55,0.8,0.3,50,100,point_rogan_gladen,500,0,500,,,,,-0.0016107206228479346,0.17993257965466536
0.55,0.8,0.3,50,1000,judgy,500,0,500,0.958,0.52244002833642,0.48531164574764984,0.004035,,
0.55,0.8,0.3,50,1000,skill,500,0,500,0.96,0.5347059014308888,0.4901749395677314,0.004035,,
0.55,0.8,0.3,50,1000,repo,500,0,500,0.962,0.554634408144071,0.5120294696380069,0.004035,,
0.55,0.8,0.3,50,1000,stratified,500,0,500,0.962,0.5484361743795637,0.506497231359649,0.004035,,
0.55,0.8,0.3,50,1000,lang_reiczigel,500,0,500,0.984,0.514282729219347,0.4828575675264578,0.004035,,
0.55,0.8,0.3,50,1000,wilson_known,500,0,500,0.438,0.16699892746789005,0.15560987822802283,0.004035,,
0.55,0.8,0.3,50,1000,point_rogan_gladen,500,0,500,,,,,0.00016343958472791198,0.14396332189691766
0.55,0.8,0.3,100,100,judgy,500,0,500,0.722,0.36243964276557417,0.35811988212358115,0.000133,,
0.55,0.8,0.3,100,100,skill,500,0,500,0.722,0.36336388214775683,0.3573090922879692,0.000133,,
0.55,0.8,0.3,100,100,repo,500,0,500,0.948,0.584367740082341,0.5788377916431844,0.000133,,
0.55,0.8,0.3,100,100,stratified,500,0,500,0.932,0.5846292591952583,0.5774548286013921,0.000133,,
0.55,0.8,0.3,100,100,lang_reiczigel,500,0,500,0.966,0.5760918913500626,0.569597039992112,0.000133,,
0.55,0.8,0.3,100,100,wilson_known,500,0,500,0.892,0.47836836829375184,0.48233401370576656,0.000133,,
0.55,0.8,0.3,100,100,point_rogan_gladen,500,0,500,,,,,0.006636964553777494,0.1664573626704349
0.55,0.8,0.3,100,1000,judgy,500,0,500,0.926,0.3888578696586484,0.37328852922194267,0.000133,,
0.55,0.8,0.3,100,1000,skill,500,0,500,0.93,0.3876802504589301,0.37662424999015387,0.000133,,
0.55,0.8,0.3,100,1000,repo,500,0,500,0.954,0.4201586052552461,0.4061802146498571,0.000133,,
0.55,0.8,0.3,100,1000,stratified,500,0,500,0.954,0.41950386299925047,0.40406193126698664,0.000133,,
0.55,0.8,0.3,100,1000,lang_reiczigel,500,0,500,0.976,0.40456523687563267,0.39394415355498996,0.000133,,
0.55,0.8,0.3,100,1000,wilson_known,500,0,500,0.582,0.1691609703357659,0.16296866932968423,0.000133,,
0.55,0.8,0.3,100,1000,point_rogan_gladen,500,0,500,,,,,-0.007032459269095384,0.10647617706105476
0.55,0.8,0.3,200,100,judgy,500,0,500,0.606,0.25775921875551605,0.2571997931323958,0.0,,
0.55,0.8,0.3,200,100,skill,500,0,500,0.606,0.2581703948548705,0.2574533806542181,0.0,,
0.55,0.8,0.3,200,100,repo,500,0,500,0.926,0.5376470099099244,0.5396339642466847,0.0,,
0.55,0.8,0.3,200,100,stratified,500,0,500,0.928,0.5365910954557548,0.5435278869898158,0.0,,
0.55,0.8,0.3,200,100,lang_reiczigel,500,0,500,0.946,0.5342511033785179,0.5363215444575224,0.0,,
0.55,0.8,0.3,200,100,wilson_known,500,0,500,0.904,0.48138677375715055,0.48637400524703606,0.0,,
0.55,0.8,0.3,200,100,point_rogan_gladen,500,0,500,,,,,-0.0020235136938774973,0.14917394881892257
0.55,0.8,0.3,200,1000,judgy,500,0,500,0.88,0.2699657294225548,0.2657753329771638,0.0,,
0.55,0.8,0.3,200,1000,skill,500,0,500,0.88,0.2703535658857386,0.26657294068461423,0.0,,
0.55,0.8,0.3,200,1000,repo,500,0,500,0.938,0.3176230038788423,0.31446729401525914,0.0,,
0.55,0.8,0.3,200,1000,stratified,500,0,500,0.938,0.3174324768479389,0.31216019276141066,0.0,,
0.55,0.8,0.3,200,1000,lang_reiczigel,500,0,500,0.954,0.30999965720321476,0.30728100267624986,0.0,,
0.55,0.8,0.3,200,1000,wilson_known,500,0,500,0.674,0.16603328702296818,0.16302918351609288,0.0,,
0.55,0.8,0.3,200,1000,point_rogan_gladen,500,0,500,,,,,-0.006028577067091733,0.08450328734643006
0.55,0.8,0.5,10,100,judgy,500,36,464,0.9051724137931034,0.776179124374471,0.8140833333333328,0.07883620689655171,,
0.55,0.8,0.5,10,100,skill,500,36,464,0.9439655172413793,0.8551921303334988,1.0,0.07883620689655171,,
0.55,0.8,0.5,10,100,repo,500,36,464,0.9633620689655172,0.8781702284790224,1.0,0.07883620689655171,,
0.55,0.8,0.5,10,100,stratified,500,36,464,0.9568965517241379,0.8596506952996715,1.0,0.07883620689655171,,
0.55,0.8,0.5,10,100,lang_reiczigel,500,36,464,0.9892241379310345,0.8659236122361087,0.9534625367258176,0.07883620689655171,,
0.55,0.8,0.5,10,100,wilson_known,500,36,464,0.5991379310344828,0.4234764917545116,0.375602178955297,0.07883620689655171,,
0.55,0.8,0.5,10,100,point_rogan_gladen,500,36,464,,,,,0.011837883141762462,0.2835993018619806
0.55,0.8,0.5,10,1000,judgy,500,29,471,0.9278131634819533,0.8013038827425392,0.8454800000000006,0.09033063400065212,,
0.55,0.8,0.5,10,1000,skill,500,29,471,0.9532908704883227,0.8729681459146045,1.0,0.09033063400065212,,
0.55,0.8,0.5,10,1000,repo,500,29,471,0.9554140127388535,0.8750698755476596,1.0,0.09033063400065212,,
0.55,0.8,0.5,10,1000,stratified,500,29,471,0.9511677282377919,0.850859304123277,1.0,0.09033063400065212,,
0.55,0.8,0.5,10,1000,lang_reiczigel,500,29,471,0.9766454352441614,0.8537641408105671,0.9248624953578439,0.09033063400065212,,
0.55,0.8,0.5,10,1000,wilson_known,500,29,471,0.2505307855626327,0.15443533797329062,0.1456087900171361,0.09033063400065212,,
0.55,0.8,0.5,10,1000,point_rogan_gladen,500,29,471,,,,,0.027479611094260715,0.2812424065344795
0.55,0.8,0.5,20,100,judgy,500,10,490,0.8734693877551021,0.7267794329653937,0.7089220419924698,0.039103061224489796,,
0.55,0.8,0.5,20,100,skill,500,10,490,0.9142857142857143,0.789150933779691,0.8009787102108301,0.039103061224489796,,
0.55,0.8,0.5,20,100,repo,500,10,490,0.9591836734693877,0.8484783176903636,0.9410224208210513,0.039103061224489796,,
0.55,0.8,0.5,20,100,stratified,500,10,490,0.9571428571428572,0.8332732710208625,0.8753125000000002,0.039103061224489796,,
0.55,0.8,0.5,20,100,lang_reiczigel,500,10,490,0.9816326530612245,0.8172810395554091,0.8442755734917391,0.039103061224489796,,
0.55,0.8,0.5,20,100,wilson_known,500,10,490,0.6938775510204082,0.47698395088942236,0.4565187586981807,0.039103061224489796,,
0.55,0.8,0.5,20,100,point_rogan_gladen,500,10,490,,,,,0.007977963646331007,0.26243463637303727
0.55,0.8,0.5,20,1000,judgy,500,5,495,0.9313131313131313,0.7702852558277399,0.7772006418007128,0.041364646464646465,,
0.55,0.8,0.5,20,1000,skill,500,5,495,0.9575757575757575,0.8181178540804318,0.8757793304668303,0.041364646464646465,,
0.55,0.8,0.5,20,1000,repo,500,5,495,0.9595959595959596,0.8255117872451668,0.9069999999999996,0.041364646464646465,,
0.55,0.8,0.5,20,1000,stratified,500,5,495,0.9555555555555556,0.8105847130896756,0.8502083333333335,0.041364646464646465,,
0.55,0.8,0.5,20,1000,lang_reiczigel,500,5,495,0.9878787878787879,0.7700849365378102,0.7701170639984705,0.041364646464646465,,
0.55,0.8,0.5,20,1000,wilson_known,500,5,495,0.31717171717171716,0.17528690815225126,0.16830020168355928,0.041364646464646465,,
0.55,0.8,0.5,20,1000,point_rogan_gladen,500,5,495,,,,,0.0049755965695359216,0.24400343120314813
0.55,0.8,0.5,50,100,judgy,500,0,500,0.804,0.5587299090783429,0.540189248077,0.003194,,
0.55,0.8,0.5,50,100,skill,500,0,500,0.816,0.5712369538886749,0.5392505950384516,0.003194,,
0.55,0.8,0.5,50,100,repo,500,0,500,0.962,0.7308656384757266,0.7126853746515823,0.003194,,
0.55,0.8,0.5,50,100,stratified,500,0,500,0.968,0.729277311426036,0.714285714285714,0.003194,,
0.55,0.8,0.5,50,100,lang_reiczigel,500,0,500,0.982,0.7071753303081053,0.6924729499293032,0.003194,,
0.55,0.8,0.5,50,100,wilson_known,500,0,500,0.83,0.5138566469089296,0.4960188887666795,0.003194,,
0.55,0.8,0.5,50,100,point_rogan_gladen,500,0,500,,,,,0.010207173450163086,0.20632455626229246
0.55,0.8,0.5,50,1000,judgy,500,0,500,0.928,0.5926886830453618,0.5582333571202344,0.00501,,
0.55,0.8,0.5,50,1000,skill,500,0,500,0.934,0.602662243488634,0.5715431976428519,0.00501,,
0.55,0.8,0.5,50,1000,repo,500,0,500,0.946,0.6234932310861607,0.583156924505116,0.00501,,
0.55,0.8,0.5,50,1000,stratified,500,0,500,0.94,0.6174070276916646,0.5824156048288875,0.00501,,
0.55,0.8,0.5,50,1000,lang_reiczigel,500,0,500,0.966,0.5692874586289913,0.5437355773637179,0.00501,,
0.55,0.8,0.5,50,1000,wilson_known,500,0,500,0.508,0.18141985897188626,0.16661804446664538,0.00501,,
0.55,0.8,0.5,50,1000,point_rogan_gladen,500,0,500,,,,,-0.0046454867446682315,0.153713919495091
0.55,0.8,0.5,100,100,judgy,500,0,500,0.724,0.40313215408626957,0.38844996305436197,3.800000000000001e-05,,
0.55,0.8,0.5,100,100,skill,500,0,500,0.72,0.4031684166665011,0.3872224629748917,3.800000000000001e-05,,
0.55,0.8,0.5,100,100,repo,500,0,500,0.93,0.6539382693349834,0.6387705729600784,3.800000000000001e-05,,
0.55,0.8,0.5,100,100,stratified,500,0,500,0.936,0.6535029249923086,0.6377711031700393,3.800000000000001e-05,,
0.55,0.8,0.5,100,100,lang_reiczigel,500,0,500,0.956,0.6348176621385921,0.6218787754926398,3.800000000000001e-05,,
0.55,0.8,0.5,100,100,wilson_known,500,0,500,0.888,0.5238571968162948,0.5117203178416687,3.800000000000001e-05,,
0.55,0.8,0.5,100,100,point_rogan_gladen,500,0,500,,,,,0.009088069014824738,0.17669538039020927
0.55,0.8,0.5,100,1000,judgy,500,0,500,0.936,0.4162324633227982,0.39450036453314724,9.999999999999999e-05,,
0.55,0.8,0.5,100,1000,skill,500,0,500,0.932,0.4180901312928038,0.39442977408760493,9.999999999999999e-05,,
0.55,0.8,0.5,100,1000,repo,500,0,500,0.966,0.4572054872833454,0.4360043027775553,9.999999999999999e-05,,
0.55,0.8,0.5,100,1000,stratified,500,0,500,0.958,0.45540191393372803,0.4320866736177922,9.999999999999999e-05,,
0.55,0.8,0.5,100,1000,lang_reiczigel,500,0,500,0.98,0.426485493190128,0.4063050587364506,9.999999999999999e-05,,
0.55,0.8,0.5,100,1000,wilson_known,500,0,500,0.626,0.17884654931952307,0.17064270706277995,9.999999999999999e-05,,
0.55,0.8,0.5,100,1000,point_rogan_gladen,500,0,500,,,,,0.012494333436031176,0.1073377173120997
0.55,0.8,0.5,200,100,judgy,500,0,500,0.576,0.28058012512077907,0.2741942364089102,0.0,,
0.55,0.8,0.5,200,100,skill,500,0,500,0.568,0.28040675677888943,0.2738703885139676,0.0,,
0.55,0.8,0.5,200,100,repo,500,0,500,0.944,0.6082627933712692,0.6014002967553382,0.0,,
0.55,0.8,0.5,200,100,stratified,500,0,500,0.946,0.6083418668574003,0.60500421011432,0.0,,
0.55,0.8,0.5,200,100,lang_reiczigel,500,0,500,0.948,0.5934691088574119,0.5864689672341113,0.0,,
0.55,0.8,0.5,200,100,wilson_known,500,0,500,0.914,0.5317690544348846,0.5238781299346642,0.0,,
0.55,0.8,0.5,200,100,point_rogan_gladen,500,0,500,,,,,0.0003516006413045547,0.1550846810457518
0.55,0.8,0.5,200,1000,judgy,500,0,500,0.884,0.2724257733049923,0.2646924261615572,0.0,,
0.55,0.8,0.5,200,1000,skill,500,0,500,0.882,0.2714905682031504,0.26271294969968806,0.0,,
0.55,0.8,0.5,200,1000,repo,500,0,500,0.93,0.3262889008138016,0.3178342527222011,0.0,,
0.55,0.8,0.5,200,1000,stratified,500,0,500,0.928,0.3254770295894232,0.3161772379165402,0.0,,
0.55,0.8,0.5,200,1000,lang_reiczigel,500,0,500,0.94,0.31512194011970235,0.30820312842554043,0.0,,
0.55,0.8,0.5,200,1000,wilson_known,500,0,500,0.734,0.17334497478775546,0.16995488372296258,0.0,,
0.55,0.8,0.5,200,1000,point_rogan_gladen,500,0,500,,,,,-0.0015363885384976372,0.08256456811918143
0.55,0.8,0.7,10,100,judgy,500,36,464,0.9202586206896551,0.7422060737696348,0.7481241379310343,0.07954008361939591,,
0.55,0.8,0.7,10,100,skill,500,36,464,0.9504310344827587,0.8369326645887478,1.0,0.07954008361939591,,
0.55,0.8,0.7,10,100,repo,500,36,464,0.9568965517241379,0.8580156349794591,1.0,0.07954008361939591,,
0.55,0.8,0.7,10,100,stratified,500,36,464,0.9525862068965517,0.8395363257731252,1.0,0.07954008361939591,,
0.55,0.8,0.7,10,100,lang_reiczigel,500,36,464,0.9676724137931034,0.872123693112989,0.944786433641153,0.07954008361939591,,
0.55,0.8,0.7,10,100,wilson_known,500,36,464,0.5237068965517241,0.38231837660613655,0.375602178955297,0.07954008361939591,,
0.55,0.8,0.7,10,100,point_rogan_gladen,500,36,464,,,,,-0.0361432676518883,0.27438622525983813
0.55,0.8,0.7,10,1000,judgy,500,27,473,0.9281183932346723,0.7349842678542394,0.7116052631578949,0.09027484143763215,,
0.55,0.8,0.7,10,1000,skill,500,27,473,0.9556025369978859,0.8428655130003362,1.0,0.09027484143763215,,
0.55,0.8,0.7,10,1000,repo,500,27,473,0.9556025369978859,0.8442722067374105,1.0,0.09027484143763215,,
0.55,0.8,0.7,10,1000,stratified,500,27,473,0.9471458773784355,0.8242864957716702,1.0,0.09027484143763215,,
0.55,0.8,0.7,10,1000,lang_reiczigel,500,27,473,0.959830866807611,0.8523145100708825,0.9009944320924689,0.09027484143763215,,
0.55,0.8,0.7,10,1000,wilson_known,500,27,473,0.19873150105708245,0.12336790263237644,0.12291812310228512,0.09027484143763215,,
0.55,0.8,0.7,10,1000,point_rogan_gladen,500,27,473,,,,,-0.013002231618510615,0.2686015470713448
0.55,0.8,0.7,20,100,judgy,500,3,497,0.9114688128772636,0.6887999254636173,0.6662068965517245,0.041376257545271626,,
0.55,0.8,0.7,20,100,skill,500,3,497,0.9396378269617707,0.764144468071297,0.7575172413793103,0.041376257545271626,,
0.55,0.8,0.7,20,100,repo,500,3,497,0.96579476861167,0.8182431360329978,0.8683166666666664,0.041376257545271626,,
0.55,0.8,0.7,20,100,stratified,500,3,497,0.959758551307847,0.8030171328441593,0.8285714285714285,0.041376257545271626,,
0.55,0.8,0.7,20,100,lang_reiczigel,500,3,497,0.9577464788732394,0.8117333703223214,0.8079787613294906,0.041376257545271626,,
0.55,0.8,0.7,20,100,wilson_known,500,3,497,0.7183098591549296,0.45429794180807337,0.4260962526135036,0.041376257545271626,,
0.55,0.8,0.7,20,100,point_rogan_gladen,500,3,497,,,,,-0.021610633944637955,0.22990254599513926
0.55,0.8,0.7,20,1000,judgy,500,7,493,0.9310344827586207,0.6914788452240096,0.6765458422174839,0.044737322515212986,,
0.55,0.8,0.7,20,1000,skill,500,7,493,0.9553752535496958,0.777123654391621,0.7981624999999991,0.044737322515212986,,
0.55,0.8,0.7,20,1000,repo,500,7,493,0.9594320486815415,0.7860918924134479,0.8177999999999999,0.044737322515212986,,
0.55,0.8,0.7,20,1000,stratified,500,7,493,0.949290060851927,0.7689784918123111,0.7882000000000002,0.044737322515212986,,
0.55,0.8,0.7,20,1000,lang_reiczigel,500,7,493,0.947261663286004,0.7586567649349552,0.7626664476493596,0.044737322515212986,,
0.55,0.8,0.7,20,1000,wilson_known,500,7,493,0.2738336713995943,0.15566234967148562,0.1530908841728446,0.044737322515212986,,
0.55,0.8,0.7,20,1000,point_rogan_gladen,500,7,493,,,,,-0.014039571145554864,0.23056406344109004
0.55,0.8,0.7,50,100,judgy,500,1,499,0.8256513026052105,0.4893955795542626,0.48010207373271896,0.0035390781563126254,,
0.55,0.8,0.7,50,100,skill,500,1,499,0.8336673346693386,0.5048233807693255,0.48878612716763015,0.0035390781563126254,,
0.55,0.8,0.7,50,100,repo,500,1,499,0.9398797595190381,0.6468366553885244,0.6404144661157055,0.0035390781563126254,,
0.55,0.8,0.7,50,100,stratified,500,1,499,0.9378757515030061,0.6434529439777928,0.6364267676767679,0.0035390781563126254,,
0.55,0.8,0.7,50,100,lang_reiczigel,500,1,499,0.9639278557114228,0.6577502537487954,0.6428219535490614,0.0035390781563126254,,
0.55,0.8,0.7,50,100,wilson_known,500,1,499,0.8136272545090181,0.4560678817641692,0.4565316992287541,0.0035390781563126254,,
0.55,0.8,0.7,50,100,point_rogan_gladen,500,1,499,,,,,0.019864955008375616,0.19342026582299252
0.55,0.8,0.7,50,1000,judgy,500,0,500,0.936,0.5139171100051088,0.491553249029943,0.004189,,
0.55,0.8,0.7,50,1000,skill,500,0,500,0.934,0.535149650999369,0.4982320511504742,0.004189,,
0.55,0.8,0.7,50,1000,repo,500,0,500,0.952,0.5540472221327799,0.5158968234082784,0.004189,,
0.55,0.8,0.7,50,1000,stratified,500,0,500,0.952,0.5450112576274965,0.5145900735294116,0.004189,,
0.55,0.8,0.7,50,1000,lang_reiczigel,500,0,500,0.948,0.5511363482141699,0.5384688115551721,0.004189,,
0.55,0.8,0.7,50,1000,wilson_known,500,0,500,0.44,0.16488283070385956,0.1618779499907671,0.004189,,
0.55,0.8,0.7,50,1000,point_rogan_gladen,500,0,500,,,,,0.007756981277811855,0.15449992588840977
0.55,0.8,0.7,100,100,judgy,500,0,500,0.758,0.38340735099404055,0.3803090038989659,7.300000000000001e-05,,
0.55,0.8,0.7,100,100,skill,500,0,500,0.76,0.3842888456110479,0.38241836276066976,7.300000000000001e-05,,
0.55,0.8,0.7,100,100,repo,500,0,500,0.94,0.5943952138678703,0.5881225637957095,7.300000000000001e-05,,
0.55,0.8,0.7,100,100,stratified,500,0,500,0.94,0.5938440442497475,0.5891617063492064,7.300000000000001e-05,,
0.55,0.8,0.7,100,100,lang_reiczigel,500,0,500,0.958,0.5943829719945423,0.588474833433989,7.300000000000001e-05,,
0.55,0.8,0.7,100,100,wilson_known,500,0,500,0.868,0.4857470229586875,0.48833870484342007,7.300000000000001e-05,,
0.55,0.8,0.7,100,100,point_rogan_gladen,500,0,500,,,,,-0.0011232003998053988,0.17780818833233278
0.55,0.8,0.7,100,1000,judgy,500,0,500,0.944,0.3985825286027543,0.39638447362845597,5.199999999999999e-05,,
0.55,0.8,0.7,100,1000,skill,500,0,500,0.936,0.39763389154308504,0.39812195615250495,5.199999999999999e-05,,
0.55,0.8,0.7,100,1000,repo,500,0,500,0.954,0.42664501512431774,0.421926501646976,5.199999999999999e-05,,
0.55,0.8,0.7,100,1000,stratified,500,0,500,0.952,0.4256141169633785,0.42176363081831847,5.199999999999999e-05,,
0.55,0.8,0.7,100,1000,lang_reiczigel,500,0,500,0.954,0.4271011685708223,0.42890546698893794,5.199999999999999e-05,,
0.55,0.8,0.7,100,1000,wilson_known,500,0,500,0.538,0.1749831264469497,0.17430603854394333,5.199999999999999e-05,,
0.55,0.8,0.7,100,1000,point_rogan_gladen,500,0,500,,,,,0.005986814840015999,0.11551830829715855
0.55,0.8,0.7,200,100,judgy,500,0,500,0.634,0.2821561165051936,0.28075333186832396,1e-06,,
0.55,0.8,0.7,200,100,skill,500,0,500,0.63,0.28186065996830745,0.28257304079678885,1e-06,,
0.55,0.8,0.7,200,100,repo,500,0,500,0.952,0.5427062028249976,0.5529320311488577,1e-06,,
0.55,0.8,0.7,200,100,stratified,500,0,500,0.952,0.5424263150728867,0.5536241394148022,1e-06,,
0.55,0.8,0.7,200,100,lang_reiczigel,500,0,500,0.958,0.5407655288922977,0.5488934715471876,1e-06,,
0.55,0.8,0.7,200,100,wilson_known,500,0,500,0.92,0.48344195279403507,0.49225625489395064,1e-06,,
0.55,0.8,0.7,200,100,point_rogan_gladen,500,0,500,,,,,0.019600254185229402,0.1543802594270602
0.55,0.8,0.7,200,1000,judgy,500,0,500,0.894,0.3033862735293351,0.2990425450410386,0.0,,
0.55,0.8,0.7,200,1000,skill,500,0,500,0.894,0.30329508892932733,0.29776611223869026,0.0,,
0.55,0.8,0.7,200,1000,repo,500,0,500,0.944,0.34778294127015286,0.3439141571005279,0.0,,
0.55,0.8,0.7,200,1000,stratified,500,0,500,0.942,0.3476117313511719,0.344998278623411,0.0,,
0.55,0.8,0.7,200,1000,lang_reiczigel,500,0,500,0.962,0.3436750819127518,0.3400074869770001,0.0,,
0.55,0.8,0.7,200,1000,wilson_known,500,0,500,0.702,0.17868491903347422,0.17626240519835995,0.0,,
0.55,0.8,0.7,200,1000,point_rogan_gladen,500,0,500,,,,,0.00912727946845558,0.09240675504231304
0.55,0.8,0.9,10,100,judgy,500,39,461,0.9197396963123644,0.647385602282053,0.6000000000000001,0.09688002406843335,,
0.55,0.8,0.9,10,100,skill,500,39,461,0.9479392624728851,0.8226548652402904,1.0,0.09688002406843335,,
0.55,0.8,0.9,10,100,repo,500,39,461,0.9544468546637744,0.843340742377324,1.0,0.09688002406843335,,
0.55,0.8,0.9,10,100,stratified,500,39,461,0.9457700650759219,0.8176999793409773,1.0,0.09688002406843335,,
0.55,0.8,0.9,10,100,lang_reiczigel,500,39,461,0.928416485900217,0.852427110606007,0.9716234420334052,0.09688002406843335,,
0.55,0.8,0.9,10,100,wilson_known,500,39,461,0.49891540130151846,0.30505499280214504,0.31470279353263564,0.09688002406843335,,
0.55,0.8,0.9,10,100,point_rogan_gladen,500,39,461,,,,,-0.09805237062286952,0.25110148674013366
0.55,0.8,0.9,10,1000,judgy,500,22,478,0.9686192468619247,0.6536686289365876,0.6170343409090908,0.09491018260176112,,
0.55,0.8,0.9,10,1000,skill,500,22,478,0.9769874476987448,0.8326245108140397,1.0,0.09491018260176112,,
0.55,0.8,0.9,10,1000,repo,500,22,478,0.9790794979079498,0.8344939356655952,1.0,0.09491018260176112,,
0.55,0.8,0.9,10,1000,stratified,500,22,478,0.9728033472803347,0.8108486067526731,1.0,0.09491018260176112,,
0.55,0.8,0.9,10,1000,lang_reiczigel,500,22,478,0.9393305439330544,0.8308794602903503,0.9485807920424696,0.09491018260176112,,
0.55,0.8,0.9,10,1000,wilson_known,500,22,478,0.11506276150627615,0.09372980852897246,0.0956482917374274,0.09491018260176112,,
0.55,0.8,0.9,10,1000,point_rogan_gladen,500,22,478,,,,,-0.08230421896792188,0.22545626817693812
0.55,0.8,0.9,20,100,judgy,500,7,493,0.9188640973630832,0.5094578408190109,0.4712298245614037,0.038401622718052746,,
0.55,0.8,0.9,20,100,skill,500,7,493,0.9452332657200812,0.6610358422696895,0.5916374080882352,0.038401622718052746,,
0.55,0.8,0.9,20,100,repo,500,7,493,0.9634888438133874,0.7138883938609153,0.6883255076142132,0.038401622718052746,,
0.55,0.8,0.9,20,100,stratified,500,7,493,0.9594320486815415,0.6911888998311365,0.6507954545454546,0.038401622718052746,,
0.55,0.8,0.9,20,100,lang_reiczigel,500,7,493,0.949290060851927,0.7322176328937668,0.709089172493678,0.038401622718052746,,
0.55,0.8,0.9,20,100,wilson_known,500,7,493,0.6328600405679513,0.3110936004000181,0.3248188214088986,0.038401622718052746,,
0.55,0.8,0.9,20,100,point_rogan_gladen,500,7,493,,,,,-0.05727734739905127,0.18761310356642716
0.55,0.8,0.9,20,1000,judgy,500,5,495,0.9515151515151515,0.5257562762952336,0.49869171264740897,0.03693333333333333,,
0.55,0.8,0.9,20,1000,skill,500,5,495,0.9656565656565657,0.6738905516374716,0.5950652173913044,0.03693333333333333,,
0.55,0.8,0.9,20,1000,repo,500,5,495,0.9696969696969697,0.6807338200512482,0.6199174323751523,0.03693333333333333,,
0.55,0.8,0.9,20,1000,stratified,500,5,495,0.9676767676767677,0.6537080201362252,0.5903333333333336,0.03693333333333333,,
0.55,0.8,0.9,20,1000,lang_reiczigel,500,5,495,0.9434343434343434,0.6845140673649368,0.6398957213702751,0.03693333333333333,,
0.55,0.8,0.9,20,1000,wilson_known,500,5,495,0.24242424242424243,0.10791229286767584,0.12352819426804373,0.03693333333333333,,
0.55,0.8,0.9,20,1000,point_rogan_gladen,500,5,495,,,,,-0.05349541513480909,0.1665009703339889
0.55,0.8,0.9,50,100,judgy,500,0,500,0.86,0.3548329247780997,0.3589142590995264,0.004798,,
0.55,0.8,0.9,50,100,skill,500,0,500,0.882,0.39109692493540177,0.37258315840768075,0.004798,,
0.55,0.8,0.9,50,100,repo,500,0,500,0.954,0.5003485844285593,0.47958821832579185,0.004798,,
0.55,0.8,0.9,50,100,stratified,500,0,500,0.952,0.49048885588484215,0.47297149122806986,0.004798,,
0.55,0.8,0.9,50,100,lang_reiczigel,500,0,500,0.958,0.5541805992267086,0.533186378886745,0.004798,,
0.55,0.8,0.9,50,100,wilson_known,500,0,500,0.764,0.32965914192480894,0.35479421017803187,0.004798,,
0.55,0.8,0.9,50,100,point_rogan_gladen,500,0,500,,,,,-0.03381215484640997,0.1515510346771935
0.55,0.8,0.9,50,1000,judgy,500,0,500,0.94,0.3628638310548251,0.3698949859972052,0.0028169999999999996,,
0.55,0.8,0.9,50,1000,skill,500,0,500,0.946,0.3866689634654503,0.3772777896490327,0.0028169999999999996,,
0.55,0.8,0.9,50,1000,repo,500,0,500,0.95,0.3979508779492726,0.3872889389297529,0.0028169999999999996,,
0.55,0.8,0.9,50,1000,stratified,500,0,500,0.948,0.3944402293653075,0.38815215773809497,0.0028169999999999996,,
0.55,0.8,0.9,50,1000,lang_reiczigel,500,0,500,0.942,0.4557302072547564,0.4452911602324734,0.0028169999999999996,,
0.55,0.8,0.9,50,1000,wilson_known,500,0,500,0.366,0.11355802757166919,0.13439624191105076,0.0028169999999999996,,
0.55,0.8,0.9,50,1000,point_rogan_gladen,500,0,500,,,,,-0.022752510087652996,0.12617138681078932
0.55,0.8,0.9,100,100,judgy,500,0,500,0.784,0.27229524614003014,0.28791187166287385,0.00011400000000000002,,
0.55,0.8,0.9,100,100,skill,500,0,500,0.78,0.27322445695694936,0.29216501197901773,0.00011400000000000002,,
0.55,0.8,0.9,100,100,repo,500,0,500,0.954,0.41818538791416937,0.4260348831926369,0.00011400000000000002,,
0.55,0.8,0.9,100,100,stratified,500,0,500,0.946,0.4179803209808907,0.4207231880606493,0.00011400000000000002,,
0.55,0.8,0.9,100,100,lang_reiczigel,500,0,500,0.972,0.45634260707961394,0.4578475674535725,0.00011400000000000002,,
0.55,0.8,0.9,100,100,wilson_known,500,0,500,0.824,0.3397872715115028,0.3626912957763027,0.00011400000000000002,,
0.55,0.8,0.9,100,100,point_rogan_gladen,500,0,500,,,,,-0.024251409655829143,0.13331220497800525
0.55,0.8,0.9,100,1000,judgy,500,0,500,0.94,0.29336203772525254,0.30550172004361265,6.7e-05,,
0.55,0.8,0.9,100,1000,skill,500,0,500,0.932,0.293532265608548,0.3057004263446966,6.7e-05,,
0.55,0.8,0.9,100,1000,repo,500,0,500,0.956,0.31097075153529635,0.3248741934084318,6.7e-05,,
0.55,0.8,0.9,100,1000,stratified,500,0,500,0.954,0.31079166111058754,0.32377734927462226,6.7e-05,,
0.55,0.8,0.9,100,1000,lang_reiczigel,500,0,500,0.948,0.3492657090243314,0.3517094090284521,6.7e-05,,
0.55,0.8,0.9,100,1000,wilson_known,500,0,500,0.47,0.12715135837535,0.14728497623936654,6.7e-05,,
0.55,0.8,0.9,100,1000,point_rogan_gladen,500,0,500,,,,,-0.014987709073396914,0.10117155095004027
0.55,0.8,0.9,200,100,judgy,500,0,500,0.718,0.22020646525922483,0.24169844114903244,0.0,,
0.55,0.8,0.9,200,100,skill,500,0,500,0.704,0.21988169245058453,0.24041720209994688,0.0,,
0.55,0.8,0.9,200,100,repo,500,0,500,0.958,0.4035241704668123,0.4157973253411775,0.0,,
0.55,0.8,0.9,200,100,stratified,500,0,500,0.958,0.40389143412345396,0.41029017857142863,0.0,,
0.55,0.8,0.9,200,100,lang_reiczigel,500,0,500,0.97,0.4184304006664113,0.42712795797922587,0.0,,
0.55,0.8,0.9,200,100,wilson_known,500,0,500,0.912,0.36189459487197934,0.37921774888876864,0.0,,
0.55,0.8,0.9,200,100,point_rogan_gladen,500,0,500,,,,,-0.02297290531982195,0.12399925712926858
0.55,0.8,0.9,200,1000,judgy,500,0,500,0.94,0.23950839301594348,0.24884463338389368,0.0,,
0.55,0.8,0.9,200,1000,skill,500,0,500,0.93,0.2398500367306861,0.2494040471750425,0.0,,
0.55,0.8,0.9,200,1000,repo,500,0,500,0.964,0.26491617635433745,0.27168415930253786,0.0,,
0.55,0.8,0.9,200,1000,stratified,500,0,500,0.964,0.26467236439498526,0.27264800402660455,0.0,,
0.55,0.8,0.9,200,1000,lang_reiczigel,500,0,500,0.964,0.2810523560036513,0.2910146237059834,0.0,,
0.55,0.8,0.9,200,1000,wilson_known,500,0,500,0.616,0.14030553041236704,0.1554951409459982,0.0,,
0.55,0.8,0.9,200,1000,point_rogan_gladen,500,0,500,,,,,-0.00820949921011175,0.0833243874973042
0.55,0.95,0.1,10,100,judgy,500,2,498,0.5783132530120482,0.3545441119943757,0.2775000000000002,0.0264017430401948,,
0.55,0.95,0.1,10,100,skill,500,2,498,0.5903614457831325,0.4340331951334587,0.3022222222222226,0.0264017430401948,,
0.55,0.95,0.1,10,100,repo,500,2,498,0.8433734939759037,0.49656784040646984,0.3899999999999998,0.0264017430401948,,
0.55,0.95,0.1,10,100,stratified,500,2,498,0.8152610441767069,0.4760609242525657,0.3585714285714287,0.0264017430401948,,
0.55,0.95,0.1,10,100,lang_reiczigel,500,2,498,0.9959839357429718,0.4596233433234968,0.3884974070015311,0.0264017430401948,,
0.55,0.95,0.1,10,100,wilson_known,500,2,498,0.5602409638554217,0.19725554467839207,0.18669494535797945,0.0264017430401948,,
0.55,0.95,0.1,10,100,point_rogan_gladen,500,2,498,,,,,0.024713775737872198,0.12451396125092659
0.55,0.95,0.1,10,1000,judgy,500,0,500,0.518,0.3658619916756854,0.29005555555555573,0.02572104152076038,,
0.55,0.95,0.1,10,1000,skill,500,0,500,0.522,0.4475124612438949,0.3437777777777778,0.02572104152076038,,
0.55,0.95,0.1,10,1000,repo,500,0,500,0.578,0.4529651985131535,0.35487083333333314,0.02572104152076038,,
0.55,0.95,0.1,10,1000,stratified,500,0,500,0.566,0.4329277162698412,0.2988750000000002,0.02572104152076038,,
0.55,0.95,0.1,10,1000,lang_reiczigel,500,0,500,0.996,0.4082543280835744,0.34248676727652,0.02572104152076038,,
0.55,0.95,0.1,10,1000,wilson_known,500,0,500,0.048,0.05813332281881176,0.0584967023078036,0.02572104152076038,,
0.55,0.95,0.1,10,1000,point_rogan_gladen,500,0,500,,,,,0.01610029365079371,0.1200812646251574
0.55,0.95,0.1,20,100,judgy,500,0,500,0.668,0.24349818005017934,0.21000000000000021,0.001677,,
0.55,0.95,0.1,20,100,skill,500,0,500,0.678,0.25447972845269595,0.21478571428571425,0.001677,,
0.55,0.95,0.1,20,100,repo,500,0,500,0.89,0.33072737319112505,0.2845657467532463,0.001677,,
0.55,0.95,0.1,20,100,stratified,500,0,500,0.866,0.32455552503151286,0.2822619047619047,0.001677,,
0.55,0.95,0.1,20,100,lang_reiczigel,500,0,500,0.998,0.3401242797484696,0.31789461543075936,0.001677,,
0.55,0.95,0.1,20,100,wilson_known,500,0,500,0.668,0.20726795883788504,0.20635177264692484,0.001677,,
0.55,0.95,0.1,20,100,point_rogan_gladen,500,0,500,,,,,0.01709714618714623,0.09361464760690398
0.55,0.95,0.1,20,1000,judgy,500,0,500,0.668,0.25240900746253775,0.22681250000000008,0.0029500000000000004,,
0.55,0.95,0.1,20,1000,skill,500,0,500,0.67,0.26886057762790105,0.2287357142857145,0.0029500000000000004,,
0.55,0.95,0.1,20,1000,repo,500,0,500,0.7,0.27776548163186826,0.2382099999999999,0.0029500000000000004,,
0.55,0.95,0.1,20,1000,stratified,500,0,500,0.7,0.26844085297586395,0.23500694444444425,0.0029500000000000004,,
0.55,0.95,0.1,20,1000,lang_reiczigel,500,0,500,1.0,0.2894380732081478,0.26893180384763293,0.0029500000000000004,,
0.55,0.95,0.1,20,1000,wilson_known,500,0,500,0.34,0.06584814701302359,0.06696248594036078,0.0029500000000000004,,
0.55,0.95,0.1,20,1000,point_rogan_gladen,500,0,500,,,,,0.01077738840571196,0.08833524929101112
0.55,0.95,0.1,50,100,judgy,500,0,500,0.808,0.1775681099056067,0.17367984957686328,2e-06,,
0.55,0.95,0.1,50,100,skill,500,0,500,0.81,0.17759305873243852,0.17418577766217258,2e-06,,
0.55,0.95,0.1,50,100,repo,500,0,500,0.95,0.26213633431937694,0.2573969347172354,2e-06,,
0.55,0.95,0.1,50,100,stratified,500,0,500,0.956,0.26189931461593174,0.2500000000000003,2e-06,,
0.55,0.95,0.1,50,100,lang_reiczigel,500,0,500,0.984,0.27905965407995326,0.2728700831069256,2e-06,,
0.55,0.95,0.1,50,100,wilson_known,500,0,500,0.86,0.219851025953634,0.22062319341525627,2e-06,,
0.55,0.95,0.1,50,100,point_rogan_gladen,500,0,500,,,,,0.007082410071013413,0.07497687225669958
0.55,0.95,0.1,50,1000,judgy,500,0,500,0.91,0.17847009462331057,0.17557104676350638,1.4e-05,,
0.55,0.95,0.1,50,1000,skill,500,0,500,0.912,0.17815846115038061,0.17652751539766132,1.4e-05,,
0.55,0.95,0.1,50,1000,repo,500,0,500,0.914,0.18945884041434408,0.18711009229431713,1.4e-05,,
0.55,0.95,0.1,50,1000,stratified,500,0,500,0.914,0.18873513477059545,0.18537775974025983,1.4e-05,,
0.55,0.95,0.1,50,1000,lang_reiczigel,500,0,500,0.972,0.1972858497243945,0.19581279120551065,1.4e-05,,
0.55,0.95,0.1,50,1000,wilson_known,500,0,500,0.48,0.07025404548010732,0.07161794682316304,1.4e-05,,
0.55,0.95,0.1,50,1000,point_rogan_gladen,500,0,500,,,,,0.0021407768823666464,0.05627840675031213
0.55,0.95,0.1,100,100,judgy,500,0,500,0.73,0.1327916237581852,0.1319825210070572,0.0,,
0.55,0.95,0.1,100,100,skill,500,0,500,0.738,0.132558244747096,0.13220029539285288,0.0,,
0.55,0.95,0.1,100,100,repo,500,0,500,0.948,0.23075319835345323,0.2314050252362592,0.0,,
0.55,0.95,0.1,100,100,stratified,500,0,500,0.954,0.23058677290872287,0.23214285714285693,0.0,,
0.55,0.95,0.1,100,100,lang_reiczigel,500,0,500,0.96,0.24936642172450021,0.25027040182490656,0.0,,
0.55,0.95,0.1,100,100,wilson_known,500,0,500,0.896,0.2155896963636461,0.21716428796088044,0.0,,
0.55,0.95,0.1,100,100,point_rogan_gladen,500,0,500,,,,,-0.00026264783422160187,0.06768950497908038
0.55,0.95,0.1,100,1000,judgy,500,0,500,0.9,0.1429640184165429,0.1437508023712588,0.0,,
0.55,0.95,0.1,100,1000,skill,500,0,500,0.902,0.14293424580293929,0.14453603868425638,0.0,,
0.55,0.95,0.1,100,1000,repo,500,0,500,0.942,0.158221677086689,0.1580516658863101,0.0,,
0.55,0.95,0.1,100,1000,stratified,500,0,500,0.936,0.15795477410415446,0.15818560606060603,0.0,,
0.55,0.95,0.1,100,1000,lang_reiczigel,500,0,500,0.98,0.162540613147832,0.16272364325332406,0.0,,
0.55,0.95,0.1,100,1000,wilson_known,500,0,500,0.588,0.07339236938732253,0.07351849393348757,0.0,,
0.55,0.95,0.1,100,1000,point_rogan_gladen,500,0,500,,,,,0.001768888380609041,0.04407527483747284
0.55,0.95,0.1,200,100,judgy,500,0,500,0.604,0.1031447033512436,0.10454310693956345,0.0,,
0.55,0.95,0.1,200,100,skill,500,0,500,0.608,0.10341738314878142,0.10540065482758089,0.0,,
0.55,0.95,0.1,200,100,repo,500,0,500,0.94,0.22529467380528717,0.22895714427224903,0.0,,
0.55,0.95,0.1,200,100,stratified,500,0,500,0.946,0.2258605337679237,0.2290307949441588,0.0,,
0.55,0.95,0.1,200,100,lang_reiczigel,500,0,500,0.962,0.24435231518853182,0.2497628964667053,0.0,,
0.55,0.95,0.1,200,100,wilson_known,500,0,500,0.912,0.22342127922075958,0.22922132178778254,0.0,,
0.55,0.95,0.1,200,100,point_rogan_gladen,500,0,500,,,,,0.004223901963438498,0.06464525446029422
0.55,0.95,0.1,200,1000,judgy,500,0,500,0.872,0.10824756616067162,0.10883286714526416,0.0,,
0.55,0.95,0.1,200,1000,skill,500,0,500,0.874,0.10822968279097939,0.10896685527226162,0.0,,
0.55,0.95,0.1,200,1000,repo,500,0,500,0.924,0.1294299344466329,0.1299515420919266,0.0,,
0.55,0.95,0.1,200,1000,stratified,500,0,500,0.92,0.1293107144458487,0.12886678537997676,0.0,,
0.55,0.95,0.1,200,1000,lang_reiczigel,500,0,500,0.94,0.13167731987338352,0.13180785936288764,0.0,,
0.55,0.95,0.1,200,1000,wilson_known,500,0,500,0.706,0.07396701312388532,0.07423443183578032,0.0,,
0.55,0.95,0.1,200,1000,point_rogan_gladen,500,0,500,,,,,0.0024478735839553486,0.03575019892858612
0.55,0.95,0.3,10,100,judgy,500,2,498,0.857429718875502,0.607528173770602,0.63125,0.02843775301305271,,
0.55,0.95,0.3,10,100,skill,500,2,498,0.8674698795180723,0.630563709232983,0.6625,0.02843775301305271,,
0.55,0.95,0.3,10,100,repo,500,2,498,0.9457831325301205,0.6840134829076506,0.7205729166666669,0.02843775301305271,,
0.55,0.95,0.3,10,100,stratified,500,2,498,0.9377510040160643,0.6658948831038437,0.6982142857142855,0.02843775301305271,,
0.55,0.95,0.3,10,100,lang_reiczigel,500,2,498,0.9899598393574297,0.6732739988298442,0.6418755916039451,0.02843775301305271,,
0.55,0.95,0.3,10,100,wilson_known,500,2,498,0.6767068273092369,0.329328951910636,0.2993426577470877,0.02843775301305271,,
0.55,0.95,0.3,10,100,point_rogan_gladen,500,2,498,,,,,0.0429240772614267,0.19294455170405372
0.55,0.95,0.3,10,1000,judgy,500,2,498,0.8815261044176707,0.59892167684797,0.6166458333333332,0.024396656661664167,,
0.55,0.95,0.3,10,1000,skill,500,2,498,0.8895582329317269,0.6191400478195151,0.6560000000000001,0.024396656661664167,,
0.55,0.95,0.3,10,1000,repo,500,2,498,0.8955823293172691,0.6274247089188157,0.6621197916666666,0.024396656661664167,,
0.55,0.95,0.3,10,1000,stratified,500,2,498,0.8875502008032129,0.6058499567715305,0.6312083333333326,0.024396656661664167,,
0.55,0.95,0.3,10,1000,lang_reiczigel,500,2,498,0.9779116465863453,0.6188910380770101,0.5597935349298626,0.024396656661664167,,
0.55,0.95,0.3,10,1000,wilson_known,500,2,498,0.2791164658634538,0.10337843570434888,0.09767119120640255,0.024396656661664167,,
0.55,0.95,0.3,10,1000,point_rogan_gladen,500,2,498,,,,,0.03575859788359794,0.1912000477833028
0.55,0.95,0.3,20,100,judgy,500,0,500,0.82,0.45978146178624446,0.432653829805691,0.002409,,
0.55,0.95,0.3,20,100,skill,500,0,500,0.826,0.46652532941490943,0.43386460121090764,0.002409,,
0.55,0.95,0.3,20,100,repo,500,0,500,0.946,0.5585946353535082,0.5357982777714132,0.002409,,
0.55,0.95,0.3,20,100,stratified,500,0,500,0.942,0.5498579273146013,0.525104166666666,0.002409,,
0.55,0.95,0.3,20,100,lang_reiczigel,500,0,500,0.98,0.5327333963679952,0.5078097642408401,0.002409,,
0.55,0.95,0.3,20,100,wilson_known,500,0,500,0.768,0.317834406883861,0.3031613939084189,0.002409,,
0.55,0.95,0.3,20,100,point_rogan_gladen,500,0,500,,,,,0.003839535464535439,0.13493416833523592
0.55,0.95,0.3,20,1000,judgy,500,0,500,0.914,0.4648632892637577,0.4279650480769228,0.002726,,
0.55,0.95,0.3,20,1000,skill,500,0,500,0.914,0.47344627017762625,0.42847735893788574,0.002726,,
0.55,0.95,0.3,20,1000,repo,500,0,500,0.932,0.4853528632261304,0.44058516619135035,0.002726,,
0.55,0.95,0.3,20,1000,stratified,500,0,500,0.924,0.473178940292718,0.4287461309523808,0.002726,,
0.55,0.95,0.3,20,1000,lang_reiczigel,500,0,500,0.982,0.45065796973681627,0.4196843012571817,0.002726,,
0.55,0.95,0.3,20,1000,wilson_known,500,0,500,0.352,0.10333391800545323,0.09814826978478264,0.002726,,
0.55,0.95,0.3,20,1000,point_rogan_gladen,500,0,500,,,,,0.006374456099456122,0.1143075221554284
0.55,0.95,0.3,50,100,judgy,500,0,500,0.74,0.2691478595599923,0.25937162271500835,1e-06,,
0.55,0.95,0.3,50,100,skill,500,0,500,0.74,0.26860923120599567,0.25829158968388616,1e-06,,
0.55,0.95,0.3,50,100,repo,500,0,500,0.946,0.41585744063406466,0.4032166222505164,1e-06,,
0.55,0.95,0.3,50,100,stratified,500,0,500,0.944,0.41601101589904477,0.4041163572194572,1e-06,,
0.55,0.95,0.3,50,100,lang_reiczigel,500,0,500,0.968,0.41662779987942483,0.4092010664007113,1e-06,,
0.55,0.95,0.3,50,100,wilson_known,500,0,500,0.878,0.31238392366912604,0.3053008052821082,1e-06,,
0.55,0.95,0.3,50,100,point_rogan_gladen,500,0,500,,,,,-7.965730985680341e-05,0.10770400954457748
0.55,0.95,0.3,50,1000,judgy,500,0,500,0.914,0.2718155487670507,0.2580503255107628,8e-06,,
0.55,0.95,0.3,50,1000,skill,500,0,500,0.912,0.2722341387638006,0.2593492692333883,8e-06,,
0.55,0.95,0.3,50,1000,repo,500,0,500,0.934,0.29232367845322527,0.2798651280663776,8e-06,,
0.55,0.95,0.3,50,1000,stratified,500,0,500,0.936,0.2901218338897619,0.27663810322771737,8e-06,,
0.55,0.95,0.3,50,1000,lang_reiczigel,500,0,500,0.964,0.28624098540366083,0.27669505765500574,8e-06,,
0.55,0.95,0.3,50,1000,wilson_known,500,0,500,0.57,0.10133646989137046,0.09841149313548142,8e-06,,
0.55,0.95,0.3,50,1000,point_rogan_gladen,500,0,500,,,,,0.004185363186422252,0.06936471613877995
0.55,0.95,0.3,100,100,judgy,500,0,500,0.646,0.18270163238655068,0.17896015759940404,0.0,,
0.55,0.95,0.3,100,100,skill,500,0,500,0.644,0.18269678664871675,0.17768455797263233,0.0,,
0.55,0.95,0.3,100,100,repo,500,0,500,0.944,0.36739310543616144,0.3610910131610468,0.0,,
0.55,0.95,0.3,100,100,stratified,500,0,500,0.942,0.36709402805528746,0.36196952465196575,0.0,,
0.55,0.95,0.3,100,100,lang_reiczigel,500,0,500,0.954,0.3693427421255133,0.3627898988846286,0.0,,
0.55,0.95,0.3,100,100,wilson_known,500,0,500,0.92,0.3125209886065111,0.30775692721830805,0.0,,
0.55,0.95,0.3,100,100,point_rogan_gladen,500,0,500,,,,,0.00225182957929689,0.09273967245653751
0.55,0.95,0.3,100,1000,judgy,500,0,500,0.904,0.17960324551590798,0.17410618243027434,0.0,,
0.55,0.95,0.3,100,1000,skill,500,0,500,0.904,0.1797891852727198,0.17238779153195932,0.0,,
0.55,0.95,0.3,100,1000,repo,500,0,500,0.946,0.20653313025905137,0.19918681197692106,0.0,,
0.55,0.95,0.3,100,1000,stratified,500,0,500,0.946,0.2061347102001952,0.20008137283699146,0.0,,
0.55,0.95,0.3,100,1000,lang_reiczigel,500,0,500,0.958,0.20620195665438817,0.19989684745406563,0.0,,
0.55,0.95,0.3,100,1000,wilson_known,500,0,500,0.692,0.09989983373714506,0.09809140406364067,0.0,,
0.55,0.95,0.3,100,1000,point_rogan_gladen,500,0,500,,,,,0.0005884170925537635,0.04936148935372003
0.55,0.95,0.3,200,100,judgy,500,0,500,0.494,0.12390715743705812,0.12295087922476752,0.0,,
0.55,0.95,0.3,200,100,skill,500,0,500,0.492,0.12388856534906782,0.12221279902914156,0.0,,
0.55,0.95,0.3,200,100,repo,500,0,500,0.964,0.3372534039270026,0.3341156647882806,0.0,,
0.55,0.95,0.3,200,100,stratified,500,0,500,0.966,0.33753230489328007,0.3356973879078935,0.0,,
0.55,0.95,0.3,200,100,lang_reiczigel,500,0,500,0.968,0.3398690964967587,0.3361026923954388,0.0,,
0.55,0.95,0.3,200,100,wilson_known,500,0,500,0.95,0.30932266338327147,0.3066945439644031,0.0,,
0.55,0.95,0.3,200,100,point_rogan_gladen,500,0,500,,,,,-0.0035477571095207713,0.08420840649127072
0.55,0.95,0.3,200,1000,judgy,500,0,500,0.872,0.12358533546609463,0.12331766278348355,0.0,,
0.55,0.95,0.3,200,1000,skill,500,0,500,0.866,0.1236122987559757,0.12294732771533856,0.0,,
0.55,0.95,0.3,200,1000,repo,500,0,500,0.954,0.15995442845510113,0.15908316438755143,0.0,,
0.55,0.95,0.3,200,1000,stratified,500,0,500,0.956,0.15971638954112782,0.15868677607821524,0.0,,
0.55,0.95,0.3,200,1000,lang_reiczigel,500,0,500,0.96,0.16003186188061688,0.159565235265619,0.0,,
0.55,0.95,0.3,200,1000,wilson_known,500,0,500,0.79,0.10017589129345242,0.09995738175205009,0.0,,
0.55,0.95,0.3,200,1000,point_rogan_gladen,500,0,500,,,,,0.0027703726408841245,0.03923094336063627
0.55,0.95,0.5,10,100,judgy,500,2,498,0.9116465863453815,0.6542835715166357,0.622222222222222,0.020705823293172696,,
0.55,0.95,0.5,10,100,skill,500,2,498,0.9116465863453815,0.6690085192018126,0.6287499999999999,0.020705823293172696,,
0.55,0.95,0.5,10,100,repo,500,2,498,0.9477911646586346,0.7127603700937736,0.6801249999999996,0.020705823293172696,,
0.55,0.95,0.5,10,100,stratified,500,2,498,0.9417670682730924,0.7005880705361126,0.6690059523809524,0.020705823293172696,,
0.55,0.95,0.5,10,100,lang_reiczigel,500,2,498,0.9618473895582329,0.7695177497689429,0.7653933020050387,0.020705823293172696,,
0.55,0.95,0.5,10,100,wilson_known,500,2,498,0.6666666666666666,0.3378636801907963,0.3257781861846021,0.020705823293172696,,
0.55,0.95,0.5,10,100,point_rogan_gladen,500,2,498,,,,,0.032674985656913416,0.20682190203682738
0.55,0.95,0.5,10,1000,judgy,500,2,498,0.927710843373494,0.6576270359251233,0.6370000000000002,0.02726004016064257,,
0.55,0.95,0.5,10,1000,skill,500,2,498,0.9236947791164659,0.67452044687191,0.6411625000000001,0.02726004016064257,,
0.55,0.95,0.5,10,1000,repo,500,2,498,0.9257028112449799,0.6776287772288565,0.6442942857142858,0.02726004016064257,,
0.55,0.95,0.5,10,1000,stratified,500,2,498,0.9176706827309237,0.6666697241346338,0.6394062499999997,0.02726004016064257,,
0.55,0.95,0.5,10,1000,lang_reiczigel,500,2,498,0.9397590361445783,0.7217224112396802,0.7574188002522848,0.02726004016064257,,
0.55,0.95,0.5,10,1000,wilson_known,500,2,498,0.22088353413654618,0.1109589102048279,0.11131321523655235,0.02726004016064257,,
0.55,0.95,0.5,10,1000,point_rogan_gladen,500,2,498,,,,,0.03526716389366993,0.21670059297555724
0.55,0.95,0.5,20,100,judgy,500,0,500,0.874,0.5417820389231494,0.5341176470588236,0.002301,,
0.55,0.95,0.5,20,100,skill,500,0,500,0.876,0.5492641814821222,0.5330704133565045,0.002301,,
0.55,0.95,0.5,20,100,repo,500,0,500,0.95,0.6345497381750811,0.6217769858964404,0.002301,,
0.55,0.95,0.5,20,100,stratified,500,0,500,0.942,0.6285042939571178,0.6200624999999997,0.002301,,
0.55,0.95,0.5,20,100,lang_reiczigel,500,0,500,0.96,0.6358836411613921,0.6226413221977212,0.002301,,
0.55,0.95,0.5,20,100,wilson_known,500,0,500,0.786,0.3560034940673024,0.33718624574290473,0.002301,,
0.55,0.95,0.5,20,100,point_rogan_gladen,500,0,500,,,,,0.02098343989343991,0.15882413636969087
0.55,0.95,0.5,20,1000,judgy,500,0,500,0.94,0.553978354677972,0.5578409090909091,0.0021160000000000003,,
0.55,0.95,0.5,20,1000,skill,500,0,500,0.942,0.558572863149631,0.5596409138655464,0.0021160000000000003,,
0.55,0.95,0.5,20,1000,repo,500,0,500,0.946,0.5702722674093623,0.5689598837926777,0.0021160000000000003,,
0.55,0.95,0.5,20,1000,stratified,500,0,500,0.944,0.5599038277110401,0.5630993589743588,0.0021160000000000003,,
0.55,0.95,0.5,20,1000,lang_reiczigel,500,0,500,0.948,0.5478159293557657,0.5329526630827363,0.0021160000000000003,,
0.55,0.95,0.5,20,1000,wilson_known,500,0,500,0.38,0.11792195894649672,0.11343403688042475,0.0021160000000000003,,
0.55,0.95,0.5,20,1000,point_rogan_gladen,500,0,500,,,,,0.017130980852480833,0.1384632651403554
0.55,0.95,0.5,50,100,judgy,500,0,500,0.77,0.3332003785478528,0.32492487048890073,7e-06,,
0.55,0.95,0.5,50,100,skill,500,0,500,0.768,0.3331805116845413,0.3246018734888598,7e-06,,
0.55,0.95,0.5,50,100,repo,500,0,500,0.95,0.49161231686918755,0.48853169155635523,7e-06,,
0.55,0.95,0.5,50,100,stratified,500,0,500,0.954,0.49022707774211394,0.4867543859649121,7e-06,,
0.55,0.95,0.5,50,100,lang_reiczigel,500,0,500,0.962,0.48458976104674717,0.47895236762293325,7e-06,,
0.55,0.95,0.5,50,100,wilson_known,500,0,500,0.856,0.3526704507003914,0.3486833359765658,7e-06,,
0.55,0.95,0.5,50,100,point_rogan_gladen,500,0,500,,,,,-0.0004303597975519211,0.1267476861619663
0.55,0.95,0.5,50,1000,judgy,500,0,500,0.924,0.34823211304366664,0.33663562309289924,4e-06,,
0.55,0.95,0.5,50,1000,skill,500,0,500,0.924,0.3479035364446788,0.336729684780837,4e-06,,
0.55,0.95,0.5,50,1000,repo,500,0,500,0.944,0.36848649231899333,0.3583252748174287,4e-06,,
0.55,0.95,0.5,50,1000,stratified,500,0,500,0.942,0.36606158985960585,0.35608348180948957,4e-06,,
0.55,0.95,0.5,50,1000,lang_reiczigel,500,0,500,0.96,0.349253113422395,0.33891487015531885,4e-06,,
0.55,0.95,0.5,50,1000,wilson_known,500,0,500,0.566,0.11697183039315012,0.11432512884034773,4e-06,,
0.55,0.95,0.5,50,1000,point_rogan_gladen,500,0,500,,,,,0.0082483432313261,0.08478411002053785
0.55,0.95,0.5,100,100,judgy,500,0,500,0.68,0.23088797519731236,0.22400631243918592,0.0,,
0.55,0.95,0.5,100,100,skill,500,0,500,0.688,0.23045239386224808,0.22337818587467922,0.0,,
0.55,0.95,0.5,100,100,repo,500,0,500,0.95,0.4328804026447934,0.42929630451399414,0.0,,
0.55,0.95,0.5,100,100,stratified,500,0,500,0.958,0.43180918656164063,0.42758693114234714,0.0,,
0.55,0.95,0.5,100,100,lang_reiczigel,500,0,500,0.962,0.4288298782726845,0.42459354687870476,0.0,,
0.55,0.95,0.5,100,100,wilson_known,500,0,500,0.916,0.3559852556650785,0.3528131624598686,0.0,,
0.55,0.95,0.5,100,100,point_rogan_gladen,500,0,500,,,,,0.0017904521390315561,0.10977242986297499
0.55,0.95,0.5,100,1000,judgy,500,0,500,0.906,0.22667919827595656,0.224323552243911,0.0,,
0.55,0.95,0.5,100,1000,skill,500,0,500,0.916,0.22679132410017683,0.22128458626176567,0.0,,
0.55,0.95,0.5,100,1000,repo,500,0,500,0.95,0.25517385050743396,0.2519654279959354,0.0,,
0.55,0.95,0.5,100,1000,stratified,500,0,500,0.946,0.2547707236278172,0.24892813237334188,0.0,,
0.55,0.95,0.5,100,1000,lang_reiczigel,500,0,500,0.948,0.24969003604332654,0.246579228097356,0.0,,
0.55,0.95,0.5,100,1000,wilson_known,500,0,500,0.634,0.11434045271972824,0.11327192501648953,0.0,,
0.55,0.95,0.5,100,1000,point_rogan_gladen,500,0,500,,,,,-0.0011819084492736068,0.06345539977329971
0.55,0.95,0.5,200,100,judgy,500,0,500,0.566,0.1581212950925477,0.15376265281954327,0.0,,
0.55,0.95,0.5,200,100,skill,500,0,500,0.57,0.15835893388612451,0.15442460311035633,0.0,,
0.55,0.95,0.5,200,100,repo,500,0,500,0.942,0.39588289046395,0.39144744009533394,0.0,,
0.55,0.95,0.5,200,100,stratified,500,0,500,0.94,0.3962328795686979,0.39389898431282205,0.0,,
0.55,0.95,0.5,200,100,lang_reiczigel,500,0,500,0.946,0.39349642605592283,0.39069424977846656,0.0,,
0.55,0.95,0.5,200,100,wilson_known,500,0,500,0.918,0.35511097756319826,0.35348670115412484,0.0,,
0.55,0.95,0.5,200,100,point_rogan_gladen,500,0,500,,,,,0.005547247633717837,0.10060549513676113
0.55,0.95,0.5,200,1000,judgy,500,0,500,0.884,0.15617319589653822,0.15400156115809813,0.0,,
0.55,0.95,0.5,200,1000,skill,500,0,500,0.88,0.15623973301346328,0.15340643073678797,0.0,,
0.55,0.95,0.5,200,1000,repo,500,0,500,0.956,0.19465235038895315,0.1911450371784401,0.0,,
0.55,0.95,0.5,200,1000,stratified,500,0,500,0.956,0.19384331822726397,0.19072447946899998,0.0,,
0.55,0.95,0.5,200,1000,lang_reiczigel,500,0,500,0.96,0.1928934208529579,0.1900252832726362,0.0,,
0.55,0.95,0.5,200,1000,wilson_known,500,0,500,0.762,0.11423918136398462,0.1128327563211664,0.0,,
0.55,0.95,0.5,200,1000,point_rogan_gladen,500,0,500,,,,,0.0018809163099687768,0.0484936312967412
0.55,0.95,0.7,10,100,judgy,500,3,497,0.9275653923541247,0.5802988924328549,0.5555555555555556,0.023377263581488936,,
0.55,0.95,0.7,10,100,skill,500,3,497,0.9336016096579477,0.6290170179886361,0.5700000000000001,0.023377263581488936,,
0.55,0.95,0.7,10,100,repo,500,3,497,0.9456740442655935,0.6647682438940513,0.6100714285714286,0.023377263581488936,,
0.55,0.95,0.7,10,100,stratified,500,3,497,0.9436619718309859,0.6498910207275397,0.6000000000000001,0.023377263581488936,,
0.55,0.95,0.7,10,100,lang_reiczigel,500,3,497,0.9577464788732394,0.7698641583564578,0.7494042336999622,0.023377263581488936,,
0.55,0.95,0.7,10,100,wilson_known,500,3,497,0.5855130784708249,0.3038864556303873,0.31552094875754455,0.023377263581488936,,
0.55,0.95,0.7,10,100,point_rogan_gladen,500,3,497,,,,,0.0240507329692441,0.19710753523154256
0.55,0.95,0.7,10,1000,judgy,500,6,494,0.9554655870445344,0.5903912078544163,0.5641999999999998,0.022906883603745196,,
0.55,0.95,0.7,10,1000,skill,500,6,494,0.9595141700404858,0.6332745151695343,0.5717916666666667,0.022906883603745196,,
0.55,0.95,0.7,10,1000,repo,500,6,494,0.9635627530364372,0.6363799449182624,0.5727129166666667,0.022906883603745196,,
0.55,0.95,0.7,10,1000,stratified,500,6,494,0.9493927125506073,0.6192486058897243,0.566025,0.022906883603745196,,
0.55,0.95,0.7,10,1000,lang_reiczigel,500,6,494,0.9473684210526315,0.7310216543077402,0.6883116307932934,0.022906883603745196,,
0.55,0.95,0.7,10,1000,wilson_known,500,6,494,0.19635627530364372,0.10012481769060334,0.10134779968364427,0.022906883603745196,,
0.55,0.95,0.7,10,1000,point_rogan_gladen,500,6,494,,,,,0.02462165831244785,0.19443465892172107
0.55,0.95,0.7,20,100,judgy,500,0,500,0.882,0.4773103796044915,0.4760004606750182,0.003085,,
0.55,0.95,0.7,20,100,skill,500,0,500,0.902,0.4978665438563966,0.4830769230769232,0.003085,,
0.55,0.95,0.7,20,100,repo,500,0,500,0.946,0.567495105073119,0.5501529411764707,0.003085,,
0.55,0.95,0.7,20,100,stratified,500,0,500,0.936,0.5583850537232805,0.5449747474747475,0.003085,,
0.55,0.95,0.7,20,100,lang_reiczigel,500,0,500,0.944,0.6156124910401243,0.5999583738960526,0.003085,,
0.55,0.95,0.7,20,100,wilson_known,500,0,500,0.694,0.3214842199835764,0.3308389438064423,0.003085,,
0.55,0.95,0.7,20,100,point_rogan_gladen,500,0,500,,,,,0.012345380371262748,0.1717504548895821
0.55,0.95,0.7,20,1000,judgy,500,0,500,0.948,0.48824084349359215,0.49102676426426417,0.00228,,
0.55,0.95,0.7,20,1000,skill,500,0,500,0.944,0.4978099866416815,0.49122352307302225,0.00228,,
0.55,0.95,0.7,20,1000,repo,500,0,500,0.95,0.5067816811106142,0.5017654156344015,0.00228,,
0.55,0.95,0.7,20,1000,stratified,500,0,500,0.944,0.49608668244966236,0.49466071428571434,0.00228,,
0.55,0.95,0.7,20,1000,lang_reiczigel,500,0,500,0.956,0.5524034766742043,0.5431733213775584,0.00228,,
0.55,0.95,0.7,20,1000,wilson_known,500,0,500,0.298,0.10917941379202856,0.11076507654152179,0.00228,,
0.55,0.95,0.7,20,1000,point_rogan_gladen,500,0,500,,,,,0.024301796314796363,0.16306333399476808
0.55,0.95,0.7,50,100,judgy,500,0,500,0.828,0.3537483938483907,0.35879903670014807,0.0,,
0.55,0.95,0.7,50,100,skill,500,0,500,0.83,0.354893372866842,0.3603795238472143,0.0,,
0.55,0.95,0.7,50,100,repo,500,0,500,0.93,0.47313724311973254,0.47846842824361124,0.0,,
0.55,0.95,0.7,50,100,stratified,500,0,500,0.924,0.47036174094485445,0.4773087532938076,0.0,,
0.55,0.95,0.7,50,100,lang_reiczigel,500,0,500,0.946,0.48509350913144705,0.4879413790199411,0.0,,
0.55,0.95,0.7,50,100,wilson_known,500,0,500,0.808,0.34544869695721153,0.3531443869351881,0.0,,
0.55,0.95,0.7,50,100,point_rogan_gladen,500,0,500,,,,,0.016121279837921252,0.1454856482372292
0.55,0.95,0.7,50,1000,judgy,500,0,500,0.924,0.3749611291811548,0.3823425812333746,2e-06,,
0.55,0.95,0.7,50,1000,skill,500,0,500,0.922,0.37537790434021384,0.38317674371988636,2e-06,,
0.55,0.95,0.7,50,1000,repo,500,0,500,0.93,0.38983357585113176,0.39752776826874636,2e-06,,
0.55,0.95,0.7,50,1000,stratified,500,0,500,0.936,0.38859179214003475,0.396877989872185,2e-06,,
0.55,0.95,0.7,50,1000,lang_reiczigel,500,0,500,0.94,0.39411340549091406,0.40128450326317655,2e-06,,
0.55,0.95,0.7,50,1000,wilson_known,500,0,500,0.462,0.1196394375875933,0.12070214825512915,2e-06,,
0.55,0.95,0.7,50,1000,point_rogan_gladen,500,0,500,,,,,0.012568077788411902,0.11082791377207538
0.55,0.95,0.7,100,100,judgy,500,0,500,0.766,0.27440344295238767,0.27622587826555073,0.0,,
0.55,0.95,0.7,100,100,skill,500,0,500,0.78,0.2748028980537804,0.2744848874470059,0.0,,
0.55,0.95,0.7,100,100,repo,500,0,500,0.964,0.43883147598033573,0.4425593762275185,0.0,,
0.55,0.95,0.7,100,100,stratified,500,0,500,0.964,0.4389081271810868,0.4407261015956666,0.0,,
0.55,0.95,0.7,100,100,lang_reiczigel,500,0,500,0.968,0.4402784062943319,0.44294775963132466,0.0,,
0.55,0.95,0.7,100,100,wilson_known,500,0,500,0.904,0.3602423191513029,0.36268485918553706,0.0,,
0.55,0.95,0.7,100,100,point_rogan_gladen,500,0,500,,,,,0.007337592495106946,0.11496152635037674
0.55,0.95,0.7,100,1000,judgy,500,0,500,0.918,0.2837415450928571,0.2861469533156909,0.0,,
0.55,0.95,0.7,100,1000,skill,500,0,500,0.924,0.28384961117705654,0.28429975134028035,0.0,,
0.55,0.95,0.7,100,1000,repo,500,0,500,0.946,0.30725035445160903,0.30856119106220614,0.0,,
0.55,0.95,0.7,100,1000,stratified,500,0,500,0.946,0.30649404170807,0.30821252480706024,0.0,,
0.55,0.95,0.7,100,1000,lang_reiczigel,500,0,500,0.958,0.3045564146924344,0.30477219390929655,0.0,,
0.55,0.95,0.7,100,1000,wilson_known,500,0,500,0.576,0.12160386804251536,0.1210261321853281,0.0,,
0.55,0.95,0.7,100,1000,point_rogan_gladen,500,0,500,,,,,0.00845830330450646,0.08203385430123006
0.55,0.95,0.7,200,100,judgy,500,0,500,0.626,0.19765627917847353,0.19649698262392465,0.0,,
0.55,0.95,0.7,200,100,skill,500,0,500,0.62,0.19718422702799632,0.19630197926150494,0.0,,
0.55,0.95,0.7,200,100,repo,500,0,500,0.952,0.4118492450465405,0.41375877640529335,0.0,,
0.55,0.95,0.7,200,100,stratified,500,0,500,0.954,0.4105109375279369,0.4123836293070941,0.0,,
0.55,0.95,0.7,200,100,lang_reiczigel,500,0,500,0.954,0.4088354753179732,0.4111820537530294,0.0,,
0.55,0.95,0.7,200,100,wilson_known,500,0,500,0.93,0.364226436473362,0.3670535458500107,0.0,,
0.55,0.95,0.7,200,100,point_rogan_gladen,500,0,500,,,,,0.002448935656363392,0.10729891197774222
0.55,0.95,0.7,200,1000,judgy,500,0,500,0.92,0.201598849943522,0.19926085832120882,0.0,,
0.55,0.95,0.7,200,1000,skill,500,0,500,0.916,0.2014012183811115,0.1991070690651101,0.0,,
0.55,0.95,0.7,200,1000,repo,500,0,500,0.952,0.23569095890617928,0.23345984527376884,0.0,,
0.55,0.95,0.7,200,1000,stratified,500,0,500,0.96,0.23558185580810231,0.23225646328183802,0.0,,
0.55,0.95,0.7,200,1000,lang_reiczigel,500,0,500,0.956,0.23346293260877754,0.23049971537791547,0.0,,
0.55,0.95,0.7,200,1000,wilson_known,500,0,500,0.716,0.12155573305054619,0.120475549889977,0.0,,
0.55,0.95,0.7,200,1000,point_rogan_gladen,500,0,500,,,,,0.0017394673767137767,0.057507213574020916
0.55,0.95,0.9,10,100,judgy,500,4,496,0.9193548387096774,0.4331772543608525,0.43642857142857155,0.029539323593248238,,
0.55,0.95,0.9,10,100,skill,500,4,496,0.9375,0.5313972268684933,0.47197590909090914,0.029539323593248238,,
0.55,0.95,0.9,10,100,repo,500,4,496,0.9435483870967742,0.5632664937833499,0.5100277777777777,0.029539323593248238,,
0.55,0.95,0.9,10,100,stratified,500,4,496,0.9354838709677419,0.5431040026561701,0.5,0.029539323593248238,,
0.55,0.95,0.9,10,100,lang_reiczigel,500,4,496,0.9596774193548387,0.6945648303160844,0.6378744930467002,0.029539323593248238,,
0.55,0.95,0.9,10,100,wilson_known,500,4,496,0.4637096774193548,0.20522464445084032,0.24039801913957826,0.029539323593248238,,
0.55,0.95,0.9,10,100,point_rogan_gladen,500,4,496,,,,,-0.04155337941628266,0.15941072106946483
0.55,0.95,0.9,10,1000,judgy,500,2,498,0.9457831325301205,0.4477109617792894,0.44043750000000004,0.030030122993223517,,
0.55,0.95,0.9,10,1000,skill,500,2,498,0.963855421686747,0.5486785458999992,0.486,0.030030122993223517,,
0.55,0.95,0.9,10,1000,repo,500,2,498,0.963855421686747,0.551782363305348,0.4850124999999999,0.030030122993223517,,
0.55,0.95,0.9,10,1000,stratified,500,2,498,0.9618473895582329,0.5337451859023394,0.4732062499999999,0.030030122993223517,,
0.55,0.95,0.9,10,1000,lang_reiczigel,500,2,498,0.9558232931726908,0.6598375411787347,0.591246373288568,0.030030122993223517,,
0.55,0.95,0.9,10,1000,wilson_known,500,2,498,0.10240963855421686,0.06582344051001875,0.08612225803047385,0.030030122993223517,,
0.55,0.95,0.9,10,1000,point_rogan_gladen,500,2,498,,,,,-0.03582184292726463,0.15551245077350032
0.55,0.95,0.9,20,100,judgy,500,0,500,0.926,0.35713221478856466,0.3598192148760328,0.0022190000000000005,,
0.55,0.95,0.9,20,100,skill,500,0,500,0.93,0.37438202712997976,0.3692318264660329,0.0022190000000000005,,
0.55,0.95,0.9,20,100,repo,500,0,500,0.962,0.42510522012763374,0.41847550979722015,0.0022190000000000005,,
0.55,0.95,0.9,20,100,stratified,500,0,500,0.954,0.41798601207693237,0.41541666666666677,0.0022190000000000005,,
0.55,0.95,0.9,20,100,lang_reiczigel,500,0,500,0.96,0.5003040191857443,0.4903245602059817,0.0022190000000000005,,
0.55,0.95,0.9,20,100,wilson_known,500,0,500,0.662,0.23437502402074312,0.2669584558041186,0.0022190000000000005,,
0.55,0.95,0.9,20,100,point_rogan_gladen,500,0,500,,,,,-0.025709157509157542,0.13561353243885219
0.55,0.95,0.9,20,1000,judgy,500,0,500,0.952,0.3586564270605672,0.37124264705882354,0.0031479999999999998,,
0.55,0.95,0.9,20,1000,skill,500,0,500,0.958,0.386014555212825,0.378225505409585,0.0031479999999999998,,
0.55,0.95,0.9,20,1000,repo,500,0,500,0.96,0.387936186043734,0.38403554361102626,0.0031479999999999998,,
0.55,0.95,0.9,20,1000,stratified,500,0,500,0.954,0.3755876948018012,0.3786071428571429,0.0031479999999999998,,
0.55,0.95,0.9,20,1000,lang_reiczigel,500,0,500,0.97,0.4697469119642195,0.44871260226993986,0.0031479999999999998,,
0.55,0.95,0.9,20,1000,wilson_known,500,0,500,0.216,0.07347286900666238,0.09515633310078991,0.0031479999999999998,,
0.55,0.95,0.9,20,1000,point_rogan_gladen,500,0,500,,,,,-0.01864217504391038,0.12113644636940309
0.55,0.95,0.9,50,100,judgy,500,0,500,0.876,0.2794382034762314,0.2974460350134117,4.9000000000000005e-05,,
0.55,0.95,0.9,50,100,skill,500,0,500,0.866,0.2800029220841925,0.29644705507245916,4.9000000000000005e-05,,
0.55,0.95,0.9,50,100,repo,500,0,500,0.956,0.35813185724823426,0.3764199546946407,4.9000000000000005e-05,,
0.55,0.95,0.9,50,100,stratified,500,0,500,0.952,0.3570173093396005,0.37879440961337507,4.9000000000000005e-05,,
0.55,0.95,0.9,50,100,lang_reiczigel,500,0,500,0.96,0.38673829046441777,0.40685937415833817,4.9000000000000005e-05,,
0.55,0.95,0.9,50,100,wilson_known,500,0,500,0.764,0.2609382494335493,0.29211423859411373,4.9000000000000005e-05,,
0.55,0.95,0.9,50,100,point_rogan_gladen,500,0,500,,,,,-0.027118797409879693,0.11681998557400292
0.55,0.95,0.9,50,1000,judgy,500,0,500,0.942,0.2826295300810904,0.2910400479301849,1e-06,,
0.55,0.95,0.9,50,1000,skill,500,0,500,0.946,0.2826915365194358,0.28962719315513197,1e-06,,
0.55,0.95,0.9,50,1000,repo,500,0,500,0.95,0.2913446491631389,0.29826265001602237,1e-06,,
0.55,0.95,0.9,50,1000,stratified,500,0,500,0.954,0.28986389487968084,0.29731667533413847,1e-06,,
0.55,0.95,0.9,50,1000,lang_reiczigel,500,0,500,0.964,0.3193308637628026,0.3245505480521095,1e-06,,
0.55,0.95,0.9,50,1000,wilson_known,500,0,500,0.356,0.0917951628549595,0.1066512379024247,1e-06,,
0.55,0.95,0.9,50,1000,point_rogan_gladen,500,0,500,,,,,-0.008213914651028444,0.09465279578252474
0.55,0.95,0.9,100,100,judgy,500,0,500,0.796,0.222664748219321,0.24043017416641926,0.0,,
0.55,0.95,0.9,100,100,skill,500,0,500,0.796,0.22229080441985008,0.24070077458642214,0.0,,
0.55,0.95,0.9,100,100,repo,500,0,500,0.924,0.32910321116139457,0.3391581854589502,0.0,,
0.55,0.95,0.9,100,100,stratified,500,0,500,0.938,0.3292588545437871,0.33885734788721406,0.0,,
0.55,0.95,0.9,100,100,lang_reiczigel,500,0,500,0.938,0.3407510485161025,0.34914928696878544,0.0,,
0.55,0.95,0.9,100,100,wilson_known,500,0,500,0.838,0.2706852093965508,0.29154103676475257,0.0,,
0.55,0.95,0.9,100,100,point_rogan_gladen,500,0,500,,,,,-0.022064153598992064,0.10991664461705472
0.55,0.95,0.9,100,1000,judgy,500,0,500,0.938,0.23253393348194898,0.24384628376424117,0.0,,
0.55,0.95,0.9,100,1000,skill,500,0,500,0.94,0.232418153279076,0.2445605416380504,0.0,,
0.55,0.95,0.9,100,1000,repo,500,0,500,0.958,0.24524603616038065,0.2572910146495486,0.0,,
0.55,0.95,0.9,100,1000,stratified,500,0,500,0.954,0.2442037406096016,0.25621662267296474,0.0,,
0.55,0.95,0.9,100,1000,lang_reiczigel,500,0,500,0.958,0.2582703846001085,0.2687117334981508,0.0,,
0.55,0.95,0.9,100,1000,wilson_known,500,0,500,0.482,0.09969242440034261,0.11444137497479329,0.0,,
0.55,0.95,0.9,100,1000,point_rogan_gladen,500,0,500,,,,,-0.002924542274130758,0.07779065751142104
0.55,0.95,0.9,200,100,judgy,500,0,500,0.686,0.17146354263517824,0.18885505622184728,0.0,,
0.55,0.95,0.9,200,100,skill,500,0,500,0.682,0.17169606744395194,0.18857100658643378,0.0,,
0.55,0.95,0.9,200,100,repo,500,0,500,0.956,0.3060186746704694,0.3143754156428837,0.0,,
0.55,0.95,0.9,200,100,stratified,500,0,500,0.956,0.3057820453227097,0.3148922812582609,0.0,,
0.55,0.95,0.9,200,100,lang_reiczigel,500,0,500,0.962,0.31098624272730974,0.3194622208885221,0.0,,
0.55,0.95,0.9,200,100,wilson_known,500,0,500,0.914,0.2731395137904939,0.28875146813628433,0.0,,
0.55,0.95,0.9,200,100,point_rogan_gladen,500,0,500,,,,,-0.008673296962859034,0.09536928365681885
0.55,0.95,0.9,200,1000,judgy,500,0,500,0.928,0.1918950687254063,0.20308204312151973,0.0,,
0.55,0.95,0.9,200,1000,skill,500,0,500,0.934,0.19160300632512622,0.20279356652307684,0.0,,
0.55,0.95,0.9,200,1000,repo,500,0,500,0.95,0.21035330296397756,0.2221347621079494,0.0,,
0.55,0.95,0.9,200,1000,stratified,500,0,500,0.95,0.21051221784014254,0.22168295019157086,0.0,,
0.55,0.95,0.9,200,1000,lang_reiczigel,500,0,500,0.956,0.21621718228963535,0.22750088919826084,0.0,,
0.55,0.95,0.9,200,1000,wilson_known,500,0,500,0.642,0.10914422220765094,0.1178252811861264,0.0,,
0.55,0.95,0.9,200,1000,point_rogan_gladen,500,0,500,,,,,-0.0016190565069502468,0.06318210286561156
0.65,0.45,0.1,10,100,judgy,500,209,291,0.8969072164948454,0.8430809128245279,1.0,0.18805160827836598,,
0.65,0.45,0.1,10,100,skill,500,209,291,0.9759450171821306,0.9587700286121398,1.0,0.18805160827836598,,
0.65,0.45,0.1,10,100,repo,500,209,291,0.979381443298969,0.9650232281178273,1.0,0.18805160827836598,,
0.65,0.45,0.1,10,100,stratified,500,209,291,0.9656357388316151,0.9551957467408497,1.0,0.18805160827836598,,
0.65,0.45,0.1,10,100,lang_reiczigel,500,209,291,0.9587628865979382,0.970060948565828,1.0,0.18805160827836598,,
0.65,0.45,0.1,10,100,wilson_known,500,209,291,0.436426116838488,0.4542052207466461,0.4762827981669394,0.18805160827836598,,
0.65,0.45,0.1,10,100,point_rogan_gladen,500,209,291,,,,,0.2777515954835542,0.4501408536773739
0.65,0.45,0.1,10,1000,judgy,500,198,302,0.9139072847682119,0.8549626057588363,1.0,0.1873267610626505,,
0.65,0.45,0.1,10,1000,skill,500,198,302,0.9735099337748344,0.9608881270751808,1.0,0.1873267610626505,,
0.65,0.45,0.1,10,1000,repo,500,198,302,0.9701986754966887,0.959834849654013,1.0,0.1873267610626505,,
0.65,0.45,0.1,10,1000,stratified,500,198,302,0.9701986754966887,0.9553875906654051,1.0,0.1873267610626505,,
0.65,0.45,0.1,10,1000,lang_reiczigel,500,198,302,0.9304635761589404,0.9570139018221989,1.0,0.1873267610626505,,
0.65,0.45,0.1,10,1000,wilson_known,500,198,302,0.11920529801324503,0.16354548578281833,0.12293213958094462,0.1873267610626505,,
0.65,0.45,0.1,10,1000,point_rogan_gladen,500,198,302,,,,,0.28439084673604537,0.4446999212101716
0.65,0.45,0.1,20,100,judgy,500,161,339,0.8908554572271387,0.8348333962980342,1.0,0.17839823008849556,,
0.65,0.45,0.1,20,100,skill,500,161,339,0.9793510324483776,0.967736867278272,1.0,0.17839823008849556,,
0.65,0.45,0.1,20,100,repo,500,161,339,0.9941002949852508,0.9779266516268867,1.0,0.17839823008849556,,
0.65,0.45,0.1,20,100,stratified,500,161,339,0.9941002949852508,0.97449772961388,1.0,0.17839823008849556,,
0.65,0.45,0.1,20,100,lang_reiczigel,500,161,339,0.9528023598820059,0.9699972279771522,1.0,0.17839823008849556,,
0.65,0.45,0.1,20,100,wilson_known,500,161,339,0.6430678466076696,0.594827584574025,0.6244591020329361,0.17839823008849556,,
0.65,0.45,0.1,20,100,point_rogan_gladen,500,161,339,,,,,0.2728058716111814,0.44958228000061634
0.65,0.45,0.1,20,1000,judgy,500,165,335,0.9253731343283582,0.8361918421028236,1.0,0.18762388059701493,,
0.65,0.45,0.1,20,1000,skill,500,165,335,0.9850746268656716,0.9663168330104126,1.0,0.18762388059701493,,
0.65,0.45,0.1,20,1000,repo,500,165,335,0.9791044776119403,0.9666517443697757,1.0,0.18762388059701493,,
0.65,0.45,0.1,20,1000,stratified,500,165,335,0.9791044776119403,0.9595340388177328,1.0,0.18762388059701493,,
0.65,0.45,0.1,20,1000,lang_reiczigel,500,165,335,0.9462686567164179,0.9541077184272849,1.0,0.18762388059701493,,
0.65,0.45,0.1,20,1000,wilson_known,500,165,335,0.2417910447761194,0.22204660026167047,0.19097780198175301,0.18762388059701493,,
0.65,0.45,0.1,20,1000,point_rogan_gladen,500,165,335,,,,,0.23258308457711444,0.4146137248758603
0.65,0.45,0.1,50,100,judgy,500,102,398,0.8844221105527639,0.7282634575871906,0.8341041207332289,0.13727010050251257,,
0.65,0.45,0.1,50,100,skill,500,102,398,0.964824120603015,0.9392827359992371,1.0,0.13727010050251257,,
0.65,0.45,0.1,50,100,repo,500,102,398,0.9798994974874372,0.9695575939695777,1.0,0.13727010050251257,,
0.65,0.45,0.1,50,100,stratified,500,102,398,0.9798994974874372,0.9649227410802623,1.0,0.13727010050251257,,
0.65,0.45,0.1,50,100,lang_reiczigel,500,102,398,0.9698492462311558,0.9660137413501658,1.0,0.13727010050251257,,
0.65,0.45,0.1,50,100,wilson_known,500,102,398,0.7763819095477387,0.6874162529110271,0.7846307616608956,0.13727010050251257,,
0.65,0.45,0.1,50,100,point_rogan_gladen,500,102,398,,,,,0.2049823942356457,0.3996828480049421
0.65,0.45,0.1,50,1000,judgy,500,92,408,0.9534313725490197,0.801839455163343,0.9387291563018234,0.15076225490196077,,
0.65,0.45,0.1,50,1000,skill,500,92,408,0.9705882352941176,0.9430916845413062,1.0,0.15076225490196077,,
0.65,0.45,0.1,50,1000,repo,500,92,408,0.9754901960784313,0.9481383718727923,1.0,0.15076225490196077,,
0.65,0.45,0.1,50,1000,stratified,500,92,408,0.9730392156862745,0.9408029678206666,1.0,0.15076225490196077,,
0.65,0.45,0.1,50,1000,lang_reiczigel,500,92,408,0.928921568627451,0.9287500481902033,1.0,0.15076225490196077,,
0.65,0.45,0.1,50,1000,wilson_known,500,92,408,0.36764705882352944,0.2907507868812171,0.26879393893452613,0.15076225490196077,,
0.65,0.45,0.1,50,1000,point_rogan_gladen,500,92,408,,,,,0.18941376071944838,0.36706907375047587
0.65,0.45,0.1,100,100,judgy,500,48,452,0.7831858407079646,0.635794497063319,0.6935341224426316,0.10244137168141593,,
0.65,0.45,0.1,100,100,skill,500,48,452,0.9424778761061947,0.8659986035411735,1.0,0.10244137168141593,,
0.65,0.45,0.1,100,100,repo,500,48,452,0.9823008849557522,0.942400326617457,1.0,0.10244137168141593,,
0.65,0.45,0.1,100,100,stratified,500,48,452,0.9778761061946902,0.9385383642282565,1.0,0.10244137168141593,,
0.65,0.45,0.1,100,100,lang_reiczigel,500,48,452,0.9778761061946902,0.9522650343708706,1.0,0.10244137168141593,,
0.65,0.45,0.1,100,100,wilson_known,500,48,452,0.8628318584070797,0.7526768263953888,0.9051877289864425,0.10244137168141593,,
0.65,0.45,0.1,100,100,point_rogan_gladen,500,48,452,,,,,0.1862468418833498,0.3851213640662485
0.65,0.45,0.1,100,1000,judgy,500,55,445,0.9303370786516854,0.7073583306625437,0.7271312963492522,0.10396067415730338,,
0.65,0.45,0.1,100,1000,skill,500,55,445,0.9550561797752809,0.8867750174936366,1.0,0.10396067415730338,,
0.65,0.45,0.1,100,1000,repo,500,55,445,0.9685393258426966,0.8992869728640188,1.0,0.10396067415730338,,
0.65,0.45,0.1,100,1000,stratified,500,55,445,0.9685393258426966,0.8946415676596607,1.0,0.10396067415730338,,
0.65,0.45,0.1,100,1000,lang_reiczigel,500,55,445,0.9348314606741573,0.8790179164006856,0.9800664836430928,0.10396067415730338,,
0.65,0.45,0.1,100,1000,wilson_known,500,55,445,0.503370786516854,0.3310821154901442,0.3229983043813962,0.10396067415730338,,
0.65,0.45,0.1,100,1000,point_rogan_gladen,500,55,445,,,,,0.10620710114941437,0.26659333436323357
0.65,0.45,0.1,200,100,judgy,500,17,483,0.7267080745341615,0.5478253492217612,0.5462396818834816,0.0624223602484472,,
0.65,0.45,0.1,200,100,skill,500,17,483,0.865424430641822,0.7555637242588089,1.0,0.0624223602484472,,
0.65,0.45,0.1,200,100,repo,500,17,483,0.9875776397515528,0.9412555282315342,1.0,0.0624223602484472,,
0.65,0.45,0.1,200,100,stratified,500,17,483,0.9855072463768116,0.9376888240366442,1.0,0.0624223602484472,,
0.65,0.45,0.1,200,100,lang_reiczigel,500,17,483,0.9855072463768116,0.9543962524923384,1.0,0.0624223602484472,,
0.65,0.45,0.1,200,100,wilson_known,500,17,483,0.9316770186335404,0.8205717976596805,0.9820539596838356,0.0624223602484472,,
0.65,0.45,0.1,200,100,point_rogan_gladen,500,17,483,,,,,0.1847202634930145,0.3721719893271145
0.65,0.45,0.1,200,1000,judgy,500,11,489,0.9202453987730062,0.5846600747233441,0.5460180862250268,0.06486707566462169,,
0.65,0.45,0.1,200,1000,skill,500,11,489,0.9591002044989775,0.7673787420771745,0.9673273422109294,0.06486707566462169,,
0.65,0.45,0.1,200,1000,repo,500,11,489,0.9713701431492843,0.803446952926522,1.0,0.06486707566462169,,
0.65,0.45,0.1,200,1000,stratified,500,11,489,0.9713701431492843,0.7947899679519811,1.0,0.06486707566462169,,
0.65,0.45,0.1,200,1000,lang_reiczigel,500,11,489,0.9529652351738241,0.8080100856566009,0.8271103874023773,0.06486707566462169,,
0.65,0.45,0.1,200,1000,wilson_known,500,11,489,0.65439672801636,0.35403934241525525,0.3523927664452063,0.06486707566462169,,
0.65,0.45,0.1,200,1000,point_rogan_gladen,500,11,489,,,,,0.06649968959347755,0.2201523970181035
0.65,0.45,0.3,10,100,judgy,500,206,294,0.8945578231292517,0.8445330153667574,1.0,0.18535884353741497,,
0.65,0.45,0.3,10,100,skill,500,206,294,0.9829931972789115,0.9635391413899435,1.0,0.18535884353741497,,
0.65,0.45,0.3,10,100,repo,500,206,294,0.9829931972789115,0.968108825094006,1.0,0.18535884353741497,,
0.65,0.45,0.3,10,100,stratified,500,206,294,0.9761904761904762,0.9609854328636218,1.0,0.18535884353741497,,
0.65,0.45,0.3,10,100,lang_reiczigel,500,206,294,0.9897959183673469,0.9727836685139539,1.0,0.18535884353741497,,
0.65,0.45,0.3,10,100,wilson_known,500,206,294,0.5136054421768708,0.46553378387541083,0.4695027236941216,0.18535884353741497,,
0.65,0.45,0.3,10,100,point_rogan_gladen,500,206,294,,,,,0.17458373825720766,0.41446019321809774
0.65,0.45,0.3,10,1000,judgy,500,196,304,0.9111842105263158,0.8660167646605622,1.0,0.18207734130223008,,
0.65,0.45,0.3,10,1000,skill,500,196,304,0.9703947368421053,0.9600471142393218,1.0,0.18207734130223008,,
0.65,0.45,0.3,10,1000,repo,500,196,304,0.9736842105263158,0.9605424005537531,1.0,0.18207734130223008,,
0.65,0.45,0.3,10,1000,stratified,500,196,304,0.9572368421052632,0.9528134992428992,1.0,0.18207734130223008,,
0.65,0.45,0.3,10,1000,lang_reiczigel,500,196,304,0.9539473684210527,0.9551611205772724,1.0,0.18207734130223008,,
0.65,0.45,0.3,10,1000,wilson_known,500,196,304,0.2138157894736842,0.16734923413811584,0.15221951292540226,0.18207734130223008,,
0.65,0.45,0.3,10,1000,point_rogan_gladen,500,196,304,,,,,0.12656065946115286,0.38246895552916177
0.65,0.45,0.3,20,100,judgy,500,150,350,0.9,0.8394524610461177,1.0,0.1734642857142857,,
0.65,0.45,0.3,20,100,skill,500,150,350,0.98,0.966507114690223,1.0,0.1734642857142857,,
0.65,0.45,0.3,20,100,repo,500,150,350,0.9857142857142858,0.9766437275359723,1.0,0.1734642857142857,,
0.65,0.45,0.3,20,100,stratified,500,150,350,0.98,0.9685358192601049,1.0,0.1734642857142857,,
0.65,0.45,0.3,20,100,lang_reiczigel,500,150,350,0.98,0.9664615647865655,1.0,0.1734642857142857,,
0.65,0.45,0.3,20,100,wilson_known,500,150,350,0.6485714285714286,0.5968481626276437,0.6207440668395707,0.1734642857142857,,
0.65,0.45,0.3,20,100,point_rogan_gladen,500,150,350,,,,,0.14952139764996908,0.40341761357971384
0.65,0.45,0.3,20,1000,judgy,500,163,337,0.9406528189910979,0.8834096723736831,1.0,0.17715281899109794,,
0.65,0.45,0.3,20,1000,skill,500,163,337,0.9910979228486647,0.974946550490316,1.0,0.17715281899109794,,
0.65,0.45,0.3,20,1000,repo,500,163,337,0.9940652818991098,0.9778109291114664,1.0,0.17715281899109794,,
0.65,0.45,0.3,20,1000,stratified,500,163,337,0.9910979228486647,0.9726210163311796,1.0,0.17715281899109794,,
0.65,0.45,0.3,20,1000,lang_reiczigel,500,163,337,0.9881305637982196,0.9591313376331055,1.0,0.17715281899109794,,
0.65,0.45,0.3,20,1000,wilson_known,500,163,337,0.2314540059347181,0.2354345770526263,0.20513131965442732,0.17715281899109794,,
0.65,0.45,0.3,20,1000,point_rogan_gladen,500,163,337,,,,,0.14651792190664584,0.3861881312647418
0.65,0.45,0.3,50,100,judgy,500,91,409,0.8337408312958435,0.7826643920270628,0.8956558834481485,0.13914669926650367,,
0.65,0.45,0.3,50,100,skill,500,91,409,0.960880195599022,0.9444550816424433,1.0,0.13914669926650367,,
0.65,0.45,0.3,50,100,repo,500,91,409,0.9902200488997555,0.97634699512736,1.0,0.13914669926650367,,
0.65,0.45,0.3,50,100,stratified,500,91,409,0.9902200488997555,0.9735646094653466,1.0,0.13914669926650367,,
0.65,0.45,0.3,50,100,lang_reiczigel,500,91,409,0.9926650366748166,0.9678910046393261,1.0,0.13914669926650367,,
0.65,0.45,0.3,50,100,wilson_known,500,91,409,0.8092909535452323,0.74381454795399,0.8210816899476157,0.13914669926650367,,
0.65,0.45,0.3,50,100,point_rogan_gladen,500,91,409,,,,,0.12947569250868837,0.3855375831640135
0.65,0.45,0.3,50,1000,judgy,500,76,424,0.9457547169811321,0.8491901295392542,0.9975000000000003,0.13743867924528302,,
0.65,0.45,0.3,50,1000,skill,500,76,424,0.9858490566037735,0.9512748226550856,1.0,0.13743867924528302,,
0.65,0.45,0.3,50,1000,repo,500,76,424,0.9905660377358491,0.9560556594596598,1.0,0.13743867924528302,,
0.65,0.45,0.3,50,1000,stratified,500,76,424,0.9882075471698113,0.9475229808263322,1.0,0.13743867924528302,,
0.65,0.45,0.3,50,1000,lang_reiczigel,500,76,424,0.9858490566037735,0.9274224076995834,1.0,0.13743867924528302,,
0.65,0.45,0.3,50,1000,wilson_known,500,76,424,0.43160377358490565,0.3338543510074411,0.3051831623047603,0.13743867924528302,,
0.65,0.45,0.3,50,1000,point_rogan_gladen,500,76,424,,,,,0.06785971374674707,0.32932445708833036
0.65,0.45,0.3,100,100,judgy,500,35,465,0.7591397849462366,0.6777122596771809,0.7360973684210526,0.10869784946236559,,
0.65,0.45,0.3,100,100,skill,500,35,465,0.9376344086021505,0.8974839488536465,1.0,0.10869784946236559,,
0.65,0.45,0.3,100,100,repo,500,35,465,0.989247311827957,0.9694757947647901,1.0,0.10869784946236559,,
0.65,0.45,0.3,100,100,stratified,500,35,465,0.9870967741935484,0.9656266905863399,1.0,0.10869784946236559,,
0.65,0.45,0.3,100,100,lang_reiczigel,500,35,465,0.9935483870967742,0.9669157655635748,1.0,0.10869784946236559,,
0.65,0.45,0.3,100,100,wilson_known,500,35,465,0.875268817204301,0.7957024669930975,0.932972960942057,0.10869784946236559,,
0.65,0.45,0.3,100,100,point_rogan_gladen,500,35,465,,,,,0.09040133432255262,0.3765258231592874
0.65,0.45,0.3,100,1000,judgy,500,51,449,0.9198218262806236,0.7867620451902885,0.84522645713149,0.11146102449888641,,
0.65,0.45,0.3,100,1000,skill,500,51,449,0.9910913140311804,0.9184876281199714,1.0,0.11146102449888641,,
0.65,0.45,0.3,100,1000,repo,500,51,449,0.9933184855233853,0.932748418004015,1.0,0.11146102449888641,,
0.65,0.45,0.3,100,1000,stratified,500,51,449,0.9933184855233853,0.9277311724965375,1.0,0.11146102449888641,,
0.65,0.45,0.3,100,1000,lang_reiczigel,500,51,449,0.9933184855233853,0.9052094851708711,1.0,0.11146102449888641,,
0.65,0.45,0.3,100,1000,wilson_known,500,51,449,0.576837416481069,0.4025148194027751,0.3710219219839158,0.11146102449888641,,
0.65,0.45,0.3,100,1000,point_rogan_gladen,500,51,449,,,,,0.02457716078896699,0.3044855565296415
0.65,0.45,0.3,200,100,judgy,500,10,490,0.6489795918367347,0.5686878056169148,0.5725054778026704,0.07171326530612245,,
0.65,0.45,0.3,200,100,skill,500,10,490,0.8510204081632653,0.7861037925184322,1.0,0.07171326530612245,,
0.65,0.45,0.3,200,100,repo,500,10,490,0.9816326530612245,0.9570329363921228,1.0,0.07171326530612245,,
0.65,0.45,0.3,200,100,stratified,500,10,490,0.9795918367346939,0.9539393856784372,1.0,0.07171326530612245,,
0.65,0.45,0.3,200,100,lang_reiczigel,500,10,490,0.9918367346938776,0.9653043198110823,1.0,0.07171326530612245,,
0.65,0.45,0.3,200,100,wilson_known,500,10,490,0.9122448979591836,0.8505888303447348,1.0,0.07171326530612245,,
0.65,0.45,0.3,200,100,point_rogan_gladen,500,10,490,,,,,0.0691910764098337,0.37049105536548277
0.65,0.45,0.3,200,1000,judgy,500,7,493,0.9006085192697769,0.7166270089071045,0.7170877602001949,0.06198580121703853,,
0.65,0.45,0.3,200,1000,skill,500,7,493,0.949290060851927,0.8359793442890439,1.0,0.06198580121703853,,
0.65,0.45,0.3,200,1000,repo,500,7,493,0.9776876267748479,0.8750420688491809,1.0,0.06198580121703853,,
0.65,0.45,0.3,200,1000,stratified,500,7,493,0.9776876267748479,0.8707739505779132,1.0,0.06198580121703853,,
0.65,0.45,0.3,200,1000,lang_reiczigel,500,7,493,0.9756592292089249,0.8480454963996101,0.8759226782168043,0.06198580121703853,,
0.65,0.45,0.3,200,1000,wilson_known,500,7,493,0.6531440162271805,0.46095833747011267,0.44561838763770767,0.06198580121703853,,
0.65,0.45,0.3,200,1000,point_rogan_gladen,500,7,493,,,,,0.008906925388034769,0.26764025073862097
0.65,0.45,0.5,10,100,judgy,500,179,321,0.9158878504672897,0.8682897539903636,1.0,0.18707009501635552,,
0.65,0.45,0.5,10,100,skill,500,179,321,0.9844236760124611,0.9662233339839196,1.0,0.18707009501635552,,
0.65,0.45,0.5,10,100,repo,500,179,321,0.9844236760124611,0.9726015509391766,1.0,0.18707009501635552,,
0.65,0.45,0.5,10,100,stratified,500,179,321,0.9844236760124611,0.9658012720664589,1.0,0.18707009501635552,,
0.65,0.45,0.5,10,100,lang_reiczigel,500,179,321,0.9968847352024922,0.9686173380675465,1.0,0.18707009501635552,,
0.65,0.45,0.5,10,100,wilson_known,500,179,321,0.573208722741433,0.5071354833672863,0.4774967179540558,0.18707009501635552,,
0.65,0.45,0.5,10,100,point_rogan_gladen,500,179,321,,,,,0.018990134994807898,0.36113044420649376
0.65,0.45,0.5,10,1000,judgy,500,202,298,0.9194630872483222,0.8752572063779678,1.0,0.18830095416835935,,
0.65,0.45,0.5,10,1000,skill,500,202,298,0.9798657718120806,0.9592168713794623,1.0,0.18830095416835935,,
0.65,0.45,0.5,10,1000,repo,500,202,298,0.9765100671140939,0.9619031809988711,1.0,0.18830095416835935,,
0.65,0.45,0.5,10,1000,stratified,500,202,298,0.9765100671140939,0.9554774268935761,1.0,0.18830095416835935,,
0.65,0.45,0.5,10,1000,lang_reiczigel,500,202,298,0.9966442953020134,0.953140992369981,1.0,0.18830095416835935,,
0.65,0.45,0.5,10,1000,wilson_known,500,202,298,0.17785234899328858,0.17637497357609236,0.17139447393914867,0.18830095416835935,,
0.65,0.45,0.5,10,1000,point_rogan_gladen,500,202,298,,,,,0.002773969319271251,0.3613720178717768
0.65,0.45,0.5,20,100,judgy,500,156,344,0.8866279069767442,0.8237882354595115,1.0,0.17518168604651163,,
0.65,0.45,0.5,20,100,skill,500,156,344,0.9825581395348837,0.9633240417720844,1.0,0.17518168604651163,,
0.65,0.45,0.5,20,100,repo,500,156,344,0.9941860465116279,0.9761115409233514,1.0,0.17518168604651163,,
0.65,0.45,0.5,20,100,stratified,500,156,344,0.9883720930232558,0.9702755866146128,1.0,0.17518168604651163,,
0.65,0.45,0.5,20,100,lang_reiczigel,500,156,344,0.997093023255814,0.9609207621138911,1.0,0.17518168604651163,,
0.65,0.45,0.5,20,100,wilson_known,500,156,344,0.6656976744186046,0.5986424091531376,0.6138793289130493,0.17518168604651163,,
0.65,0.45,0.5,20,100,point_rogan_gladen,500,156,344,,,,,-0.003173239873821208,0.3822811750393892
0.65,0.45,0.5,20,1000,judgy,500,174,326,0.9478527607361963,0.8887245999940049,1.0,0.17520552147239263,,
0.65,0.45,0.5,20,1000,skill,500,174,326,0.9938650306748467,0.9719851656322612,1.0,0.17520552147239263,,
0.65,0.45,0.5,20,1000,repo,500,174,326,0.9938650306748467,0.9740246109874655,1.0,0.17520552147239263,,
0.65,0.45,0.5,20,1000,stratified,500,174,326,0.9938650306748467,0.9681983708690766,1.0,0.17520552147239263,,
0.65,0.45,0.5,20,1000,lang_reiczigel,500,174,326,1.0,0.9498899911134913,1.0,0.17520552147239263,,
0.65,0.45,0.5,20,1000,wilson_known,500,174,326,0.2668711656441718,0.22634398589659743,0.20284723923292095,0.17520552147239263,,
0.65,0.45,0.5,20,1000,point_rogan_gladen,500,174,326,,,,,-9.772129710788789e-05,0.3625555918206214
0.65,0.45,0.5,50,100,judgy,500,105,395,0.8481012658227848,0.7915975895208288,0.9104712328767117,0.15175569620253165,,
0.65,0.45,0.5,50,100,skill,500,105,395,0.9696202531645569,0.9469378480662958,1.0,0.15175569620253165,,
0.65,0.45,0.5,50,100,repo,500,105,395,0.9848101265822785,0.9746159384150506,1.0,0.15175569620253165,,
0.65,0.45,0.5,50,100,stratified,500,105,395,0.9848101265822785,0.971994144843652,1.0,0.15175569620253165,,
0.65,0.45,0.5,50,100,lang_reiczigel,500,105,395,1.0,0.9651305481594384,1.0,0.15175569620253165,,
0.65,0.45,0.5,50,100,wilson_known,500,105,395,0.8481012658227848,0.7678833332540222,0.8496657023641008,0.15175569620253165,,
0.65,0.45,0.5,50,100,point_rogan_gladen,500,105,395,,,,,-0.019297464063110545,0.3780250389426747
0.65,0.45,0.5,50,1000,judgy,500,98,402,0.9253731343283582,0.853995371620655,1.0,0.14010696517412935,,
0.65,0.45,0.5,50,1000,skill,500,98,402,0.9925373134328358,0.957480231427749,1.0,0.14010696517412935,,
0.65,0.45,0.5,50,1000,repo,500,98,402,0.9925373134328358,0.9616807625963181,1.0,0.14010696517412935,,
0.65,0.45,0.5,50,1000,stratified,500,98,402,0.9950248756218906,0.9563867020043524,1.0,0.14010696517412935,,
0.65,0.45,0.5,50,1000,lang_reiczigel,500,98,402,1.0,0.9303487183444943,1.0,0.14010696517412935,,
0.65,0.45,0.5,50,1000,wilson_known,500,98,402,0.44029850746268656,0.35895406434094906,0.30538420516953074,0.14010696517412935,,
0.65,0.45,0.5,50,1000,point_rogan_gladen,500,98,402,,,,,-0.006297540875295784,0.33986948318130944
0.65,0.45,0.5,100,100,judgy,500,30,470,0.7468085106382979,0.7074407723352102,0.7471902847140139,0.10702234042553191,,
0.65,0.45,0.5,100,100,skill,500,30,470,0.9297872340425531,0.8960262727161425,1.0,0.10702234042553191,,
0.65,0.45,0.5,100,100,repo,500,30,470,0.9872340425531915,0.9705351501819285,1.0,0.10702234042553191,,
0.65,0.45,0.5,100,100,stratified,500,30,470,0.9893617021276596,0.9690488015086821,1.0,0.10702234042553191,,
0.65,0.45,0.5,100,100,lang_reiczigel,500,30,470,0.997872340425532,0.9689743465038575,1.0,0.10702234042553191,,
0.65,0.45,0.5,100,100,wilson_known,500,30,470,0.9148936170212766,0.8406558651287824,0.9442260049375057,0.10702234042553191,,
0.65,0.45,0.5,100,100,point_rogan_gladen,500,30,470,,,,,-0.014803640721925913,0.37969742496493836
0.65,0.45,0.5,100,1000,judgy,500,49,451,0.9201773835920177,0.8319233361150498,0.9286057004830927,0.09904656319290465,,
0.65,0.45,0.5,100,1000,skill,500,49,451,0.9866962305986696,0.9320591647961541,1.0,0.09904656319290465,,
0.65,0.45,0.5,100,1000,repo,500,49,451,0.9889135254988913,0.9433135976241958,1.0,0.09904656319290465,,
0.65,0.45,0.5,100,1000,stratified,500,49,451,0.9889135254988913,0.9407432112974836,1.0,0.09904656319290465,,
0.65,0.45,0.5,100,1000,lang_reiczigel,500,49,451,1.0,0.9043017185399407,1.0,0.09904656319290465,,
0.65,0.45,0.5,100,1000,wilson_known,500,49,451,0.565410199556541,0.4180321963253579,0.403244852018802,0.09904656319290465,,
0.65,0.45,0.5,100,1000,point_rogan_gladen,500,49,451,,,,,0.001941443099294796,0.31774432431230776
0.65,0.45,0.5,200,100,judgy,500,13,487,0.6406570841889117,0.6006866341855905,0.6126152004262442,0.05782340862422998,,
0.65,0.45,0.5,200,100,skill,500,13,487,0.811088295687885,0.7785634821009538,0.955647598488936,0.05782340862422998,,
0.65,0.45,0.5,200,100,repo,500,13,487,0.971252566735113,0.9553786437354794,1.0,0.05782340862422998,,
0.65,0.45,0.5,200,100,stratified,500,13,487,0.9753593429158111,0.9552724583908447,1.0,0.05782340862422998,,
0.65,0.45,0.5,200,100,lang_reiczigel,500,13,487,0.997946611909651,0.9635449771317274,1.0,0.05782340862422998,,
0.65,0.45,0.5,200,100,wilson_known,500,13,487,0.9219712525667351,0.8724461853364163,1.0,0.05782340862422998,,
0.65,0.45,0.5,200,100,point_rogan_gladen,500,13,487,,,,,-0.0035639776451679823,0.36217192990177416
0.65,0.45,0.5,200,1000,judgy,500,13,487,0.9014373716632443,0.8001734507252984,0.8517077407966348,0.06518891170431211,,
0.65,0.45,0.5,200,1000,skill,500,13,487,0.9527720739219713,0.87074836115046,1.0,0.06518891170431211,,
0.65,0.45,0.5,200,1000,repo,500,13,487,0.9835728952772074,0.9081159350659245,1.0,0.06518891170431211,,
0.65,0.45,0.5,200,1000,stratified,500,13,487,0.9753593429158111,0.9057683409026839,1.0,0.06518891170431211,,
0.65,0.45,0.5,200,1000,lang_reiczigel,500,13,487,0.9938398357289527,0.871730879195804,0.9232250074960119,0.06518891170431211,,
0.65,0.45,0.5,200,1000,wilson_known,500,13,487,0.7392197125256673,0.5369632989813304,0.5055464795212252,0.06518891170431211,,
0.65,0.45,0.5,200,1000,point_rogan_gladen,500,13,487,,,,,-0.012165263858528641,0.2777363701018864
0.65,0.45,0.7,10,100,judgy,500,191,309,0.8576051779935275,0.8438251845874528,1.0,0.19546179967006158,,
0.65,0.45,0.7,10,100,skill,500,191,309,0.9644012944983819,0.9672848214689385,1.0,0.19546179967006158,,
0.65,0.45,0.7,10,100,repo,500,191,309,0.970873786407767,0.9698389602622147,1.0,0.19546179967006158,,
0.65,0.45,0.7,10,100,stratified,500,191,309,0.9676375404530745,0.9595937227102275,1.0,0.19546179967006158,,
0.65,0.45,0.7,10,100,lang_reiczigel,500,191,309,0.9935275080906149,0.9648365637157017,1.0,0.19546179967006158,,
0.65,0.45,0.7,10,100,wilson_known,500,191,309,0.49838187702265374,0.45105585888640237,0.4398491477079637,0.19546179967006158,,
0.65,0.45,0.7,10,100,point_rogan_gladen,500,191,309,,,,,-0.17216289104638613,0.42854365866949007
0.65,0.45,0.7,10,1000,judgy,500,221,279,0.931899641577061,0.8795546238284896,1.0,0.17524393110533762,,
0.65,0.45,0.7,10,1000,skill,500,221,279,0.978494623655914,0.9690733612329598,1.0,0.17524393110533762,,
0.65,0.45,0.7,10,1000,repo,500,221,279,0.978494623655914,0.9699416465689092,1.0,0.17524393110533762,,
0.65,0.45,0.7,10,1000,stratified,500,221,279,0.978494623655914,0.9540542107583775,1.0,0.17524393110533762,,
0.65,0.45,0.7,10,1000,lang_reiczigel,500,221,279,0.996415770609319,0.9515498182133507,1.0,0.17524393110533762,,
0.65,0.45,0.7,10,1000,wilson_known,500,221,279,0.17921146953405018,0.17544592951391302,0.15080787113113336,0.17524393110533762,,
0.65,0.45,0.7,10,1000,point_rogan_gladen,500,221,279,,,,,-0.15060069977811907,0.38028245217598
0.65,0.45,0.7,20,100,judgy,500,153,347,0.9279538904899135,0.8568208998468689,1.0,0.17323487031700288,,
0.65,0.45,0.7,20,100,skill,500,153,347,0.9855907780979827,0.9595735362298845,1.0,0.17323487031700288,,
0.65,0.45,0.7,20,100,repo,500,153,347,0.9884726224783862,0.9733940015718897,1.0,0.17323487031700288,,
0.65,0.45,0.7,20,100,stratified,500,153,347,0.9855907780979827,0.9671436257466518,1.0,0.17323487031700288,,
0.65,0.45,0.7,20,100,lang_reiczigel,500,153,347,1.0,0.9552701018145006,1.0,0.17323487031700288,,
0.65,0.45,0.7,20,100,wilson_known,500,153,347,0.6887608069164265,0.6197704254509415,0.6199036628244191,0.17323487031700288,,
0.65,0.45,0.7,20,100,point_rogan_gladen,500,153,347,,,,,-0.12307203363399317,0.3902345549257669
0.65,0.45,0.7,20,1000,judgy,500,181,319,0.9184952978056427,0.8876010984095638,1.0,0.17763636363636362,,
0.65,0.45,0.7,20,1000,skill,500,181,319,0.9749216300940439,0.9704608351788436,1.0,0.17763636363636362,,
0.65,0.45,0.7,20,1000,repo,500,181,319,0.9811912225705329,0.9728273667543222,1.0,0.17763636363636362,,
0.65,0.45,0.7,20,1000,stratified,500,181,319,0.9717868338557993,0.9626805676690081,1.0,0.17763636363636362,,
0.65,0.45,0.7,20,1000,lang_reiczigel,500,181,319,0.9843260188087775,0.9468529632066517,1.0,0.17763636363636362,,
0.65,0.45,0.7,20,1000,wilson_known,500,181,319,0.2664576802507837,0.2365432767328136,0.23000909784128587,0.17763636363636362,,
0.65,0.45,0.7,20,1000,point_rogan_gladen,500,181,319,,,,,-0.11563477588242471,0.3644917181374669
0.65,0.45,0.7,50,100,judgy,500,86,414,0.8381642512077294,0.7757700333067153,0.9225722050605942,0.14171135265700482,,
0.65,0.45,0.7,50,100,skill,500,86,414,0.966183574879227,0.9513779155258589,1.0,0.14171135265700482,,
0.65,0.45,0.7,50,100,repo,500,86,414,0.9903381642512077,0.9762059410224428,1.0,0.14171135265700482,,
0.65,0.45,0.7,50,100,stratified,500,86,414,0.9903381642512077,0.9745703550091858,1.0,0.14171135265700482,,
0.65,0.45,0.7,50,100,lang_reiczigel,500,86,414,0.9927536231884058,0.9689522784072792,1.0,0.14171135265700482,,
0.65,0.45,0.7,50,100,wilson_known,500,86,414,0.8260869565217391,0.7469890155050541,0.8423594889428092,0.14171135265700482,,
0.65,0.45,0.7,50,100,point_rogan_gladen,500,86,414,,,,,-0.08982487124271013,0.3797406077808166
0.65,0.45,0.7,50,1000,judgy,500,99,401,0.942643391521197,0.8689116241190603,1.0,0.14969201995012468,,
0.65,0.45,0.7,50,1000,skill,500,99,401,0.9900249376558603,0.9617178361823044,1.0,0.14969201995012468,,
0.65,0.45,0.7,50,1000,repo,500,99,401,0.9900249376558603,0.9665316671397857,1.0,0.14969201995012468,,
0.65,0.45,0.7,50,1000,stratified,500,99,401,0.9900249376558603,0.9614159881883396,1.0,0.14969201995012468,,
0.65,0.45,0.7,50,1000,lang_reiczigel,500,99,401,0.9925187032418953,0.931023678148714,1.0,0.14969201995012468,,
0.65,0.45,0.7,50,1000,wilson_known,500,99,401,0.4837905236907731,0.3485200815484938,0.30269570523309774,0.14969201995012468,,
0.65,0.45,0.7,50,1000,point_rogan_gladen,500,99,401,,,,,-0.06588447313977258,0.3349866902306629
0.65,0.45,0.7,100,100,judgy,500,37,463,0.7473002159827213,0.6707398122364517,0.6952627830809199,0.10984557235421166,,
0.65,0.45,0.7,100,100,skill,500,37,463,0.9200863930885529,0.8954428859091622,1.0,0.10984557235421166,,
0.65,0.45,0.7,100,100,repo,500,37,463,0.9892008639308856,0.9658221686956339,1.0,0.10984557235421166,,
0.65,0.45,0.7,100,100,stratified,500,37,463,0.9935205183585313,0.9630735072993869,1.0,0.10984557235421166,,
0.65,0.45,0.7,100,100,lang_reiczigel,500,37,463,0.9956803455723542,0.9617053499694684,1.0,0.10984557235421166,,
0.65,0.45,0.7,100,100,wilson_known,500,37,463,0.857451403887689,0.7946513819745573,0.9361477550823386,0.10984557235421166,,
0.65,0.45,0.7,100,100,point_rogan_gladen,500,37,463,,,,,-0.04670003956071119,0.3626938564392011
0.65,0.45,0.7,100,1000,judgy,500,47,453,0.9227373068432672,0.7983606306252464,0.8884987272727288,0.10899668874172186,,
0.65,0.45,0.7,100,1000,skill,500,47,453,0.9735099337748344,0.9227193895243581,1.0,0.10899668874172186,,
0.65,0.45,0.7,100,1000,repo,500,47,453,0.9845474613686535,0.9361489583384651,1.0,0.10899668874172186,,
0.65,0.45,0.7,100,1000,stratified,500,47,453,0.9823399558498896,0.9306872224500387,1.0,0.10899668874172186,,
0.65,0.45,0.7,100,1000,lang_reiczigel,500,47,453,0.9911699779249448,0.898471484317519,1.0,0.10899668874172186,,
0.65,0.45,0.7,100,1000,wilson_known,500,47,453,0.543046357615894,0.4050067787774897,0.3755633829035406,0.10899668874172186,,
0.65,0.45,0.7,100,1000,point_rogan_gladen,500,47,453,,,,,-0.05894636304803606,0.323006205637915
0.65,0.45,0.7,200,100,judgy,500,14,486,0.6234567901234568,0.5663005929655606,0.5517156200209952,0.05701028806584362,,
0.65,0.45,0.7,200,100,skill,500,14,486,0.8024691358024691,0.7501213384669024,0.8681902998963145,0.05701028806584362,,
0.65,0.45,0.7,200,100,repo,500,14,486,0.9814814814814815,0.9425675009194989,1.0,0.05701028806584362,,
0.65,0.45,0.7,200,100,stratified,500,14,486,0.9794238683127572,0.9406477879886732,1.0,0.05701028806584362,,
0.65,0.45,0.7,200,100,lang_reiczigel,500,14,486,0.9917695473251029,0.9527435820718645,1.0,0.05701028806584362,,
0.65,0.45,0.7,200,100,wilson_known,500,14,486,0.9238683127572016,0.8512429527173857,1.0,0.05701028806584362,,
0.65,0.45,0.7,200,100,point_rogan_gladen,500,14,486,,,,,-0.0587528231568267,0.3555280425641968
0.65,0.45,0.7,200,1000,judgy,500,6,494,0.8967611336032388,0.713741408302401,0.7044731443035013,0.059244939271255063,,
0.65,0.45,0.7,200,1000,skill,500,6,494,0.9595141700404858,0.8225788306089344,0.9930161356111366,0.059244939271255063,,
0.65,0.45,0.7,200,1000,repo,500,6,494,0.9858299595141701,0.8652130975050311,1.0,0.059244939271255063,,
0.65,0.45,0.7,200,1000,stratified,500,6,494,0.979757085020243,0.8602730411037642,1.0,0.059244939271255063,,
0.65,0.45,0.7,200,1000,lang_reiczigel,500,6,494,0.9898785425101214,0.8279040982934357,0.8403157876550108,0.059244939271255063,,
0.65,0.45,0.7,200,1000,wilson_known,500,6,494,0.6983805668016194,0.4689882734790974,0.43833332197327707,0.059244939271255063,,
0.65,0.45,0.7,200,1000,point_rogan_gladen,500,6,494,,,,,-0.011398697789048206,0.25273715069393854
0.65,0.45,0.9,10,100,judgy,500,213,287,0.8501742160278746,0.8307734193068429,1.0,0.17768850278797937,,
0.65,0.45,0.9,10,100,skill,500,213,287,0.9442508710801394,0.9587992765529333,1.0,0.17768850278797937,,
0.65,0.45,0.9,10,100,repo,500,213,287,0.9581881533101045,0.9622656533135124,1.0,0.17768850278797937,,
0.65,0.45,0.9,10,100,stratified,500,213,287,0.9372822299651568,0.9489403655771252,1.0,0.17768850278797937,,
0.65,0.45,0.9,10,100,lang_reiczigel,500,213,287,0.9686411149825784,0.952106485518714,1.0,0.17768850278797937,,
0.65,0.45,0.9,10,100,wilson_known,500,213,287,0.45993031358885017,0.43233265321206593,0.45299356783770467,0.17768850278797937,,
0.65,0.45,0.9,10,100,point_rogan_gladen,500,213,287,,,,,-0.2807802389248382,0.4560716008363153
0.65,0.45,0.9,10,1000,judgy,500,201,299,0.8762541806020067,0.8590853276549844,1.0,0.18321571906354514,,
0.65,0.45,0.9,10,1000,skill,500,201,299,0.9765886287625418,0.9739969351841091,1.0,0.18321571906354514,,
0.65,0.45,0.9,10,1000,repo,500,201,299,0.9732441471571907,0.977074013771449,1.0,0.18321571906354514,,
0.65,0.45,0.9,10,1000,stratified,500,201,299,0.9531772575250836,0.9534539944656792,1.0,0.18321571906354514,,
0.65,0.45,0.9,10,1000,lang_reiczigel,500,201,299,0.9832775919732442,0.9401267856217842,1.0,0.18321571906354514,,
0.65,0.45,0.9,10,1000,wilson_known,500,201,299,0.14046822742474915,0.1749569211887625,0.14951855561906596,0.18321571906354514,,
0.65,0.45,0.9,10,1000,point_rogan_gladen,500,201,299,,,,,-0.26119867813346065,0.41846187348166525
0.65,0.45,0.9,20,100,judgy,500,139,361,0.8753462603878116,0.8205985032462452,1.0,0.16496260387811634,,
0.65,0.45,0.9,20,100,skill,500,139,361,0.9529085872576177,0.960628461549301,1.0,0.16496260387811634,,
0.65,0.45,0.9,20,100,repo,500,139,361,0.96398891966759,0.9748174638846724,1.0,0.16496260387811634,,
0.65,0.45,0.9,20,100,stratified,500,139,361,0.9529085872576177,0.9672335879725076,1.0,0.16496260387811634,,
0.65,0.45,0.9,20,100,lang_reiczigel,500,139,361,0.9667590027700831,0.9526471719495131,1.0,0.16496260387811634,,
0.65,0.45,0.9,20,100,wilson_known,500,139,361,0.5761772853185596,0.5676414344574849,0.589665644613797,0.16496260387811634,,
0.65,0.45,0.9,20,100,point_rogan_gladen,500,139,361,,,,,-0.24766059886558495,0.4246840786148083
0.65,0.45,0.9,20,1000,judgy,500,165,335,0.9104477611940298,0.8563758171521114,1.0,0.16539850746268658,,
0.65,0.45,0.9,20,1000,skill,500,165,335,0.9701492537313433,0.962693332901011,1.0,0.16539850746268658,,
0.65,0.45,0.9,20,1000,repo,500,165,335,0.9701492537313433,0.9630826275992271,1.0,0.16539850746268658,,
0.65,0.45,0.9,20,1000,stratified,500,165,335,0.9671641791044776,0.9572882289973708,1.0,0.16539850746268658,,
0.65,0.45,0.9,20,1000,lang_reiczigel,500,165,335,0.9671641791044776,0.9314480632745626,1.0,0.16539850746268658,,
0.65,0.45,0.9,20,1000,wilson_known,500,165,335,0.2537313432835821,0.2219612098482023,0.19635023529748596,0.16539850746268658,,
0.65,0.45,0.9,20,1000,point_rogan_gladen,500,165,335,,,,,-0.2487089918373499,0.41616535731609844
0.65,0.45,0.9,50,100,judgy,500,73,427,0.8688524590163934,0.7440134891184779,0.8363807596513078,0.14921779859484777,,
0.65,0.45,0.9,50,100,skill,500,73,427,0.9601873536299765,0.9354963807170333,1.0,0.14921779859484777,,
0.65,0.45,0.9,50,100,repo,500,73,427,0.9789227166276346,0.9673756550359752,1.0,0.14921779859484777,,
0.65,0.45,0.9,50,100,stratified,500,73,427,0.9789227166276346,0.9632459874618279,1.0,0.14921779859484777,,
0.65,0.45,0.9,50,100,lang_reiczigel,500,73,427,0.9695550351288056,0.9547740462637111,1.0,0.14921779859484777,,
0.65,0.45,0.9,50,100,wilson_known,500,73,427,0.7822014051522248,0.7218801364609032,0.8220546085644047,0.14921779859484777,,
0.65,0.45,0.9,50,100,point_rogan_gladen,500,73,427,,,,,-0.20188373442641283,0.3974725932679071
0.65,0.45,0.9,50,1000,judgy,500,76,424,0.9221698113207547,0.7998694699147154,0.967870935960589,0.15471816037735853,,
0.65,0.45,0.9,50,1000,skill,500,76,424,0.964622641509434,0.9507786550995664,1.0,0.15471816037735853,,
0.65,0.45,0.9,50,1000,repo,500,76,424,0.9693396226415094,0.9533422884049757,1.0,0.15471816037735853,,
0.65,0.45,0.9,50,1000,stratified,500,76,424,0.9622641509433962,0.9460795634145489,1.0,0.15471816037735853,,
0.65,0.45,0.9,50,1000,lang_reiczigel,500,76,424,0.9528301886792453,0.9205573820747215,1.0,0.15471816037735853,,
0.65,0.45,0.9,50,1000,wilson_known,500,76,424,0.33726415094339623,0.2926967551548308,0.2717441228921198,0.15471816037735853,,
0.65,0.45,0.9,50,1000,point_rogan_gladen,500,76,424,,,,,-0.19069353943087994,0.36617274519787424
0.65,0.45,0.9,100,100,judgy,500,40,460,0.8043478260869565,0.6447734253211533,0.6805961728022655,0.10475652173913044,,
0.65,0.45,0.9,100,100,skill,500,40,460,0.9347826086956522,0.8708385870720774,1.0,0.10475652173913044,,
0.65,0.45,0.9,100,100,repo,500,40,460,0.9847826086956522,0.9472297489037361,1.0,0.10475652173913044,,
0.65,0.45,0.9,100,100,stratified,500,40,460,0.9847826086956522,0.9438389235800729,1.0,0.10475652173913044,,
0.65,0.45,0.9,100,100,lang_reiczigel,500,40,460,0.9847826086956522,0.9453318909974028,1.0,0.10475652173913044,,
0.65,0.45,0.9,100,100,wilson_known,500,40,460,0.8717391304347826,0.7706506696468599,0.8899875608066058,0.10475652173913044,,
0.65,0.45,0.9,100,100,point_rogan_gladen,500,40,460,,,,,-0.18830762529462886,0.38584986542042526
0.65,0.45,0.9,100,1000,judgy,500,35,465,0.9376344086021505,0.725331147656536,0.7757205084745769,0.11093548387096774,,
0.65,0.45,0.9,100,1000,skill,500,35,465,0.9655913978494624,0.9027179039090525,1.0,0.11093548387096774,,
0.65,0.45,0.9,100,1000,repo,500,35,465,0.9763440860215054,0.9137164777791074,1.0,0.11093548387096774,,
0.65,0.45,0.9,100,1000,stratified,500,35,465,0.9720430107526882,0.9085341059897305,1.0,0.11093548387096774,,
0.65,0.45,0.9,100,1000,lang_reiczigel,500,35,465,0.9483870967741935,0.8774597618059466,0.9839252150486213,0.11093548387096774,,
0.65,0.45,0.9,100,1000,wilson_known,500,35,465,0.49032258064516127,0.3417773124796646,0.31990766014234706,0.11093548387096774,,
0.65,0.45,0.9,100,1000,point_rogan_gladen,500,35,465,,,,,-0.12599984577079942,0.28494465480831516
0.65,0.45,0.9,200,100,judgy,500,13,487,0.702258726899384,0.5231493595051864,0.5075984680507962,0.0577053388090349,,
0.65,0.45,0.9,200,100,skill,500,13,487,0.8275154004106776,0.7162963072453924,0.8631849296431628,0.0577053388090349,,
0.65,0.45,0.9,200,100,repo,500,13,487,0.971252566735113,0.910623667294919,1.0,0.0577053388090349,,
0.65,0.45,0.9,200,100,stratified,500,13,487,0.9671457905544147,0.9085257296731678,1.0,0.0577053388090349,,
0.65,0.45,0.9,200,100,lang_reiczigel,500,13,487,0.973305954825462,0.9293187294146661,1.0,0.0577053388090349,,
0.65,0.45,0.9,200,100,wilson_known,500,13,487,0.9014373716632443,0.8081176925731506,0.9660742270816064,0.0577053388090349,,
0.65,0.45,0.9,200,100,point_rogan_gladen,500,13,487,,,,,-0.18112084007362383,0.3747259797688604
0.65,0.45,0.9,200,1000,judgy,500,12,488,0.9262295081967213,0.5916327951272966,0.567288059647989,0.061325819672131146,,
0.65,0.45,0.9,200,1000,skill,500,12,488,0.9508196721311475,0.7834171321503979,0.9859914782859784,0.061325819672131146,,
0.65,0.45,0.9,200,1000,repo,500,12,488,0.9733606557377049,0.8211287116093632,1.0,0.061325819672131146,,
0.65,0.45,0.9,200,1000,stratified,500,12,488,0.9692622950819673,0.8116151610046576,1.0,0.061325819672131146,,
0.65,0.45,0.9,200,1000,lang_reiczigel,500,12,488,0.9590163934426229,0.7937106051364357,0.7989326408653349,0.061325819672131146,,
0.65,0.45,0.9,200,1000,wilson_known,500,12,488,0.6188524590163934,0.36386276267641404,0.36702261518023904,0.061325819672131146,,
0.65,0.45,0.9,200,1000,point_rogan_gladen,500,12,488,,,,,-0.07423863017875053,0.21297124699061368
0.65,0.55,0.1,10,100,judgy,500,124,376,0.9122340425531915,0.7766440261615487,0.877142857142857,0.14848224311623898,,
0.65,0.55,0.1,10,100,skill,500,124,376,0.9601063829787234,0.9238084074324139,1.0,0.14848224311623898,,
0.65,0.55,0.1,10,100,repo,500,124,376,0.9654255319148937,0.9331291506603038,1.0,0.14848224311623898,,
0.65,0.55,0.1,10,100,stratified,500,124,376,0.9574468085106383,0.9168340562732185,1.0,0.14848224311623898,,
0.65,0.55,0.1,10,100,lang_reiczigel,500,124,376,0.9414893617021277,0.9229585657283738,1.0,0.14848224311623898,,
0.65,0.55,0.1,10,100,wilson_known,500,124,376,0.5053191489361702,0.42968307444476084,0.38467387853601753,0.14848224311623898,,
0.65,0.55,0.1,10,100,point_rogan_gladen,500,124,376,,,,,0.210063323201621,0.3732167406669531
0.65,0.55,0.1,10,1000,judgy,500,132,368,0.9103260869565217,0.8093915091019681,0.8996945075757579,0.14986142391848095,,
0.65,0.55,0.1,10,1000,skill,500,132,368,0.970108695652174,0.9468421344226196,1.0,0.14986142391848095,,
0.65,0.55,0.1,10,1000,repo,500,132,368,0.970108695652174,0.9464266190156867,1.0,0.14986142391848095,,
0.65,0.55,0.1,10,1000,stratified,500,132,368,0.9619565217391305,0.9274863232725153,1.0,0.14986142391848095,,
0.65,0.55,0.1,10,1000,lang_reiczigel,500,132,368,0.9320652173913043,0.9189030695235157,1.0,0.14986142391848095,,
0.65,0.55,0.1,10,1000,wilson_known,500,132,368,0.11141304347826086,0.12703812120226593,0.12352794661189237,0.14986142391848095,,
0.65,0.55,0.1,10,1000,point_rogan_gladen,500,132,368,,,,,0.19224223602484472,0.35955868736509466
0.65,0.55,0.1,20,100,judgy,500,71,429,0.9393939393939394,0.7214077819344015,0.7428571428571445,0.12322727272727271,,
0.65,0.55,0.1,20,100,skill,500,71,429,0.965034965034965,0.9016670008404022,1.0,0.12322727272727271,,
0.65,0.55,0.1,20,100,repo,500,71,429,0.9743589743589743,0.9262568954364625,1.0,0.12322727272727271,,
0.65,0.55,0.1,20,100,stratified,500,71,429,0.9766899766899767,0.9182696935122634,1.0,0.12322727272727271,,
0.65,0.55,0.1,20,100,lang_reiczigel,500,71,429,0.958041958041958,0.908328851605977,1.0,0.12322727272727271,,
0.65,0.55,0.1,20,100,wilson_known,500,71,429,0.6643356643356644,0.48280841582558426,0.47852147557614755,0.12322727272727271,,
0.65,0.55,0.1,20,100,point_rogan_gladen,500,71,429,,,,,0.12256426815867377,0.28739731567218557
0.65,0.55,0.1,20,1000,judgy,500,72,428,0.9532710280373832,0.7369135275060813,0.7495794172932329,0.11827686915887851,,
0.65,0.55,0.1,20,1000,skill,500,72,428,0.9766355140186916,0.9056968678216754,1.0,0.11827686915887851,,
0.65,0.55,0.1,20,1000,repo,500,72,428,0.9766355140186916,0.9094099105048493,1.0,0.11827686915887851,,
0.65,0.55,0.1,20,1000,stratified,500,72,428,0.9766355140186916,0.8887029393017419,1.0,0.11827686915887851,,
0.65,0.55,0.1,20,1000,lang_reiczigel,500,72,428,0.9415887850467289,0.8710634854507929,0.980239252508444,0.11827686915887851,,
0.65,0.55,0.1,20,1000,wilson_known,500,72,428,0.26635514018691586,0.1706668827628099,0.15455213491905795,0.11827686915887851,,
0.65,0.55,0.1,20,1000,point_rogan_gladen,500,72,428,,,,,0.1164821304085323,0.2721174345284438
0.65,0.55,0.1,50,100,judgy,500,15,485,0.865979381443299,0.5567360327360715,0.5245585269363533,0.06370103092783506,,
0.65,0.55,0.1,50,100,skill,500,15,485,0.9278350515463918,0.7689010256102597,0.9822947640594691,0.06370103092783506,,
0.65,0.55,0.1,50,100,repo,500,15,485,0.9711340206185567,0.8544183193319578,1.0,0.06370103092783506,,
0.65,0.55,0.1,50,100,stratified,500,15,485,0.9711340206185567,0.8462382869809484,1.0,0.06370103092783506,,
0.65,0.55,0.1,50,100,lang_reiczigel,500,15,485,0.9463917525773196,0.8522658596570969,0.9192493742118675,0.06370103092783506,,
0.65,0.55,0.1,50,100,wilson_known,500,15,485,0.7876288659793814,0.5201251004016854,0.532599403298641,0.06370103092783506,,
0.65,0.55,0.1,50,100,point_rogan_gladen,500,15,485,,,,,0.09339072203027614,0.2660309743089767
0.65,0.55,0.1,50,1000,judgy,500,12,488,0.9508196721311475,0.578124475001277,0.5474536059829394,0.06142008196721311,,
0.65,0.55,0.1,50,1000,skill,500,12,488,0.9815573770491803,0.7705895859341788,0.9189651496024915,0.06142008196721311,,
0.65,0.55,0.1,50,1000,repo,500,12,488,0.9815573770491803,0.780272384357292,0.953621875,0.06142008196721311,,
0.65,0.55,0.1,50,1000,stratified,500,12,488,0.9815573770491803,0.7602013324601024,0.8249999999999977,0.06142008196721311,,
0.65,0.55,0.1,50,1000,lang_reiczigel,500,12,488,0.9590163934426229,0.7650532454130449,0.7465236009035655,0.06142008196721311,,
0.65,0.55,0.1,50,1000,wilson_known,500,12,488,0.3114754098360656,0.17097711742983113,0.18180554561294696,0.06142008196721311,,
0.65,0.55,0.1,50,1000,point_rogan_gladen,500,12,488,,,,,0.05804068610078163,0.1944598980394353
0.65,0.55,0.1,100,100,judgy,500,1,499,0.7895791583166333,0.43120120714389154,0.424929729168029,0.01754208416833667,,
0.65,0.55,0.1,100,100,skill,500,1,499,0.8416833667334669,0.5441440683434488,0.48419299042065783,0.01754208416833667,,
0.65,0.55,0.1,100,100,repo,500,1,499,0.9458917835671342,0.7365835810488034,0.7513849919364635,0.01754208416833667,,
0.65,0.55,0.1,100,100,stratified,500,1,499,0.9498997995991983,0.7276735270077108,0.75,0.01754208416833667,,
0.65,0.55,0.1,100,100,lang_reiczigel,500,1,499,0.9559118236472945,0.7708981542973866,0.7651148252143142,0.01754208416833667,,
0.65,0.55,0.1,100,100,wilson_known,500,1,499,0.8336673346693386,0.5430479584993835,0.5615958712836675,0.01754208416833667,,
0.65,0.55,0.1,100,100,point_rogan_gladen,500,1,499,,,,,0.0764950765296874,0.23500776360451772
0.65,0.55,0.1,100,1000,judgy,500,2,498,0.9377510040160643,0.45596385518709315,0.4414058431018509,0.018067269076305223,,
0.65,0.55,0.1,100,1000,skill,500,2,498,0.9558232931726908,0.5751522933590728,0.4946512070399369,0.018067269076305223,,
0.65,0.55,0.1,100,1000,repo,500,2,498,0.9698795180722891,0.6023685170320915,0.533088074188246,0.018067269076305223,,
0.65,0.55,0.1,100,1000,stratified,500,2,498,0.9678714859437751,0.590128117385848,0.5251403793499378,0.018067269076305223,,
0.65,0.55,0.1,100,1000,lang_reiczigel,500,2,498,0.927710843373494,0.6157809219923677,0.5742344923164364,0.018067269076305223,,
0.65,0.55,0.1,100,1000,wilson_known,500,2,498,0.4759036144578313,0.19134803364003053,0.21228851421452033,0.018067269076305223,,
0.65,0.55,0.1,100,1000,point_rogan_gladen,500,2,498,,,,,0.04378565492027744,0.15999195205087782
0.65,0.55,0.1,200,100,judgy,500,0,500,0.724,0.33125735996416406,0.3380487667587361,0.001171,,
0.65,0.55,0.1,200,100,skill,500,0,500,0.724,0.33717637334333334,0.3420816402430108,0.001171,,
0.65,0.55,0.1,200,100,repo,500,0,500,0.964,0.6432501556425039,0.6452064382138236,0.001171,,
0.65,0.55,0.1,200,100,stratified,500,0,500,0.958,0.6420755072200349,0.6493412162162158,0.001171,,
0.65,0.55,0.1,200,100,lang_reiczigel,500,0,500,0.982,0.6816163238958334,0.6936235226887889,0.001171,,
0.65,0.55,0.1,200,100,wilson_known,500,0,500,0.926,0.5655636207756634,0.5871234742385023,0.001171,,
0.65,0.55,0.1,200,100,point_rogan_gladen,500,0,500,,,,,0.06445737956817169,0.20663970761919276
0.65,0.55,0.1,200,1000,judgy,500,0,500,0.918,0.3391897182326744,0.34290620082556844,0.0027350000000000005,,
0.65,0.55,0.1,200,1000,skill,500,0,500,0.922,0.3596265069561311,0.3547465888438534,0.0027350000000000005,,
0.65,0.55,0.1,200,1000,repo,500,0,500,0.956,0.40345711826334235,0.3925342010722206,0.0027350000000000005,,
0.65,0.55,0.1,200,1000,stratified,500,0,500,0.962,0.40058160065702586,0.38975519076335174,0.0027350000000000005,,
0.65,0.55,0.1,200,1000,lang_reiczigel,500,0,500,0.96,0.4649992822569258,0.4537118054707687,0.0027350000000000005,,
0.65,0.55,0.1,200,1000,wilson_known,500,0,500,0.61,0.19983119916524586,0.22214384106389112,0.0027350000000000005,,
0.65,0.55,0.1,200,1000,point_rogan_gladen,500,0,500,,,,,0.016382129623164828,0.12205830803849267
0.65,0.55,0.3,10,100,judgy,500,126,374,0.9171122994652406,0.8299664165726391,0.983941324190845,0.15449809731068745,,
0.65,0.55,0.3,10,100,skill,500,126,374,0.9679144385026738,0.9464146008544613,1.0,0.15449809731068745,,
0.65,0.55,0.3,10,100,repo,500,126,374,0.9732620320855615,0.9548470491240836,1.0,0.15449809731068745,,
0.65,0.55,0.3,10,100,stratified,500,126,374,0.9679144385026738,0.9428718779178338,1.0,0.15449809731068745,,
0.65,0.55,0.3,10,100,lang_reiczigel,500,126,374,0.9732620320855615,0.94542633552416,1.0,0.15449809731068745,,
0.65,0.55,0.3,10,100,wilson_known,500,126,374,0.5454545454545454,0.4586264449526833,0.4748782655650575,0.15449809731068745,,
0.65,0.55,0.3,10,100,point_rogan_gladen,500,126,374,,,,,0.0816685765215177,0.33440485516513463
0.65,0.55,0.3,10,1000,judgy,500,125,375,0.9306666666666666,0.8495973594427093,1.0,0.16210829814907454,,
0.65,0.55,0.3,10,1000,skill,500,125,375,0.9733333333333334,0.9619282044247672,1.0,0.16210829814907454,,
0.65,0.55,0.3,10,1000,repo,500,125,375,0.9733333333333334,0.9608895576208147,1.0,0.16210829814907454,,
0.65,0.55,0.3,10,1000,stratified,500,125,375,0.9733333333333334,0.9523125973544974,1.0,0.16210829814907454,,
0.65,0.55,0.3,10,1000,lang_reiczigel,500,125,375,0.9813333333333333,0.9474961752155419,1.0,0.16210829814907454,,
0.65,0.55,0.3,10,1000,wilson_known,500,125,375,0.18666666666666668,0.15286365446229502,0.15459159477195006,0.16210829814907454,,
0.65,0.55,0.3,10,1000,point_rogan_gladen,500,125,375,,,,,0.06989409523809526,0.3465145007223859
0.65,0.55,0.3,20,100,judgy,500,74,426,0.8896713615023474,0.7987219134738435,0.8971964285714287,0.12780516431924882,,
0.65,0.55,0.3,20,100,skill,500,74,426,0.960093896713615,0.9213560635587631,1.0,0.12780516431924882,,
0.65,0.55,0.3,20,100,repo,500,74,426,0.9765258215962441,0.9398615941124026,1.0,0.12780516431924882,,
0.65,0.55,0.3,20,100,stratified,500,74,426,0.971830985915493,0.9318736506865132,1.0,0.12780516431924882,,
0.65,0.55,0.3,20,100,lang_reiczigel,500,74,426,0.9812206572769953,0.9254771934718699,1.0,0.12780516431924882,,
0.65,0.55,0.3,20,100,wilson_known,500,74,426,0.6995305164319249,0.5489072015300879,0.5427180177886368,0.12780516431924882,,
0.65,0.55,0.3,20,100,point_rogan_gladen,500,74,426,,,,,0.0423857246040345,0.32293507650082576
0.65,0.55,0.3,20,1000,judgy,500,70,430,0.9465116279069767,0.8211081548524417,0.8986710691823898,0.1149953488372093,,
0.65,0.55,0.3,20,1000,skill,500,70,430,0.9813953488372092,0.9360181580574335,1.0,0.1149953488372093,,
0.65,0.55,0.3,20,1000,repo,500,70,430,0.9837209302325581,0.9411052463729659,1.0,0.1149953488372093,,
0.65,0.55,0.3,20,1000,stratified,500,70,430,0.9813953488372092,0.9292351770357815,1.0,0.1149953488372093,,
0.65,0.55,0.3,20,1000,lang_reiczigel,500,70,430,0.986046511627907,0.8992965485968156,1.0,0.1149953488372093,,
0.65,0.55,0.3,20,1000,wilson_known,500,70,430,0.27674418604651163,0.21226814389992466,0.19491514641802926,0.1149953488372093,,
0.65,0.55,0.3,20,1000,point_rogan_gladen,500,70,430,,,,,0.0476692019866439,0.29315483148022686
0.65,0.55,0.3,50,100,judgy,500,14,486,0.8539094650205762,0.6973849087274572,0.7100486754260469,0.0694022633744856,,
0.65,0.55,0.3,50,100,skill,500,14,486,0.9300411522633745,0.8343966776615748,1.0,0.0694022633744856,,
0.65,0.55,0.3,50,100,repo,500,14,486,0.9794238683127572,0.9083348794734076,1.0,0.0694022633744856,,
0.65,0.55,0.3,50,100,stratified,500,14,486,0.9753086419753086,0.9028609342058042,1.0,0.0694022633744856,,
0.65,0.55,0.3,50,100,lang_reiczigel,500,14,486,0.9835390946502057,0.8950463687700054,0.9911097293958633,0.0694022633744856,,
0.65,0.55,0.3,50,100,wilson_known,500,14,486,0.8333333333333334,0.6571345691252338,0.6646246461609164,0.0694022633744856,,
0.65,0.55,0.3,50,100,point_rogan_gladen,500,14,486,,,,,0.03629435106338685,0.2976767110055659
0.65,0.55,0.3,50,1000,judgy,500,14,486,0.934156378600823,0.7328003736090561,0.7398479967573086,0.06402366255144032,,
0.65,0.55,0.3,50,1000,skill,500,14,486,0.977366255144033,0.8372490154063702,1.0,0.06402366255144032,,
0.65,0.55,0.3,50,1000,repo,500,14,486,0.9835390946502057,0.8499460375008783,1.0,0.06402366255144032,,
0.65,0.55,0.3,50,1000,stratified,500,14,486,0.9814814814814815,0.8377852931243726,1.0,0.06402366255144032,,
0.65,0.55,0.3,50,1000,lang_reiczigel,500,14,486,0.98559670781893,0.8120671826279501,0.8527509318369977,0.06402366255144032,,
0.65,0.55,0.3,50,1000,wilson_known,500,14,486,0.40329218106995884,0.2503858508912668,0.23769613371778647,0.06402366255144032,,
0.65,0.55,0.3,50,1000,point_rogan_gladen,500,14,486,,,,,0.01228258899376456,0.2502747292920496
0.65,0.55,0.3,100,100,judgy,500,2,498,0.7289156626506024,0.5635855385539102,0.5469386888011308,0.019170682730923694,,
0.65,0.55,0.3,100,100,skill,500,2,498,0.7971887550200804,0.6381015125470982,0.5924349327477646,0.019170682730923694,,
0.65,0.55,0.3,100,100,repo,500,2,498,0.9738955823293173,0.8370409046303718,0.9219616344885904,0.019170682730923694,,
0.65,0.55,0.3,100,100,stratified,500,2,498,0.9718875502008032,0.832386256220945,0.8982758620689655,0.019170682730923694,,
0.65,0.55,0.3,100,100,lang_reiczigel,500,2,498,0.9819277108433735,0.8375217542096646,0.8589455290976877,0.019170682730923694,,
0.65,0.55,0.3,100,100,wilson_known,500,2,498,0.8855421686746988,0.6769195447383407,0.6832171605938631,0.019170682730923694,,
0.65,0.55,0.3,100,100,point_rogan_gladen,500,2,498,,,,,0.03885434397441012,0.28442231011984315
0.65,0.55,0.3,100,1000,judgy,500,0,500,0.942,0.6307098969920005,0.60325569010267,0.019656,,
0.65,0.55,0.3,100,1000,skill,500,0,500,0.96,0.6818372967687324,0.6323232295116445,0.019656,,
0.65,0.55,0.3,100,1000,repo,500,0,500,0.972,0.7122389466214081,0.6858972830898176,0.019656,,
0.65,0.55,0.3,100,1000,stratified,500,0,500,0.97,0.7057729267212182,0.6751276518132336,0.019656,,
0.65,0.55,0.3,100,1000,lang_reiczigel,500,0,500,0.974,0.6872124469300854,0.663697558759631,0.019656,,
0.65,0.55,0.3,100,1000,wilson_known,500,0,500,0.602,0.285058768334836,0.2688889857050099,0.019656,,
0.65,0.55,0.3,100,1000,point_rogan_gladen,500,0,500,,,,,-0.00011437502283714984,0.19152635883382146
0.65,0.55,0.3,200,100,judgy,500,0,500,0.66,0.4466518657310436,0.44110904155988195,0.0019450000000000001,,
0.65,0.55,0.3,200,100,skill,500,0,500,0.662,0.4579633036868538,0.44479598343576265,0.0019450000000000001,,
0.65,0.55,0.3,200,100,repo,500,0,500,0.966,0.7905859986503846,0.8309231616482119,0.0019450000000000001,,
0.65,0.55,0.3,200,100,stratified,500,0,500,0.964,0.7892247746217702,0.8178923881555735,0.0019450000000000001,,
0.65,0.55,0.3,200,100,lang_reiczigel,500,0,500,0.976,0.7940070396827096,0.8136641704411759,0.0019450000000000001,,
0.65,0.55,0.3,200,100,wilson_known,500,0,500,0.932,0.7116586652064386,0.7317475152141901,0.0019450000000000001,,
0.65,0.55,0.3,200,100,point_rogan_gladen,500,0,500,,,,,0.020181782082995967,0.2349817176681141
0.65,0.55,0.3,200,1000,judgy,500,0,500,0.92,0.4950065177953127,0.4821869813864421,0.003104,,
0.65,0.55,0.3,200,1000,skill,500,0,500,0.932,0.5081210795218728,0.47998162230097124,0.003104,,
0.65,0.55,0.3,200,1000,repo,500,0,500,0.962,0.5740414753062516,0.5487513150855318,0.003104,,
0.65,0.55,0.3,200,1000,stratified,500,0,500,0.96,0.5681715563806233,0.5445496751555416,0.003104,,
0.65,0.55,0.3,200,1000,lang_reiczigel,500,0,500,0.972,0.55902077286845,0.5440343716465312,0.003104,,
0.65,0.55,0.3,200,1000,wilson_known,500,0,500,0.69,0.29563414977410607,0.291151763326704,0.003104,,
0.65,0.55,0.3,200,1000,point_rogan_gladen,500,0,500,,,,,0.006278123152879483,0.1538558485886402
0.65,0.55,0.5,10,100,judgy,500,106,394,0.9289340101522843,0.8605737644903507,1.0,0.15333063359090715,,
0.65,0.55,0.5,10,100,skill,500,106,394,0.9796954314720813,0.9496767049259373,1.0,0.15333063359090715,,
0.65,0.55,0.5,10,100,repo,500,106,394,0.9873096446700508,0.9603925965065752,1.0,0.15333063359090715,,
0.65,0.55,0.5,10,100,stratified,500,106,394,0.9873096446700508,0.9457785029409396,1.0,0.15333063359090715,,
0.65,0.55,0.5,10,100,lang_reiczigel,500,106,394,1.0,0.9474009405734789,1.0,0.15333063359090715,,
0.65,0.55,0.5,10,100,wilson_known,500,106,394,0.5888324873096447,0.47961666695181143,0.4768897580604973,0.15333063359090715,,
0.65,0.55,0.5,10,100,point_rogan_gladen,500,106,394,,,,,0.03818225767464351,0.3400517739603873
0.65,0.55,0.5,10,1000,judgy,500,123,377,0.9310344827586207,0.8651313419258138,1.0,0.14639389920424403,,
0.65,0.55,0.5,10,1000,skill,500,123,377,0.9814323607427056,0.9534491468569196,1.0,0.14639389920424403,,
0.65,0.55,0.5,10,1000,repo,500,123,377,0.9814323607427056,0.9534231850651198,1.0,0.14639389920424403,,
0.65,0.55,0.5,10,1000,stratified,500,123,377,0.9814323607427056,0.9444890186202686,1.0,0.14639389920424403,,
0.65,0.55,0.5,10,1000,lang_reiczigel,500,123,377,0.9973474801061007,0.9345726335117872,1.0,0.14639389920424403,,
0.65,0.55,0.5,10,1000,wilson_known,500,123,377,0.20954907161803712,0.1617774315907533,0.1537508939635524,0.14639389920424403,,
0.65,0.55,0.5,10,1000,point_rogan_gladen,500,123,377,,,,,0.008320133889099463,0.32744046647494834
0.65,0.55,0.5,20,100,judgy,500,61,439,0.9111617312072893,0.8259792321415194,0.94515,0.12903075170842826,,
0.65,0.55,0.5,20,100,skill,500,61,439,0.9817767653758542,0.9348261440248021,1.0,0.12903075170842826,,
0.65,0.55,0.5,20,100,repo,500,61,439,0.9886104783599089,0.9564868526385271,1.0,0.12903075170842826,,
0.65,0.55,0.5,20,100,stratified,500,61,439,0.9886104783599089,0.9507772222083156,1.0,0.12903075170842826,,
0.65,0.55,0.5,20,100,lang_reiczigel,500,61,439,0.9954441913439636,0.93382597714884,1.0,0.12903075170842826,,
0.65,0.55,0.5,20,100,wilson_known,500,61,439,0.7061503416856492,0.5809581313154716,0.5508758139329206,0.12903075170842826,,
0.65,0.55,0.5,20,100,point_rogan_gladen,500,61,439,,,,,-0.007511385096806459,0.3399104340384758
0.65,0.55,0.5,20,1000,judgy,500,73,427,0.9531615925058547,0.8688663570035331,1.0,0.11755386416861828,,
0.65,0.55,0.5,20,1000,skill,500,73,427,0.9836065573770492,0.9318414069639688,1.0,0.11755386416861828,,
0.65,0.55,0.5,20,1000,repo,500,73,427,0.9812646370023419,0.9335519685505085,1.0,0.11755386416861828,,
0.65,0.55,0.5,20,1000,stratified,500,73,427,0.9789227166276346,0.923716397449155,1.0,0.11755386416861828,,
0.65,0.55,0.5,20,1000,lang_reiczigel,500,73,427,0.9929742388758782,0.899206932194069,1.0,0.11755386416861828,,
0.65,0.55,0.5,20,1000,wilson_known,500,73,427,0.3044496487119438,0.23463140244346806,0.20513131965442732,0.11755386416861828,,
0.65,0.55,0.5,20,1000,point_rogan_gladen,500,73,427,,,,,0.019879921145729208,0.3023123878864434
0.65,0.55,0.5,50,100,judgy,500,15,485,0.8309278350515464,0.7368632952678535,0.7641306536358751,0.05400309278350515,,
0.65,0.55,0.5,50,100,skill,500,15,485,0.911340206185567,0.835088197696551,1.0,0.05400309278350515,,
0.65,0.55,0.5,50,100,repo,500,15,485,0.9731958762886598,0.914854175699917,1.0,0.05400309278350515,,
0.65,0.55,0.5,50,100,stratified,500,15,485,0.9752577319587629,0.9111594221833024,1.0,0.05400309278350515,,
0.65,0.55,0.5,50,100,lang_reiczigel,500,15,485,0.9938144329896907,0.8966835773216494,0.9685579868929206,0.05400309278350515,,
0.65,0.55,0.5,50,100,wilson_known,500,15,485,0.8350515463917526,0.6876449635817488,0.6847975488431302,0.05400309278350515,,
0.65,0.55,0.5,50,100,point_rogan_gladen,500,15,485,,,,,0.011170007756675903,0.31006892107844525
0.65,0.55,0.5,50,1000,judgy,500,6,494,0.9311740890688259,0.8156814172744671,0.8681609972323121,0.064584008097166,,
0.65,0.55,0.5,50,1000,skill,500,6,494,0.9757085020242915,0.8815463372348415,1.0,0.064584008097166,,
0.65,0.55,0.5,50,1000,repo,500,6,494,0.9838056680161943,0.8922629127886926,1.0,0.064584008097166,,
0.65,0.55,0.5,50,1000,stratified,500,6,494,0.9878542510121457,0.8846399012723947,1.0,0.064584008097166,,
0.65,0.55,0.5,50,1000,lang_reiczigel,500,6,494,0.9959514170040485,0.8351046785706652,0.8577279595512298,0.064584008097166,,
0.65,0.55,0.5,50,1000,wilson_known,500,6,494,0.47368421052631576,0.3010808155326483,0.2662789814304751,0.064584008097166,,
0.65,0.55,0.5,50,1000,point_rogan_gladen,500,6,494,,,,,-0.013558073420572012,0.27030873478169615
0.65,0.55,0.5,100,100,judgy,500,0,500,0.716,0.607602484463046,0.5798893652203576,0.023288,,
0.65,0.55,0.5,100,100,skill,500,0,500,0.788,0.6810442112649358,0.6433826463402128,0.023288,,
0.65,0.55,0.5,100,100,repo,500,0,500,0.964,0.8684833436705994,0.9877959921057673,0.023288,,
0.65,0.55,0.5,100,100,stratified,500,0,500,0.966,0.867208336428128,1.0,0.023288,,
0.65,0.55,0.5,100,100,lang_reiczigel,500,0,500,0.986,0.8621979839904741,0.9093741601110183,0.023288,,
0.65,0.55,0.5,100,100,wilson_known,500,0,500,0.882,0.7255931742086325,0.7279229141777157,0.023288,,
0.65,0.55,0.5,100,100,point_rogan_gladen,500,0,500,,,,,-0.018698248489754907,0.30114372598338907
0.65,0.55,0.5,100,1000,judgy,500,1,499,0.9198396793587175,0.7012754240621304,0.6668523796069193,0.02077755511022044,,
0.65,0.55,0.5,100,1000,skill,500,1,499,0.9498997995991983,0.7339473052431169,0.703795442594215,0.02077755511022044,,
0.65,0.55,0.5,100,1000,repo,500,1,499,0.969939879759519,0.7689420553476154,0.7568907629976444,0.02077755511022044,,
0.65,0.55,0.5,100,1000,stratified,500,1,499,0.9719438877755511,0.7624103776153728,0.7363750000000009,0.02077755511022044,,
0.65,0.55,0.5,100,1000,lang_reiczigel,500,1,499,0.9939879759519038,0.7172903903316142,0.6980987693237468,0.02077755511022044,,
0.65,0.55,0.5,100,1000,wilson_known,500,1,499,0.5831663326653307,0.31849143078851694,0.2924547773294556,0.02077755511022044,,
0.65,0.55,0.5,100,1000,point_rogan_gladen,500,1,499,,,,,0.005644143963573337,0.21361673983408003
0.65,0.55,0.5,200,100,judgy,500,0,500,0.578,0.47219175814657355,0.4595553024192458,0.0013970000000000002,,
0.65,0.55,0.5,200,100,skill,500,0,500,0.586,0.48077950557798316,0.4597232587051032,0.0013970000000000002,,
0.65,0.55,0.5,200,100,repo,500,0,500,0.95,0.8218778821364544,0.849456615493404,0.0013970000000000002,,
0.65,0.55,0.5,200,100,stratified,500,0,500,0.95,0.8225802041977225,0.8462121212121217,0.0013970000000000002,,
0.65,0.55,0.5,200,100,lang_reiczigel,500,0,500,0.972,0.8194755223160871,0.8252895905149407,0.0013970000000000002,,
0.65,0.55,0.5,200,100,wilson_known,500,0,500,0.914,0.74600041966064,0.7515473547667013,0.0013970000000000002,,
0.65,0.55,0.5,200,100,point_rogan_gladen,500,0,500,,,,,-0.008465133381656153,0.26355861944464154
0.65,0.55,0.5,200,1000,judgy,500,0,500,0.92,0.5527624994815495,0.5185013482608369,0.0018620000000000002,,
0.65,0.55,0.5,200,1000,skill,500,0,500,0.92,0.5577507506712268,0.5187530917669909,0.0018620000000000002,,
0.65,0.55,0.5,200,1000,repo,500,0,500,0.958,0.6326268005336256,0.6036109206043352,0.0018620000000000002,,
0.65,0.55,0.5,200,1000,stratified,500,0,500,0.954,0.6326720107269593,0.6029106900702612,0.0018620000000000002,,
0.65,0.55,0.5,200,1000,lang_reiczigel,500,0,500,0.974,0.5848460091294896,0.5593661604968521,0.0018620000000000002,,
0.65,0.55,0.5,200,1000,wilson_known,500,0,500,0.736,0.3209865514923525,0.300161047829542,0.0018620000000000002,,
0.65,0.55,0.5,200,1000,point_rogan_gladen,500,0,500,,,,,0.002125082407974449,0.14668480566452302
0.65,0.55,0.7,10,100,judgy,500,117,383,0.8981723237597912,0.8294195904522544,0.96,0.13425195822454306,,
0.65,0.55,0.7,10,100,skill,500,117,383,0.95822454308094,0.9431312137887757,1.0,0.13425195822454306,,
0.65,0.55,0.7,10,100,repo,500,117,383,0.9660574412532638,0.9530201761174933,1.0,0.13425195822454306,,
0.65,0.55,0.7,10,100,stratified,500,117,383,0.9634464751958225,0.9363243244643376,1.0,0.13425195822454306,,
0.65,0.55,0.7,10,100,lang_reiczigel,500,117,383,0.9843342036553525,0.9334790360704444,1.0,0.13425195822454306,,
0.65,0.55,0.7,10,100,wilson_known,500,117,383,0.5430809399477807,0.4347239981859273,0.4194867604764275,0.13425195822454306,,
0.65,0.55,0.7,10,100,point_rogan_gladen,500,117,383,,,,,-0.09524016743337883,0.34374737696902097
0.65,0.55,0.7,10,1000,judgy,500,122,378,0.91005291005291,0.8525716503596472,1.0,0.15988316314241777,,
0.65,0.55,0.7,10,1000,skill,500,122,378,0.955026455026455,0.9338746785849371,1.0,0.15988316314241777,,
0.65,0.55,0.7,10,1000,repo,500,122,378,0.9576719576719577,0.9340295292542681,1.0,0.15988316314241777,,
0.65,0.55,0.7,10,1000,stratified,500,122,378,0.9444444444444444,0.9199385519022425,1.0,0.15988316314241777,,
0.65,0.55,0.7,10,1000,lang_reiczigel,500,122,378,0.9682539682539683,0.9126419311482364,1.0,0.15988316314241777,,
0.65,0.55,0.7,10,1000,wilson_known,500,122,378,0.21693121693121692,0.16376947470243716,0.1511167320846829,0.15988316314241777,,
0.65,0.55,0.7,10,1000,point_rogan_gladen,500,122,378,,,,,-0.09412889476778367,0.3490405347043975
0.65,0.55,0.7,20,100,judgy,500,80,420,0.8809523809523809,0.7985133848141791,0.8652684384081806,0.12004166666666666,,
0.65,0.55,0.7,20,100,skill,500,80,420,0.9571428571428572,0.919815287654254,1.0,0.12004166666666666,,
0.65,0.55,0.7,20,100,repo,500,80,420,0.9785714285714285,0.9430239568256676,1.0,0.12004166666666666,,
0.65,0.55,0.7,20,100,stratified,500,80,420,0.9738095238095238,0.9360497726879776,1.0,0.12004166666666666,,
0.65,0.55,0.7,20,100,lang_reiczigel,500,80,420,0.9928571428571429,0.9164218542101811,1.0,0.12004166666666666,,
0.65,0.55,0.7,20,100,wilson_known,500,80,420,0.6642857142857143,0.5516251946116673,0.5382298774195633,0.12004166666666666,,
0.65,0.55,0.7,20,100,point_rogan_gladen,500,80,420,,,,,-0.10294500340928908,0.35014838307244905
0.65,0.55,0.7,20,1000,judgy,500,63,437,0.919908466819222,0.8319186029243967,0.96,0.11984096109839817,,
0.65,0.55,0.7,20,1000,skill,500,63,437,0.9816933638443935,0.9360644393136941,1.0,0.11984096109839817,,
0.65,0.55,0.7,20,1000,repo,500,63,437,0.9725400457665904,0.9391787248294658,1.0,0.11984096109839817,,
0.65,0.55,0.7,20,1000,stratified,500,63,437,0.9702517162471396,0.9218376944184724,1.0,0.11984096109839817,,
0.65,0.55,0.7,20,1000,lang_reiczigel,500,63,437,0.9954233409610984,0.8925680432920282,1.0,0.11984096109839817,,
0.65,0.55,0.7,20,1000,wilson_known,500,63,437,0.30892448512585813,0.20381824370545534,0.1911520391195377,0.11984096109839817,,
0.65,0.55,0.7,20,1000,point_rogan_gladen,500,63,437,,,,,-0.051456426868326174,0.3013430695108589
0.65,0.55,0.7,50,100,judgy,500,12,488,0.8422131147540983,0.6771937049642832,0.6658668374938008,0.06204200819672131,,
0.65,0.55,0.7,50,100,skill,500,12,488,0.9241803278688525,0.8098688128291931,1.0,0.06204200819672131,,
0.65,0.55,0.7,50,100,repo,500,12,488,0.9692622950819673,0.8877834256702669,1.0,0.06204200819672131,,
0.65,0.55,0.7,50,100,stratified,500,12,488,0.9672131147540983,0.8849214309245851,1.0,0.06204200819672131,,
0.65,0.55,0.7,50,100,lang_reiczigel,500,12,488,0.9774590163934426,0.8719258086898716,0.962482156567389,0.06204200819672131,,
0.65,0.55,0.7,50,100,wilson_known,500,12,488,0.8258196721311475,0.6353443720553503,0.6285615189104139,0.06204200819672131,,
0.65,0.55,0.7,50,100,point_rogan_gladen,500,12,488,,,,,-0.019610679948267526,0.2922266683310059
0.65,0.55,0.7,50,1000,judgy,500,5,495,0.9434343434343434,0.7377777463749915,0.7304711654766299,0.06406666666666666,,
0.65,0.55,0.7,50,1000,skill,500,5,495,0.9676767676767677,0.8358371031795743,1.0,0.06406666666666666,,
0.65,0.55,0.7,50,1000,repo,500,5,495,0.9757575757575757,0.8490777258737213,1.0,0.06406666666666666,,
0.65,0.55,0.7,50,1000,stratified,500,5,495,0.9696969696969697,0.8385513526742611,1.0,0.06406666666666666,,
0.65,0.55,0.7,50,1000,lang_reiczigel,500,5,495,0.9818181818181818,0.7995494738143859,0.814828168605898,0.06406666666666666,,
0.65,0.55,0.7,50,1000,wilson_known,500,5,495,0.4484848484848485,0.261588121666947,0.23463782556640833,0.06406666666666666,,
0.65,0.55,0.7,50,1000,point_rogan_gladen,500,5,495,,,,,-0.0022574578312829865,0.24576415079072994
0.65,0.55,0.7,100,100,judgy,500,1,499,0.7314629258517034,0.5691875610796167,0.5510224040716534,0.02035671342685371,,
0.65,0.55,0.7,100,100,skill,500,1,499,0.8036072144288577,0.6489850081008667,0.6041569723351863,0.02035671342685371,,
0.65,0.55,0.7,100,100,repo,500,1,499,0.9639278557114228,0.8385587009098624,0.9243214285714285,0.02035671342685371,,
0.65,0.55,0.7,100,100,stratified,500,1,499,0.9619238476953907,0.8367229117997058,0.9166666666666666,0.02035671342685371,,
0.65,0.55,0.7,100,100,lang_reiczigel,500,1,499,0.9819639278557114,0.8361996038348083,0.8650022820541202,0.02035671342685371,,
0.65,0.55,0.7,100,100,wilson_known,500,1,499,0.8597194388777555,0.6848004501050247,0.6997844967256617,0.02035671342685371,,
0.65,0.55,0.7,100,100,point_rogan_gladen,500,1,499,,,,,-0.036523705595742965,0.2784842657599441
0.65,0.55,0.7,100,1000,judgy,500,0,500,0.938,0.6181656498936962,0.5983018395151489,0.016107,,
0.65,0.55,0.7,100,1000,skill,500,0,500,0.958,0.6713252215101345,0.6335618262842921,0.016107,,
0.65,0.55,0.7,100,1000,repo,500,0,500,0.974,0.7083834351377577,0.6802099459402098,0.016107,,
0.65,0.55,0.7,100,1000,stratified,500,0,500,0.974,0.6980966182686675,0.6716678467764678,0.016107,,
0.65,0.55,0.7,100,1000,lang_reiczigel,500,0,500,0.978,0.6695987772885748,0.6460925051201503,0.016107,,
0.65,0.55,0.7,100,1000,wilson_known,500,0,500,0.544,0.27289046477569984,0.26655690410006116,0.016107,,
0.65,0.55,0.7,100,1000,point_rogan_gladen,500,0,500,,,,,0.011925639797686514,0.19357265727642312
0.65,0.55,0.7,200,100,judgy,500,0,500,0.64,0.4304583901862459,0.4420216240674832,0.001799,,
0.65,0.55,0.7,200,100,skill,500,0,500,0.656,0.4459140316272587,0.4453175737749003,0.001799,,
0.65,0.55,0.7,200,100,repo,500,0,500,0.948,0.7719291371757917,0.813290496679592,0.001799,,
0.65,0.55,0.7,200,100,stratified,500,0,500,0.948,0.7731758302533077,0.8190125611648169,0.001799,,
0.65,0.55,0.7,200,100,lang_reiczigel,500,0,500,0.974,0.7830518348603025,0.8033157711152297,0.001799,,
0.65,0.55,0.7,200,100,wilson_known,500,0,500,0.916,0.7018239918864297,0.7304772766983048,0.001799,,
0.65,0.55,0.7,200,100,point_rogan_gladen,500,0,500,,,,,-0.011316853192355062,0.24143396650734789
0.65,0.55,0.7,200,1000,judgy,500,0,500,0.922,0.48794515849454184,0.4726156349666304,0.001958,,
0.65,0.55,0.7,200,1000,skill,500,0,500,0.92,0.49666090367449034,0.4749963213310068,0.001958,,
0.65,0.55,0.7,200,1000,repo,500,0,500,0.96,0.5606579560427469,0.5433919509011198,0.001958,,
0.65,0.55,0.7,200,1000,stratified,500,0,500,0.954,0.559591346402151,0.545828872392701,0.001958,,
0.65,0.55,0.7,200,1000,lang_reiczigel,500,0,500,0.968,0.546536519416034,0.5303964854903149,0.001958,,
0.65,0.55,0.7,200,1000,wilson_known,500,0,500,0.7,0.29422261416723033,0.2843487362600243,0.001958,,
0.65,0.55,0.7,200,1000,point_rogan_gladen,500,0,500,,,,,0.0033874662747294965,0.15155539147936165
0.65,0.55,0.9,10,100,judgy,500,115,385,0.8649350649350649,0.7859893163936866,0.8999999999999999,0.15346410477966255,,
0.65,0.55,0.9,10,100,skill,500,115,385,0.9272727272727272,0.938601293653825,1.0,0.15346410477966255,,
0.65,0.55,0.9,10,100,repo,500,115,385,0.9454545454545454,0.9465071107494812,1.0,0.15346410477966255,,
0.65,0.55,0.9,10,100,stratified,500,115,385,0.922077922077922,0.9271792568542568,1.0,0.15346410477966255,,
0.65,0.55,0.9,10,100,lang_reiczigel,500,115,385,0.9506493506493506,0.9240850863687812,1.0,0.15346410477966255,,
0.65,0.55,0.9,10,100,wilson_known,500,115,385,0.5064935064935064,0.4232941016483483,0.3887539536817458,0.15346410477966255,,
0.65,0.55,0.9,10,100,point_rogan_gladen,500,115,385,,,,,-0.20004081632653065,0.3702232123709117
0.65,0.55,0.9,10,1000,judgy,500,107,393,0.8854961832061069,0.8150548079965798,0.9524325000000005,0.15798995553756523,,
0.65,0.55,0.9,10,1000,skill,500,107,393,0.9541984732824428,0.9451647862559469,1.0,0.15798995553756523,,
0.65,0.55,0.9,10,1000,repo,500,107,393,0.9491094147582697,0.9492658615248704,1.0,0.15798995553756523,,
0.65,0.55,0.9,10,1000,stratified,500,107,393,0.9236641221374046,0.9242061886586697,1.0,0.15798995553756523,,
0.65,0.55,0.9,10,1000,lang_reiczigel,500,107,393,0.9745547073791349,0.904066751459203,1.0,0.15798995553756523,,
0.65,0.55,0.9,10,1000,wilson_known,500,107,393,0.09669211195928754,0.13538551699317095,0.11941657681134554,0.15798995553756523,,
0.65,0.55,0.9,10,1000,point_rogan_gladen,500,107,393,,,,,-0.2045997213134618,0.36781416242939935
0.65,0.55,0.9,20,100,judgy,500,63,437,0.9038901601830663,0.7321110646743371,0.7834064885496186,0.12021395881006866,,
0.65,0.55,0.9,20,100,skill,500,63,437,0.9450800915331807,0.8933363998460248,1.0,0.12021395881006866,,
0.65,0.55,0.9,20,100,repo,500,63,437,0.9633867276887872,0.9171567031665566,1.0,0.12021395881006866,,
0.65,0.55,0.9,20,100,stratified,500,63,437,0.9610983981693364,0.9022104701172208,1.0,0.12021395881006866,,
0.65,0.55,0.9,20,100,lang_reiczigel,500,63,437,0.954233409610984,0.8886154495642292,1.0,0.12021395881006866,,
0.65,0.55,0.9,20,100,wilson_known,500,63,437,0.6727688787185355,0.4909047356818537,0.47749671795405585,0.12021395881006866,,
0.65,0.55,0.9,20,100,point_rogan_gladen,500,63,437,,,,,-0.13779148133839203,0.31357186247487595
0.65,0.55,0.9,20,1000,judgy,500,61,439,0.9271070615034168,0.7580292675713572,0.8217999999999991,0.12861503416856493,,
0.65,0.55,0.9,20,1000,skill,500,61,439,0.9612756264236902,0.9217367634368585,1.0,0.12861503416856493,,
0.65,0.55,0.9,20,1000,repo,500,61,439,0.958997722095672,0.9252444933683508,1.0,0.12861503416856493,,
0.65,0.55,0.9,20,1000,stratified,500,61,439,0.9567198177676538,0.9066651426607436,1.0,0.12861503416856493,,
0.65,0.55,0.9,20,1000,lang_reiczigel,500,61,439,0.958997722095672,0.876907084539402,1.0,0.12861503416856493,,
0.65,0.55,0.9,20,1000,wilson_known,500,61,439,0.24829157175398633,0.17034667943573845,0.16034357882964487,0.12861503416856493,,
0.65,0.55,0.9,20,1000,point_rogan_gladen,500,61,439,,,,,-0.14847592195200393,0.315600669894863
0.65,0.55,0.9,50,100,judgy,500,12,488,0.8831967213114754,0.5398125548268967,0.5149754000560285,0.0629077868852459,,
0.65,0.55,0.9,50,100,skill,500,12,488,0.9405737704918032,0.7552361563219547,0.9580565884104459,0.0629077868852459,,
0.65,0.55,0.9,50,100,repo,500,12,488,0.9733606557377049,0.8334221882101327,1.0,0.0629077868852459,,
0.65,0.55,0.9,50,100,stratified,500,12,488,0.9733606557377049,0.8268330400004867,1.0,0.0629077868852459,,
0.65,0.55,0.9,50,100,lang_reiczigel,500,12,488,0.9610655737704918,0.8269988866912474,0.8853550118141109,0.0629077868852459,,
0.65,0.55,0.9,50,100,wilson_known,500,12,488,0.7766393442622951,0.5016792125669912,0.5213769960245404,0.0629077868852459,,
0.65,0.55,0.9,50,100,point_rogan_gladen,500,12,488,,,,,-0.06688482055362939,0.2286432888749396
0.65,0.55,0.9,50,1000,judgy,500,8,492,0.9552845528455285,0.617292241191291,0.5826750478580436,0.05721239837398374,,
0.65,0.55,0.9,50,1000,skill,500,8,492,0.9634146341463414,0.7652722044849148,0.8789494880507371,0.05721239837398374,,
0.65,0.55,0.9,50,1000,repo,500,8,492,0.9776422764227642,0.777787249300615,0.9261794452760553,0.05721239837398374,,
0.65,0.55,0.9,50,1000,stratified,500,8,492,0.9695121951219512,0.765858299931584,0.868598901098901,0.05721239837398374,,
0.65,0.55,0.9,50,1000,lang_reiczigel,500,8,492,0.9552845528455285,0.742596910223413,0.7257686438811668,0.05721239837398374,,
0.65,0.55,0.9,50,1000,wilson_known,500,8,492,0.3983739837398374,0.19558864908910936,0.1986884987157585,0.05721239837398374,,
0.65,0.55,0.9,50,1000,point_rogan_gladen,500,8,492,,,,,-0.07727931053167902,0.20079275421056636
0.65,0.55,0.9,100,100,judgy,500,2,498,0.7911646586345381,0.42945828765680466,0.42313645345858236,0.018984939759036142,,
0.65,0.55,0.9,100,100,skill,500,2,498,0.8594377510040161,0.553262042010624,0.5093908636087168,0.018984939759036142,,
0.65,0.55,0.9,100,100,repo,500,2,498,0.9538152610441767,0.7383553522179472,0.7880854772602817,0.018984939759036142,,
0.65,0.55,0.9,100,100,stratified,500,2,498,0.9558232931726908,0.7340079884514114,0.7727456011730203,0.018984939759036142,,
0.65,0.55,0.9,100,100,lang_reiczigel,500,2,498,0.9658634538152611,0.7604543473425569,0.7784552811376235,0.018984939759036142,,
0.65,0.55,0.9,100,100,wilson_known,500,2,498,0.8534136546184738,0.5485155432259354,0.5740312716841423,0.018984939759036142,,
0.65,0.55,0.9,100,100,point_rogan_gladen,500,2,498,,,,,-0.07224761098483667,0.22371455152395814
0.65,0.55,0.9,100,1000,judgy,500,1,499,0.9338677354709419,0.45219647537637586,0.4337006454787107,0.017009018036072146,,
0.65,0.55,0.9,100,1000,skill,500,1,499,0.9498997995991983,0.546512693578262,0.47586206896551686,0.017009018036072146,,
0.65,0.55,0.9,100,1000,repo,500,1,499,0.9659318637274549,0.5716032454024422,0.5126577735745779,0.017009018036072146,,
0.65,0.55,0.9,100,1000,stratified,500,1,499,0.9659318637274549,0.5643161672041863,0.5057184873949581,0.017009018036072146,,
0.65,0.55,0.9,100,1000,lang_reiczigel,500,1,499,0.9378757515030061,0.5843152783569094,0.5455243264214327,0.017009018036072146,,
0.65,0.55,0.9,100,1000,wilson_known,500,1,499,0.503006012024048,0.19641481639049926,0.2077164653275465,0.017009018036072146,,
0.65,0.55,0.9,100,1000,point_rogan_gladen,500,1,499,,,,,-0.0460409844714739,0.158950143878158
0.65,0.55,0.9,200,100,judgy,500,0,500,0.672,0.3289759460431764,0.3501908173144899,0.0012800000000000003,,
0.65,0.55,0.9,200,100,skill,500,0,500,0.676,0.33988568146596265,0.35194659263052663,0.0012800000000000003,,
0.65,0.55,0.9,200,100,repo,500,0,500,0.942,0.6360475418362426,0.6523421679084156,0.0012800000000000003,,
0.65,0.55,0.9,200,100,stratified,500,0,500,0.944,0.6348882444746027,0.6502144797222893,0.0012800000000000003,,
0.65,0.55,0.9,200,100,lang_reiczigel,500,0,500,0.96,0.6743380370388568,0.6722885056589718,0.0012800000000000003,,
0.65,0.55,0.9,200,100,wilson_known,500,0,500,0.896,0.5679944629841834,0.5937022115530823,0.0012800000000000003,,
0.65,0.55,0.9,200,100,point_rogan_gladen,500,0,500,,,,,-0.07895229784795746,0.21292271513965955
0.65,0.55,0.9,200,1000,judgy,500,0,500,0.942,0.34211124070106214,0.3431346585729683,0.0024950000000000003,,
0.65,0.55,0.9,200,1000,skill,500,0,500,0.948,0.35998975458871096,0.3459535278448435,0.0024950000000000003,,
0.65,0.55,0.9,200,1000,repo,500,0,500,0.968,0.403626973726645,0.39242448461297186,0.0024950000000000003,,
0.65,0.55,0.9,200,1000,stratified,500,0,500,0.97,0.40289407942206323,0.3897618471466019,0.0024950000000000003,,
0.65,0.55,0.9,200,1000,lang_reiczigel,500,0,500,0.97,0.45110192450111997,0.44396985445665926,0.0024950000000000003,,
0.65,0.55,0.9,200,1000,wilson_known,500,0,500,0.636,0.2058564231178496,0.2226310415911514,0.0024950000000000003,,
0.65,0.55,0.9,200,1000,point_rogan_gladen,500,0,500,,,,,-0.016741199079949455,0.11702623685084855
0.8,0.3,0.1,10,100,judgy,500,191,309,0.9093851132686084,0.8294803489499999,0.9876842105263156,0.18526699433859325,,
0.8,0.3,0.1,10,100,skill,500,191,309,0.970873786407767,0.9148157690113744,1.0,0.18526699433859325,,
0.8,0.3,0.1,10,100,repo,500,191,309,0.9838187702265372,0.9242102108692206,1.0,0.18526699433859325,,
0.8,0.3,0.1,10,100,stratified,500,191,309,0.9676375404530745,0.9180417758257564,1.0,0.18526699433859325,,
0.8,0.3,0.1,10,100,lang_reiczigel,500,191,309,0.9352750809061489,0.9742254714298075,1.0,0.18526699433859325,,
0.8,0.3,0.1,10,100,wilson_known,500,191,309,0.49838187702265374,0.4502083192114674,0.4422492334603479,0.18526699433859325,,
0.8,0.3,0.1,10,100,point_rogan_gladen,500,191,309,,,,,0.28073509015256587,0.45833523524931963
0.8,0.3,0.1,10,1000,judgy,500,203,297,0.9225589225589226,0.8452761847467947,1.0,0.17177104377104374,,
0.8,0.3,0.1,10,1000,skill,500,203,297,0.9966329966329966,0.9069481410333493,1.0,0.17177104377104374,,
0.8,0.3,0.1,10,1000,repo,500,203,297,0.9932659932659933,0.907060191480889,1.0,0.17177104377104374,,
0.8,0.3,0.1,10,1000,stratified,500,203,297,0.9730639730639731,0.9000306253674308,1.0,0.17177104377104374,,
0.8,0.3,0.1,10,1000,lang_reiczigel,500,203,297,0.898989898989899,0.9580587235338202,1.0,0.17177104377104374,,
0.8,0.3,0.1,10,1000,wilson_known,500,203,297,0.2558922558922559,0.16892068418747025,0.17187114895584557,0.17177104377104374,,
0.8,0.3,0.1,10,1000,point_rogan_gladen,500,203,297,,,,,0.2813827160493826,0.4499135158196202
0.8,0.3,0.1,20,100,judgy,500,136,364,0.9148351648351648,0.7879389399276566,0.9548333333333334,0.15584203296703297,,
0.8,0.3,0.1,20,100,skill,500,136,364,0.9752747252747253,0.9453063624086812,1.0,0.15584203296703297,,
0.8,0.3,0.1,20,100,repo,500,136,364,0.989010989010989,0.9593327932836805,1.0,0.15584203296703297,,
0.8,0.3,0.1,20,100,stratified,500,136,364,0.9862637362637363,0.9498162373722127,1.0,0.15584203296703297,,
0.8,0.3,0.1,20,100,lang_reiczigel,500,136,364,0.9395604395604396,0.9676874232699054,1.0,0.15584203296703297,,
0.8,0.3,0.1,20,100,wilson_known,500,136,364,0.6428571428571429,0.5658452640259979,0.578278116624499,0.15584203296703297,,
0.8,0.3,0.1,20,100,point_rogan_gladen,500,136,364,,,,,0.22572714983429268,0.4010922678384336
0.8,0.3,0.1,20,1000,judgy,500,142,358,0.9413407821229051,0.8249027884911406,0.9988629213483141,0.16082262569832403,,
0.8,0.3,0.1,20,1000,skill,500,142,358,0.9748603351955307,0.965163945275213,1.0,0.16082262569832403,,
0.8,0.3,0.1,20,1000,repo,500,142,358,0.9720670391061452,0.9632696457501038,1.0,0.16082262569832403,,
0.8,0.3,0.1,20,1000,stratified,500,142,358,0.9692737430167597,0.9489181025658854,1.0,0.16082262569832403,,
0.8,0.3,0.1,20,1000,lang_reiczigel,500,142,358,0.9329608938547486,0.9619624726464467,1.0,0.16082262569832403,,
0.8,0.3,0.1,20,1000,wilson_known,500,142,358,0.2709497206703911,0.2151111723751984,0.1906223410954995,0.16082262569832403,,
0.8,0.3,0.1,20,1000,point_rogan_gladen,500,142,358,,,,,0.20879553516006014,0.38304964270111
0.8,0.3,0.1,50,100,judgy,500,83,417,0.8705035971223022,0.6913417594492902,0.7144173416789396,0.1264556354916067,,
0.8,0.3,0.1,50,100,skill,500,83,417,0.9592326139088729,0.9138554973086201,1.0,0.1264556354916067,,
0.8,0.3,0.1,50,100,repo,500,83,417,0.9808153477218226,0.9560851990345174,1.0,0.1264556354916067,,
0.8,0.3,0.1,50,100,stratified,500,83,417,0.9784172661870504,0.9495866292213158,1.0,0.1264556354916067,,
0.8,0.3,0.1,50,100,lang_reiczigel,500,83,417,0.9520383693045563,0.9593752786442806,1.0,0.1264556354916067,,
0.8,0.3,0.1,50,100,wilson_known,500,83,417,0.7817745803357314,0.650219686945439,0.6942377229167419,0.1264556354916067,,
0.8,0.3,0.1,50,100,point_rogan_gladen,500,83,417,,,,,0.18084032255107158,0.3748803104912901
0.8,0.3,0.1,50,1000,judgy,500,85,415,0.9542168674698795,0.7763599976696655,0.8361736897590358,0.12497831325301205,,
0.8,0.3,0.1,50,1000,skill,500,85,415,0.9783132530120482,0.9371754711717314,1.0,0.12497831325301205,,
0.8,0.3,0.1,50,1000,repo,500,85,415,0.980722891566265,0.9407117741857889,1.0,0.12497831325301205,,
0.8,0.3,0.1,50,1000,stratified,500,85,415,0.9783132530120482,0.9321214822148877,1.0,0.12497831325301205,,
0.8,0.3,0.1,50,1000,lang_reiczigel,500,85,415,0.9397590361445783,0.9334084537410189,1.0,0.12497831325301205,,
0.8,0.3,0.1,50,1000,wilson_known,500,85,415,0.3493975903614458,0.2734915997514845,0.27696876793966047,0.12497831325301205,,
0.8,0.3,0.1,50,1000,point_rogan_gladen,500,85,415,,,,,0.1632622062113182,0.3219143094644961
0.8,0.3,0.1,100,100,judgy,500,29,471,0.8110403397027601,0.6081935286427068,0.6071509433962287,0.09088641188959658,,
0.8,0.3,0.1,100,100,skill,500,29,471,0.9235668789808917,0.8367551227227958,1.0,0.09088641188959658,,
0.8,0.3,0.1,100,100,repo,500,29,471,0.9830148619957537,0.9337302274764151,1.0,0.09088641188959658,,
0.8,0.3,0.1,100,100,stratified,500,29,471,0.9808917197452229,0.9285108728309216,1.0,0.09088641188959658,,
0.8,0.3,0.1,100,100,lang_reiczigel,500,29,471,0.9681528662420382,0.9500758962239335,1.0,0.09088641188959658,,
0.8,0.3,0.1,100,100,wilson_known,500,29,471,0.8450106157112527,0.7141861724752379,0.7970328501755424,0.09088641188959658,,
0.8,0.3,0.1,100,100,point_rogan_gladen,500,29,471,,,,,0.16514289997114237,0.3614264029703628
0.8,0.3,0.1,100,1000,judgy,500,36,464,0.9461206896551724,0.66347031852906,0.6715183523546355,0.08779525862068964,,
0.8,0.3,0.1,100,1000,skill,500,36,464,0.9698275862068966,0.8524694544588438,1.0,0.08779525862068964,,
0.8,0.3,0.1,100,1000,repo,500,36,464,0.978448275862069,0.8691226433503181,1.0,0.08779525862068964,,
0.8,0.3,0.1,100,1000,stratified,500,36,464,0.978448275862069,0.860548970538029,1.0,0.08779525862068964,,
0.8,0.3,0.1,100,1000,lang_reiczigel,500,36,464,0.9375,0.8753848813833337,0.9701514642560938,0.08779525862068964,,
0.8,0.3,0.1,100,1000,wilson_known,500,36,464,0.46551724137931033,0.29050487340122827,0.2923494726971596,0.08779525862068964,,
0.8,0.3,0.1,100,1000,point_rogan_gladen,500,36,464,,,,,0.09305812058901913,0.2447648573459622
0.8,0.3,0.1,200,100,judgy,500,9,491,0.6883910386965377,0.4875944748165766,0.5019809248554905,0.04380244399185337,,
0.8,0.3,0.1,200,100,skill,500,9,491,0.8207739307535642,0.681028095837362,0.7271003271537614,0.04380244399185337,,
0.8,0.3,0.1,200,100,repo,500,9,491,0.9714867617107943,0.9049178422750348,1.0,0.04380244399185337,,
0.8,0.3,0.1,200,100,stratified,500,9,491,0.9735234215885947,0.9000855044011365,1.0,0.04380244399185337,,
0.8,0.3,0.1,200,100,lang_reiczigel,500,9,491,0.9796334012219959,0.9364732798082313,1.0,0.04380244399185337,,
0.8,0.3,0.1,200,100,wilson_known,500,9,491,0.8981670061099797,0.7482041656318195,0.8686414851897831,0.04380244399185337,,
0.8,0.3,0.1,200,100,point_rogan_gladen,500,9,491,,,,,0.1608594783071629,0.350014259603562
0.8,0.3,0.1,200,1000,judgy,500,8,492,0.9186991869918699,0.5284622485387015,0.5190394426746023,0.04191869918699188,,
0.8,0.3,0.1,200,1000,skill,500,8,492,0.9573170731707317,0.7034913302388314,0.6750968934075505,0.04191869918699188,,
0.8,0.3,0.1,200,1000,repo,500,8,492,0.9634146341463414,0.7511425894962168,0.7743465891579371,0.04191869918699188,,
0.8,0.3,0.1,200,1000,stratified,500,8,492,0.9654471544715447,0.745332841004338,0.7586098901098892,0.04191869918699188,,
0.8,0.3,0.1,200,1000,lang_reiczigel,500,8,492,0.9186991869918699,0.7739378859172847,0.7659517490139444,0.04191869918699188,,
0.8,0.3,0.1,200,1000,wilson_known,500,8,492,0.6016260162601627,0.3099302010415961,0.3330072136082325,0.04191869918699188,,
0.8,0.3,0.1,200,1000,point_rogan_gladen,500,8,492,,,,,0.06414157087197343,0.20586458193566426
0.8,0.3,0.3,10,100,judgy,500,193,307,0.9283387622149837,0.8573987468622264,1.0,0.16924834648594655,,
0.8,0.3,0.3,10,100,skill,500,193,307,0.9771986970684039,0.9123911287635637,1.0,0.16924834648594655,,
0.8,0.3,0.3,10,100,repo,500,193,307,0.9837133550488599,0.9223595224581786,1.0,0.16924834648594655,,
0.8,0.3,0.3,10,100,stratified,500,193,307,0.9739413680781759,0.9183653152629129,1.0,0.16924834648594655,,
0.8,0.3,0.3,10,100,lang_reiczigel,500,193,307,0.9641693811074918,0.9673982665594782,1.0,0.16924834648594655,,
0.8,0.3,0.3,10,100,wilson_known,500,193,307,0.5798045602605864,0.49343252554567063,0.5123663149729065,0.16924834648594655,,
0.8,0.3,0.3,10,100,point_rogan_gladen,500,193,307,,,,,0.15567163021560418,0.3845612369719855
0.8,0.3,0.3,10,1000,judgy,500,175,325,0.9261538461538461,0.8574540253654188,1.0,0.18701230769230767,,
0.8,0.3,0.3,10,1000,skill,500,175,325,0.9569230769230769,0.8986524034861562,1.0,0.18701230769230767,,
0.8,0.3,0.3,10,1000,repo,500,175,325,0.9538461538461539,0.8980024205043349,1.0,0.18701230769230767,,
0.8,0.3,0.3,10,1000,stratified,500,175,325,0.9446153846153846,0.8900659978632479,1.0,0.18701230769230767,,
0.8,0.3,0.3,10,1000,lang_reiczigel,500,175,325,0.9446153846153846,0.9532791653762832,1.0,0.18701230769230767,,
0.8,0.3,0.3,10,1000,wilson_known,500,175,325,0.2553846153846154,0.18792538234142253,0.18009029564450452,0.18701230769230767,,
0.8,0.3,0.3,10,1000,point_rogan_gladen,500,175,325,,,,,0.11460571428571412,0.35542953417789663
0.8,0.3,0.3,20,100,judgy,500,159,341,0.9178885630498533,0.8505195166327333,1.0,0.16193255131964807,,
0.8,0.3,0.3,20,100,skill,500,159,341,0.9853372434017595,0.9641529428074138,1.0,0.16193255131964807,,
0.8,0.3,0.3,20,100,repo,500,159,341,0.9970674486803519,0.9767428936013752,1.0,0.16193255131964807,,
0.8,0.3,0.3,20,100,stratified,500,159,341,0.9882697947214076,0.9705147172394241,1.0,0.16193255131964807,,
0.8,0.3,0.3,20,100,lang_reiczigel,500,159,341,0.9853372434017595,0.9759444762424218,1.0,0.16193255131964807,,
0.8,0.3,0.3,20,100,wilson_known,500,159,341,0.7243401759530792,0.6185974985334611,0.6573543192542535,0.16193255131964807,,
0.8,0.3,0.3,20,100,point_rogan_gladen,500,159,341,,,,,0.153545128706419,0.3860597741765305
0.8,0.3,0.3,20,1000,judgy,500,140,360,0.925,0.8546735981126204,1.0,0.1704277777777778,,
0.8,0.3,0.3,20,1000,skill,500,140,360,0.9944444444444445,0.967384808421233,1.0,0.1704277777777778,,
0.8,0.3,0.3,20,1000,repo,500,140,360,0.9944444444444445,0.968032027050021,1.0,0.1704277777777778,,
0.8,0.3,0.3,20,1000,stratified,500,140,360,0.9916666666666667,0.9571725165844958,1.0,0.1704277777777778,,
0.8,0.3,0.3,20,1000,lang_reiczigel,500,140,360,0.9861111111111112,0.9641540650856696,1.0,0.1704277777777778,,
0.8,0.3,0.3,20,1000,wilson_known,500,140,360,0.2861111111111111,0.2256593896678254,0.2174665618763938,0.1704277777777778,,
0.8,0.3,0.3,20,1000,point_rogan_gladen,500,140,360,,,,,0.09366708553791872,0.3596949759876885
0.8,0.3,0.3,50,100,judgy,500,64,436,0.8577981651376146,0.7578236153407195,0.8703300928398906,0.1298830275229358,,
0.8,0.3,0.3,50,100,skill,500,64,436,0.9770642201834863,0.9381894127713442,1.0,0.1298830275229358,,
0.8,0.3,0.3,50,100,repo,500,64,436,0.9931192660550459,0.9707213041344371,1.0,0.1298830275229358,,
0.8,0.3,0.3,50,100,stratified,500,64,436,0.9908256880733946,0.9675256400842144,1.0,0.1298830275229358,,
0.8,0.3,0.3,50,100,lang_reiczigel,500,64,436,0.9885321100917431,0.9696740854188387,1.0,0.1298830275229358,,
0.8,0.3,0.3,50,100,wilson_known,500,64,436,0.8302752293577982,0.7218777613051812,0.7980782176002404,0.1298830275229358,,
0.8,0.3,0.3,50,100,point_rogan_gladen,500,64,436,,,,,0.06685624199959063,0.3562537377445843
0.8,0.3,0.3,50,1000,judgy,500,85,415,0.9349397590361446,0.8341601377235041,1.0,0.13866144578313253,,
0.8,0.3,0.3,50,1000,skill,500,85,415,0.983132530120482,0.9511241818279439,1.0,0.13866144578313253,,
0.8,0.3,0.3,50,1000,repo,500,85,415,0.9879518072289156,0.9543331911480762,1.0,0.13866144578313253,,
0.8,0.3,0.3,50,1000,stratified,500,85,415,0.983132530120482,0.947504846448234,1.0,0.13866144578313253,,
0.8,0.3,0.3,50,1000,lang_reiczigel,500,85,415,0.9759036144578314,0.9403494972773846,1.0,0.13866144578313253,,
0.8,0.3,0.3,50,1000,wilson_known,500,85,415,0.3759036144578313,0.32431874339656863,0.3080890392674049,0.13866144578313253,,
0.8,0.3,0.3,50,1000,point_rogan_gladen,500,85,415,,,,,0.06936603622969653,0.34178245706098803
0.8,0.3,0.3,100,100,judgy,500,33,467,0.7837259100642399,0.6870603785222674,0.737990351558772,0.10121199143468951,,
0.8,0.3,0.3,100,100,skill,500,33,467,0.9400428265524625,0.8809879720408068,1.0,0.10121199143468951,,
0.8,0.3,0.3,100,100,repo,500,33,467,0.9850107066381156,0.9586866994730588,1.0,0.10121199143468951,,
0.8,0.3,0.3,100,100,stratified,500,33,467,0.9850107066381156,0.9566453614247252,1.0,0.10121199143468951,,
0.8,0.3,0.3,100,100,lang_reiczigel,500,33,467,0.987152034261242,0.9657245499469825,1.0,0.10121199143468951,,
0.8,0.3,0.3,100,100,wilson_known,500,33,467,0.8972162740899358,0.7982258619473913,0.9275117322055508,0.10121199143468951,,
0.8,0.3,0.3,100,100,point_rogan_gladen,500,33,467,,,,,0.07507246361869037,0.36631969352794064
0.8,0.3,0.3,100,1000,judgy,500,31,469,0.9211087420042644,0.782423550230094,0.8258118721461197,0.09247867803837952,,
0.8,0.3,0.3,100,1000,skill,500,31,469,0.9701492537313433,0.907785540522021,1.0,0.09247867803837952,,
0.8,0.3,0.3,100,1000,repo,500,31,469,0.9744136460554371,0.9236766909808677,1.0,0.09247867803837952,,
0.8,0.3,0.3,100,1000,stratified,500,31,469,0.9744136460554371,0.9174715862250407,1.0,0.09247867803837952,,
0.8,0.3,0.3,100,1000,lang_reiczigel,500,31,469,0.9594882729211087,0.8927130133438754,0.9678279358559144,0.09247867803837952,,
0.8,0.3,0.3,100,1000,wilson_known,500,31,469,0.5266524520255863,0.3808820285650269,0.3684686218229803,0.09247867803837952,,
0.8,0.3,0.3,100,1000,point_rogan_gladen,500,31,469,,,,,0.034023562390624915,0.28991327034725906
0.8,0.3,0.3,200,100,judgy,500,9,491,0.6476578411405295,0.5432051196351899,0.5689573758339507,0.03953665987780041,,
0.8,0.3,0.3,200,100,skill,500,9,491,0.7963340122199593,0.7067770581502213,0.7269832458096168,0.03953665987780041,,
0.8,0.3,0.3,200,100,repo,500,9,491,0.9714867617107943,0.9295308214265415,1.0,0.03953665987780041,,
0.8,0.3,0.3,200,100,stratified,500,9,491,0.9674134419551935,0.9287717567690307,1.0,0.03953665987780041,,
0.8,0.3,0.3,200,100,lang_reiczigel,500,9,491,0.9816700610997964,0.9456199230822665,1.0,0.03953665987780041,,
0.8,0.3,0.3,200,100,wilson_known,500,9,491,0.9144602851323829,0.8183504649355244,0.942993766698048,0.03953665987780041,,
0.8,0.3,0.3,200,100,point_rogan_gladen,500,9,491,,,,,0.0491045822540899,0.3332998966906833
0.8,0.3,0.3,200,1000,judgy,500,3,497,0.8913480885311871,0.6691839938182623,0.6490302331392926,0.0434989939637827,,
0.8,0.3,0.3,200,1000,skill,500,3,497,0.937625754527163,0.7763295574569169,0.7889542590430412,0.0434989939637827,,
0.8,0.3,0.3,200,1000,repo,500,3,497,0.9678068410462777,0.8292035070990363,0.9180196163324438,0.0434989939637827,,
0.8,0.3,0.3,200,1000,stratified,500,3,497,0.9637826961770624,0.8234105156060757,0.8870048309178731,0.0434989939637827,,
0.8,0.3,0.3,200,1000,lang_reiczigel,500,3,497,0.959758551307847,0.8180452181860166,0.8157263238333444,0.0434989939637827,,
0.8,0.3,0.3,200,1000,wilson_known,500,3,497,0.6659959758551308,0.4226610516511179,0.4171694431414249,0.0434989939637827,,
0.8,0.3,0.3,200,1000,point_rogan_gladen,500,3,497,,,,,-0.0010633172692759137,0.24409972254254694
0.8,0.3,0.5,10,100,judgy,500,213,287,0.9163763066202091,0.8247126763772915,0.9756250000000003,0.18276132404181186,,
0.8,0.3,0.5,10,100,skill,500,213,287,0.9651567944250871,0.9098098280563552,1.0,0.18276132404181186,,
0.8,0.3,0.5,10,100,repo,500,213,287,0.9790940766550522,0.9173372961378535,1.0,0.18276132404181186,,
0.8,0.3,0.5,10,100,stratified,500,213,287,0.975609756097561,0.9093488261158121,1.0,0.18276132404181186,,
0.8,0.3,0.5,10,100,lang_reiczigel,500,213,287,0.9930313588850174,0.9539847978874071,1.0,0.18276132404181186,,
0.8,0.3,0.5,10,100,wilson_known,500,213,287,0.49825783972125437,0.4432620300055453,0.4337085874683739,0.18276132404181186,,
0.8,0.3,0.5,10,100,point_rogan_gladen,500,213,287,,,,,-0.018064542890326878,0.37291649612851574
0.8,0.3,0.5,10,1000,judgy,500,199,301,0.9335548172757475,0.8686199239019441,1.0,0.17265614617940198,,
0.8,0.3,0.5,10,1000,skill,500,199,301,0.9435215946843853,0.9098434097928239,1.0,0.17265614617940198,,
0.8,0.3,0.5,10,1000,repo,500,199,301,0.9435215946843853,0.9110952328158183,1.0,0.17265614617940198,,
0.8,0.3,0.5,10,1000,stratified,500,199,301,0.946843853820598,0.9040313960080156,1.0,0.17265614617940198,,
0.8,0.3,0.5,10,1000,lang_reiczigel,500,199,301,0.9900332225913622,0.947394799294271,1.0,0.17265614617940198,,
0.8,0.3,0.5,10,1000,wilson_known,500,199,301,0.1893687707641196,0.16572882440261336,0.17575372165095593,0.17265614617940198,,
0.8,0.3,0.5,10,1000,point_rogan_gladen,500,199,301,,,,,-0.020650609080841747,0.3450236825881612
0.8,0.3,0.5,20,100,judgy,500,125,375,0.8853333333333333,0.8338646412669913,0.9967014925373127,0.167348,,
0.8,0.3,0.5,20,100,skill,500,125,375,0.9866666666666667,0.9587619006424521,1.0,0.167348,,
0.8,0.3,0.5,20,100,repo,500,125,375,0.9946666666666667,0.9706399406237974,1.0,0.167348,,
0.8,0.3,0.5,20,100,stratified,500,125,375,0.9973333333333333,0.9649798419913419,1.0,0.167348,,
0.8,0.3,0.5,20,100,lang_reiczigel,500,125,375,0.9973333333333333,0.9604685801880897,1.0,0.167348,,
0.8,0.3,0.5,20,100,wilson_known,500,125,375,0.6693333333333333,0.5953846397978602,0.6077191511436891,0.167348,,
0.8,0.3,0.5,20,100,point_rogan_gladen,500,125,375,,,,,-0.018162962962962978,0.37067112366382055
0.8,0.3,0.5,20,1000,judgy,500,144,356,0.9269662921348315,0.8633211225647415,1.0,0.16958988764044947,,
0.8,0.3,0.5,20,1000,skill,500,144,356,0.9831460674157303,0.958115139206263,1.0,0.16958988764044947,,
0.8,0.3,0.5,20,1000,repo,500,144,356,0.9859550561797753,0.9591219149176814,1.0,0.16958988764044947,,
0.8,0.3,0.5,20,1000,stratified,500,144,356,0.9803370786516854,0.9510995022455698,1.0,0.16958988764044947,,
0.8,0.3,0.5,20,1000,lang_reiczigel,500,144,356,0.9943820224719101,0.9357635477002851,1.0,0.16958988764044947,,
0.8,0.3,0.5,20,1000,wilson_known,500,144,356,0.2696629213483146,0.22044215727178085,0.20905378506470518,0.16958988764044947,,
0.8,0.3,0.5,20,1000,point_rogan_gladen,500,144,356,,,,,0.004968766720171129,0.37032924932329564
0.8,0.3,0.5,50,100,judgy,500,67,433,0.8175519630484989,0.7686815195834638,0.9142830086580084,0.12372748267898383,,
0.8,0.3,0.5,50,100,skill,500,67,433,0.9584295612009238,0.9216108306829931,1.0,0.12372748267898383,,
0.8,0.3,0.5,50,100,repo,500,67,433,0.9815242494226328,0.959643838907321,1.0,0.12372748267898383,,
0.8,0.3,0.5,50,100,stratified,500,67,433,0.9792147806004619,0.9551127671462348,1.0,0.12372748267898383,,
0.8,0.3,0.5,50,100,lang_reiczigel,500,67,433,0.9953810623556582,0.9541173980710269,1.0,0.12372748267898383,,
0.8,0.3,0.5,50,100,wilson_known,500,67,433,0.8244803695150116,0.7364498710739018,0.8105114705067222,0.12372748267898383,,
0.8,0.3,0.5,50,100,point_rogan_gladen,500,67,433,,,,,0.0034613152285683595,0.3667471376610983
0.8,0.3,0.5,50,1000,judgy,500,68,432,0.9351851851851852,0.8643463781904013,1.0,0.13063425925925926,,
0.8,0.3,0.5,50,1000,skill,500,68,432,0.9884259259259259,0.9520891068189328,1.0,0.13063425925925926,,
0.8,0.3,0.5,50,1000,repo,500,68,432,0.9930555555555556,0.9569164977358042,1.0,0.13063425925925926,,
0.8,0.3,0.5,50,1000,stratified,500,68,432,0.9884259259259259,0.9508611831916446,1.0,0.13063425925925926,,
0.8,0.3,0.5,50,1000,lang_reiczigel,500,68,432,0.9976851851851852,0.9277372249827105,1.0,0.13063425925925926,,
0.8,0.3,0.5,50,1000,wilson_known,500,68,432,0.4444444444444444,0.35063390210132445,0.3297743904788506,0.13063425925925926,,
0.8,0.3,0.5,50,1000,point_rogan_gladen,500,68,432,,,,,0.0038841892097099613,0.33425855599489307
0.8,0.3,0.5,100,100,judgy,500,26,474,0.7616033755274262,0.7073978424811794,0.7357818707095232,0.09416350210970463,,
0.8,0.3,0.5,100,100,skill,500,26,474,0.9177215189873418,0.8878531995699995,1.0,0.09416350210970463,,
0.8,0.3,0.5,100,100,repo,500,26,474,0.9957805907172996,0.967075600670474,1.0,0.09416350210970463,,
0.8,0.3,0.5,100,100,stratified,500,26,474,0.9957805907172996,0.9668704881644896,1.0,0.09416350210970463,,
0.8,0.3,0.5,100,100,lang_reiczigel,500,26,474,1.0,0.9668209486697463,1.0,0.09416350210970463,,
0.8,0.3,0.5,100,100,wilson_known,500,26,474,0.9092827004219409,0.8347696357454076,0.9312783394147636,0.09416350210970463,,
0.8,0.3,0.5,100,100,point_rogan_gladen,500,26,474,,,,,0.03742327807589509,0.36637854695869965
0.8,0.3,0.5,100,1000,judgy,500,34,466,0.9313304721030042,0.8410661908654209,0.9505726590661947,0.0924549356223176,,
0.8,0.3,0.5,100,1000,skill,500,34,466,0.9763948497854077,0.9224443970498385,1.0,0.0924549356223176,,
0.8,0.3,0.5,100,1000,repo,500,34,466,0.9849785407725322,0.9334674527821046,1.0,0.0924549356223176,,
0.8,0.3,0.5,100,1000,stratified,500,34,466,0.9785407725321889,0.927797931830004,1.0,0.0924549356223176,,
0.8,0.3,0.5,100,1000,lang_reiczigel,500,34,466,0.9978540772532188,0.8997670098810729,1.0,0.0924549356223176,,
0.8,0.3,0.5,100,1000,wilson_known,500,34,466,0.5858369098712446,0.42742143503358904,0.40760645270465323,0.0924549356223176,,
0.8,0.3,0.5,100,1000,point_rogan_gladen,500,34,466,,,,,-0.02546473062491838,0.30534484284349905
0.8,0.3,0.5,200,100,judgy,500,5,495,0.6585858585858586,0.6132523017432098,0.6126360559609324,0.04241818181818182,,
0.8,0.3,0.5,200,100,skill,500,5,495,0.7818181818181819,0.7326056742212647,0.7996648068947453,0.04241818181818182,,
0.8,0.3,0.5,200,100,repo,500,5,495,0.9717171717171718,0.9373513663504058,1.0,0.04241818181818182,,
0.8,0.3,0.5,200,100,stratified,500,5,495,0.9656565656565657,0.9347577418879095,1.0,0.04241818181818182,,
0.8,0.3,0.5,200,100,lang_reiczigel,500,5,495,0.997979797979798,0.9481627835371648,1.0,0.04241818181818182,,
0.8,0.3,0.5,200,100,wilson_known,500,5,495,0.9292929292929293,0.8721833208964154,1.0,0.04241818181818182,,
0.8,0.3,0.5,200,100,point_rogan_gladen,500,5,495,,,,,0.008744296152487133,0.35070595771081253
0.8,0.3,0.5,200,1000,judgy,500,8,492,0.8861788617886179,0.753429346704686,0.7687525301139475,0.04763922764227642,,
0.8,0.3,0.5,200,1000,skill,500,8,492,0.9329268292682927,0.8179984582079618,0.9006813425741058,0.04763922764227642,,
0.8,0.3,0.5,200,1000,repo,500,8,492,0.967479674796748,0.8646091316082186,1.0,0.04763922764227642,,
0.8,0.3,0.5,200,1000,stratified,500,8,492,0.9695121951219512,0.8619522165085564,1.0,0.04763922764227642,,
0.8,0.3,0.5,200,1000,lang_reiczigel,500,8,492,0.9857723577235772,0.8290247818711514,0.8459383066184878,0.04763922764227642,,
0.8,0.3,0.5,200,1000,wilson_known,500,8,492,0.717479674796748,0.48873350860283343,0.457521889017326,0.04763922764227642,,
0.8,0.3,0.5,200,1000,point_rogan_gladen,500,8,492,,,,,-0.017292961558493487,0.2704249953996062
0.8,0.3,0.7,10,100,judgy,500,192,308,0.827922077922078,0.8264367903260533,1.0,0.17573436961987488,,
0.8,0.3,0.7,10,100,skill,500,192,308,0.8474025974025974,0.900852022087731,1.0,0.17573436961987488,,
0.8,0.3,0.7,10,100,repo,500,192,308,0.8831168831168831,0.9133546928819647,1.0,0.17573436961987488,,
0.8,0.3,0.7,10,100,stratified,500,192,308,0.8766233766233766,0.8999513663419914,1.0,0.17573436961987488,,
0.8,0.3,0.7,10,100,lang_reiczigel,500,192,308,1.0,0.940938701144354,1.0,0.17573436961987488,,
0.8,0.3,0.7,10,100,wilson_known,500,192,308,0.5032467532467533,0.4546036980766224,0.4304463548061618,0.17573436961987488,,
0.8,0.3,0.7,10,100,point_rogan_gladen,500,192,308,,,,,-0.14318491032776742,0.39464653528695776
0.8,0.3,0.7,10,1000,judgy,500,185,315,0.8666666666666667,0.8710263874284611,1.0,0.18206825396825396,,
0.8,0.3,0.7,10,1000,skill,500,185,315,0.8698412698412699,0.9205246713592844,1.0,0.18206825396825396,,
0.8,0.3,0.7,10,1000,repo,500,185,315,0.8698412698412699,0.9215843079663827,1.0,0.18206825396825396,,
0.8,0.3,0.7,10,1000,stratified,500,185,315,0.8698412698412699,0.9142020216049382,1.0,0.18206825396825396,,
0.8,0.3,0.7,10,1000,lang_reiczigel,500,185,315,1.0,0.9317135394066585,1.0,0.18206825396825396,,
0.8,0.3,0.7,10,1000,wilson_known,500,185,315,0.28253968253968254,0.18380790528341787,0.17153868001888994,0.18206825396825396,,
0.8,0.3,0.7,10,1000,point_rogan_gladen,500,185,315,,,,,-0.11898337112622832,0.351528412931418
0.8,0.3,0.7,20,100,judgy,500,148,352,0.8579545454545454,0.8247493434701649,1.0,0.16238352272727272,,
0.8,0.3,0.7,20,100,skill,500,148,352,0.9602272727272727,0.9513900016874414,1.0,0.16238352272727272,,
0.8,0.3,0.7,20,100,repo,500,148,352,0.9744318181818182,0.9657617120366798,1.0,0.16238352272727272,,
0.8,0.3,0.7,20,100,stratified,500,148,352,0.9715909090909091,0.9601921549094844,1.0,0.16238352272727272,,
0.8,0.3,0.7,20,100,lang_reiczigel,500,148,352,1.0,0.9524824148450993,1.0,0.16238352272727272,,
0.8,0.3,0.7,20,100,wilson_known,500,148,352,0.6903409090909091,0.5945387387255334,0.6235009281985899,0.16238352272727272,,
0.8,0.3,0.7,20,100,point_rogan_gladen,500,148,352,,,,,-0.11265963203463195,0.3791033228338806
0.8,0.3,0.7,20,1000,judgy,500,150,350,0.92,0.8745320570311296,1.0,0.16977428571428574,,
0.8,0.3,0.7,20,1000,skill,500,150,350,0.9857142857142858,0.9655775304939441,1.0,0.16977428571428574,,
0.8,0.3,0.7,20,1000,repo,500,150,350,0.9942857142857143,0.9644080199388689,1.0,0.16977428571428574,,
0.8,0.3,0.7,20,1000,stratified,500,150,350,0.98,0.9558594051741908,1.0,0.16977428571428574,,
0.8,0.3,0.7,20,1000,lang_reiczigel,500,150,350,1.0,0.9318694287436006,1.0,0.16977428571428574,,
0.8,0.3,0.7,20,1000,wilson_known,500,150,350,0.2857142857142857,0.24706200222989122,0.21276374670534703,0.16977428571428574,,
0.8,0.3,0.7,20,1000,point_rogan_gladen,500,150,350,,,,,-0.13553507936507928,0.36726768399539184
0.8,0.3,0.7,50,100,judgy,500,74,426,0.8497652582159625,0.7576452252440999,0.8914480318039617,0.13980399061032864,,
0.8,0.3,0.7,50,100,skill,500,74,426,0.9765258215962441,0.9253606055705073,1.0,0.13980399061032864,,
0.8,0.3,0.7,50,100,repo,500,74,426,0.9929577464788732,0.9616855744997141,1.0,0.13980399061032864,,
0.8,0.3,0.7,50,100,stratified,500,74,426,0.9906103286384976,0.956109009079861,1.0,0.13980399061032864,,
0.8,0.3,0.7,50,100,lang_reiczigel,500,74,426,1.0,0.9480188921860655,1.0,0.13980399061032864,,
0.8,0.3,0.7,50,100,wilson_known,500,74,426,0.8262910798122066,0.7304815423368638,0.812458467528042,0.13980399061032864,,
0.8,0.3,0.7,50,100,point_rogan_gladen,500,74,426,,,,,-0.07070498428203473,0.3643655540011847
0.8,0.3,0.7,50,1000,judgy,500,83,417,0.9136690647482014,0.8309982638377956,0.9927989374262113,0.12750599520383693,,
0.8,0.3,0.7,50,1000,skill,500,83,417,0.9760191846522782,0.9378405837543706,1.0,0.12750599520383693,,
0.8,0.3,0.7,50,1000,repo,500,83,417,0.9760191846522782,0.9437306737443062,1.0,0.12750599520383693,,
0.8,0.3,0.7,50,1000,stratified,500,83,417,0.9784172661870504,0.9373772994550521,1.0,0.12750599520383693,,
0.8,0.3,0.7,50,1000,lang_reiczigel,500,83,417,0.9976019184652278,0.9012578249360182,1.0,0.12750599520383693,,
0.8,0.3,0.7,50,1000,wilson_known,500,83,417,0.4148681055155875,0.3194680740861177,0.29334271365525244,0.12750599520383693,,
0.8,0.3,0.7,50,1000,point_rogan_gladen,500,83,417,,,,,-0.07310256866885093,0.33480389783950015
0.8,0.3,0.7,100,100,judgy,500,31,469,0.746268656716418,0.6683523878089226,0.6848381294964032,0.0875778251599147,,
0.8,0.3,0.7,100,100,skill,500,31,469,0.9019189765458422,0.8631556588206564,1.0,0.0875778251599147,,
0.8,0.3,0.7,100,100,repo,500,31,469,0.9872068230277186,0.9522968969103025,1.0,0.0875778251599147,,
0.8,0.3,0.7,100,100,stratified,500,31,469,0.9829424307036247,0.9501191984361645,1.0,0.0875778251599147,,
0.8,0.3,0.7,100,100,lang_reiczigel,500,31,469,0.9957356076759062,0.945728690942696,1.0,0.0875778251599147,,
0.8,0.3,0.7,100,100,wilson_known,500,31,469,0.8848614072494669,0.7971495605931731,0.9221126625303331,0.0875778251599147,,
0.8,0.3,0.7,100,100,point_rogan_gladen,500,31,469,,,,,-0.059777178012404064,0.35472479248126165
0.8,0.3,0.7,100,1000,judgy,500,16,484,0.9338842975206612,0.7942363046176855,0.8632652605408451,0.09079545454545454,,
0.8,0.3,0.7,100,1000,skill,500,16,484,0.9793388429752066,0.9039769395477756,1.0,0.09079545454545454,,
0.8,0.3,0.7,100,1000,repo,500,16,484,0.9855371900826446,0.9200984104563006,1.0,0.09079545454545454,,
0.8,0.3,0.7,100,1000,stratified,500,16,484,0.987603305785124,0.9134751187098318,1.0,0.09079545454545454,,
0.8,0.3,0.7,100,1000,lang_reiczigel,500,16,484,0.9979338842975206,0.8685718172418576,0.9538765549684869,0.09079545454545454,,
0.8,0.3,0.7,100,1000,wilson_known,500,16,484,0.5330578512396694,0.3890352682925975,0.3705332539172663,0.09079545454545454,,
0.8,0.3,0.7,100,1000,point_rogan_gladen,500,16,484,,,,,-0.0495663015798448,0.29745653463829247
0.8,0.3,0.7,200,100,judgy,500,6,494,0.6720647773279352,0.5737538644597072,0.5676426247263319,0.036667004048583,,
0.8,0.3,0.7,200,100,skill,500,6,494,0.7874493927125507,0.7052789287395446,0.7200400395083257,0.036667004048583,,
0.8,0.3,0.7,200,100,repo,500,6,494,0.9858299595141701,0.9288888536308573,1.0,0.036667004048583,,
0.8,0.3,0.7,200,100,stratified,500,6,494,0.9838056680161943,0.9231648663224274,1.0,0.036667004048583,,
0.8,0.3,0.7,200,100,lang_reiczigel,500,6,494,0.9979757085020243,0.9407139546583874,1.0,0.036667004048583,,
0.8,0.3,0.7,200,100,wilson_known,500,6,494,0.9392712550607287,0.8519409569318419,0.9870394687317133,0.036667004048583,,
0.8,0.3,0.7,200,100,point_rogan_gladen,500,6,494,,,,,-0.03701036182376103,0.3192747872303054
0.8,0.3,0.7,200,1000,judgy,500,6,494,0.8947368421052632,0.6901590751504064,0.6804462041294403,0.04759919028340081,,
0.8,0.3,0.7,200,1000,skill,500,6,494,0.9331983805668016,0.7904139358637952,0.846964973591229,0.04759919028340081,,
0.8,0.3,0.7,200,1000,repo,500,6,494,0.9757085020242915,0.8359147962212744,0.9440730974374227,0.04759919028340081,,
0.8,0.3,0.7,200,1000,stratified,500,6,494,0.9696356275303644,0.8295152399260616,0.9199999999999998,0.04759919028340081,,
0.8,0.3,0.7,200,1000,lang_reiczigel,500,6,494,0.9919028340080972,0.7865529399423685,0.785732233696766,0.04759919028340081,,
0.8,0.3,0.7,200,1000,wilson_known,500,6,494,0.6720647773279352,0.43753770509192647,0.4087964700049437,0.04759919028340081,,
0.8,0.3,0.7,200,1000,point_rogan_gladen,500,6,494,,,,,-0.016863417659895612,0.2522574897722873
0.8,0.3,0.9,10,100,judgy,500,215,285,0.7614035087719299,0.8177735181481052,0.9900000000000004,0.18386374678567355,,
0.8,0.3,0.9,10,100,skill,500,215,285,0.7929824561403509,0.899241162036896,1.0,0.18386374678567355,,
0.8,0.3,0.9,10,100,repo,500,215,285,0.7929824561403509,0.9117246468805792,1.0,0.18386374678567355,,
0.8,0.3,0.9,10,100,stratified,500,215,285,0.7929824561403509,0.9029824213311055,1.0,0.18386374678567355,,
0.8,0.3,0.9,10,100,lang_reiczigel,500,215,285,1.0,0.9435887473996194,1.0,0.18386374678567355,,
0.8,0.3,0.9,10,100,wilson_known,500,215,285,0.4105263157894737,0.448188608009438,0.4304463548061618,0.18386374678567355,,
0.8,0.3,0.9,10,100,point_rogan_gladen,500,215,285,,,,,-0.32214619883040935,0.4938487014876253
0.8,0.3,0.9,10,1000,judgy,500,199,301,0.8637873754152824,0.860086038780488,1.0,0.19380626276593446,,
0.8,0.3,0.9,10,1000,skill,500,199,301,0.8637873754152824,0.930470973594354,1.0,0.19380626276593446,,
0.8,0.3,0.9,10,1000,repo,500,199,301,0.8637873754152824,0.9325963048359157,1.0,0.19380626276593446,,
0.8,0.3,0.9,10,1000,stratified,500,199,301,0.8637873754152824,0.9242456724938036,1.0,0.19380626276593446,,
0.8,0.3,0.9,10,1000,lang_reiczigel,500,199,301,1.0,0.9283704688383315,1.0,0.19380626276593446,,
0.8,0.3,0.9,10,1000,wilson_known,500,199,301,0.3289036544850498,0.17318823222961405,0.1661063132403373,0.19380626276593446,,
0.8,0.3,0.9,10,1000,point_rogan_gladen,500,199,301,,,,,-0.2266458629963614,0.40685339413999105
0.8,0.3,0.9,20,100,judgy,500,163,337,0.8338278931750742,0.8182797797826054,1.0,0.1718738872403561,,
0.8,0.3,0.9,20,100,skill,500,163,337,0.9376854599406528,0.956049537026705,1.0,0.1718738872403561,,
0.8,0.3,0.9,20,100,repo,500,163,337,0.9614243323442137,0.970380211360173,1.0,0.1718738872403561,,
0.8,0.3,0.9,20,100,stratified,500,163,337,0.9465875370919882,0.9621719554349377,1.0,0.1718738872403561,,
0.8,0.3,0.9,20,100,lang_reiczigel,500,163,337,0.9940652818991098,0.9523599927276818,1.0,0.1718738872403561,,
0.8,0.3,0.9,20,100,wilson_known,500,163,337,0.6350148367952523,0.5776424314673879,0.589665644613797,0.1718738872403561,,
0.8,0.3,0.9,20,100,point_rogan_gladen,500,163,337,,,,,-0.24773797748575194,0.43380336137157993
0.8,0.3,0.9,20,1000,judgy,500,136,364,0.8846153846153846,0.8450165083394879,1.0,0.16054120879120878,,
0.8,0.3,0.9,20,1000,skill,500,136,364,0.9313186813186813,0.9442838285986936,1.0,0.16054120879120878,,
0.8,0.3,0.9,20,1000,repo,500,136,364,0.9258241758241759,0.9458517165369573,1.0,0.16054120879120878,,
0.8,0.3,0.9,20,1000,stratified,500,136,364,0.9148351648351648,0.9362091822478498,1.0,0.16054120879120878,,
0.8,0.3,0.9,20,1000,lang_reiczigel,500,136,364,0.9835164835164835,0.907205849183248,1.0,0.16054120879120878,,
0.8,0.3,0.9,20,1000,wilson_known,500,136,364,0.25274725274725274,0.21435535633607172,0.1948837446258077,0.16054120879120878,,
0.8,0.3,0.9,20,1000,point_rogan_gladen,500,136,364,,,,,-0.20958549188906322,0.3788636400760382
0.8,0.3,0.9,50,100,judgy,500,82,418,0.8660287081339713,0.7100640930341376,0.7741282351606319,0.13842703349282295,,
0.8,0.3,0.9,50,100,skill,500,82,418,0.9497607655502392,0.9240909645171279,1.0,0.13842703349282295,,
0.8,0.3,0.9,50,100,repo,500,82,418,0.9784688995215312,0.9594063303597052,1.0,0.13842703349282295,,
0.8,0.3,0.9,50,100,stratified,500,82,418,0.9736842105263158,0.9568872618292681,1.0,0.13842703349282295,,
0.8,0.3,0.9,50,100,lang_reiczigel,500,82,418,0.9808612440191388,0.9431618160698328,1.0,0.13842703349282295,,
0.8,0.3,0.9,50,100,wilson_known,500,82,418,0.7799043062200957,0.6862872829045946,0.7329536339583801,0.13842703349282295,,
0.8,0.3,0.9,50,100,point_rogan_gladen,500,82,418,,,,,-0.1810186007545633,0.3766760103057056
0.8,0.3,0.9,50,1000,judgy,500,74,426,0.9389671361502347,0.783716103401634,0.8646716844349684,0.12689671361502347,,
0.8,0.3,0.9,50,1000,skill,500,74,426,0.9788732394366197,0.9296851815204887,1.0,0.12689671361502347,,
0.8,0.3,0.9,50,1000,repo,500,74,426,0.9788732394366197,0.9340589104661908,1.0,0.12689671361502347,,
0.8,0.3,0.9,50,1000,stratified,500,74,426,0.9788732394366197,0.9254596780129166,1.0,0.12689671361502347,,
0.8,0.3,0.9,50,1000,lang_reiczigel,500,74,426,0.9835680751173709,0.8754809780782679,1.0,0.12689671361502347,,
0.8,0.3,0.9,50,1000,wilson_known,500,74,426,0.38967136150234744,0.27752924593952716,0.25328417871960573,0.12689671361502347,,
0.8,0.3,0.9,50,1000,point_rogan_gladen,500,74,426,,,,,-0.15199142362822957,0.31703668808890684
0.8,0.3,0.9,100,100,judgy,500,26,474,0.7848101265822784,0.6044482747277968,0.6165450923897977,0.09152109704641351,,
0.8,0.3,0.9,100,100,skill,500,26,474,0.9092827004219409,0.8467019790494222,1.0,0.09152109704641351,,
0.8,0.3,0.9,100,100,repo,500,26,474,0.9704641350210971,0.9351271172006363,1.0,0.09152109704641351,,
0.8,0.3,0.9,100,100,stratified,500,26,474,0.9704641350210971,0.928493577961131,1.0,0.09152109704641351,,
0.8,0.3,0.9,100,100,lang_reiczigel,500,26,474,0.9725738396624473,0.9329089871892073,1.0,0.09152109704641351,,
0.8,0.3,0.9,100,100,wilson_known,500,26,474,0.8502109704641351,0.7584743356203099,0.8655283456046352,0.09152109704641351,,
0.8,0.3,0.9,100,100,point_rogan_gladen,500,26,474,,,,,-0.15329815985375864,0.35587554004799676
0.8,0.3,0.9,100,1000,judgy,500,32,468,0.9316239316239316,0.6727016532397525,0.667020971453653,0.08629594017094017,,
0.8,0.3,0.9,100,1000,skill,500,32,468,0.9529914529914529,0.8529565753387998,1.0,0.08629594017094017,,
0.8,0.3,0.9,100,1000,repo,500,32,468,0.9636752136752137,0.8705039428739344,1.0,0.08629594017094017,,
0.8,0.3,0.9,100,1000,stratified,500,32,468,0.9615384615384616,0.8566599376057287,1.0,0.08629594017094017,,
0.8,0.3,0.9,100,1000,lang_reiczigel,500,32,468,0.9572649572649573,0.8151916319638944,0.875084846473617,0.08629594017094017,,
0.8,0.3,0.9,100,1000,wilson_known,500,32,468,0.5085470085470085,0.29941074399064666,0.29382568145145804,0.08629594017094017,,
0.8,0.3,0.9,100,1000,point_rogan_gladen,500,32,468,,,,,-0.09762564475013358,0.2595151543173118
0.8,0.3,0.9,200,100,judgy,500,15,485,0.6948453608247422,0.48118987313204664,0.4692345425515494,0.04139484536082474,,
0.8,0.3,0.9,200,100,skill,500,15,485,0.8329896907216495,0.6644485273847943,0.6629393558917684,0.04139484536082474,,
0.8,0.3,0.9,200,100,repo,500,15,485,0.9814432989690721,0.890248029587713,1.0,0.04139484536082474,,
0.8,0.3,0.9,200,100,stratified,500,15,485,0.9814432989690721,0.8842597636555054,1.0,0.04139484536082474,,
0.8,0.3,0.9,200,100,lang_reiczigel,500,15,485,0.9938144329896907,0.9126317640358595,1.0,0.04139484536082474,,
0.8,0.3,0.9,200,100,wilson_known,500,15,485,0.9134020618556701,0.7896740227461508,0.9116892714937995,0.04139484536082474,,
0.8,0.3,0.9,200,100,point_rogan_gladen,500,15,485,,,,,-0.15044907391927417,0.3423507236181947
0.8,0.3,0.9,200,1000,judgy,500,6,494,0.9392712550607287,0.5621027700881672,0.5255990955391174,0.0419251012145749,,
0.8,0.3,0.9,200,1000,skill,500,6,494,0.9574898785425101,0.7170302088476128,0.7218894104605531,0.0419251012145749,,
0.8,0.3,0.9,200,1000,repo,500,6,494,0.9757085020242915,0.7630306450604587,0.8174247295897306,0.0419251012145749,,
0.8,0.3,0.9,200,1000,stratified,500,6,494,0.9757085020242915,0.7543196837639955,0.8004545454545471,0.0419251012145749,,
0.8,0.3,0.9,200,1000,lang_reiczigel,500,6,494,0.97165991902834,0.732198424955138,0.7085425877443723,0.0419251012145749,,
0.8,0.3,0.9,200,1000,wilson_known,500,6,494,0.6477732793522267,0.3411561581107816,0.34304523881108345,0.0419251012145749,,
0.8,0.3,0.9,200,1000,point_rogan_gladen,500,6,494,,,,,-0.0640258521864981,0.18858769402678668
0.8,0.45,0.1,10,100,judgy,500,85,415,0.9156626506024096,0.7171438351759967,0.702307692307692,0.1226566265060241,,
0.8,0.45,0.1,10,100,skill,500,85,415,0.9397590361445783,0.868889881787178,1.0,0.1226566265060241,,
0.8,0.45,0.1,10,100,repo,500,85,415,0.9518072289156626,0.8878398454852142,1.0,0.1226566265060241,,
0.8,0.45,0.1,10,100,stratified,500,85,415,0.9397590361445783,0.8661914610824248,1.0,0.1226566265060241,,
0.8,0.45,0.1,10,100,lang_reiczigel,500,85,415,0.891566265060241,0.9157199709239644,1.0,0.1226566265060241,,
0.8,0.45,0.1,10,100,wilson_known,500,85,415,0.4530120481927711,0.3521460788241939,0.34391916909759035,0.1226566265060241,,
0.8,0.45,0.1,10,100,point_rogan_gladen,500,85,415,,,,,0.17080263912794036,0.3376825629067339
0.8,0.45,0.1,10,1000,judgy,500,74,426,0.9577464788732394,0.7404156583995956,0.7419566666666666,0.12274085869225693,,
0.8,0.45,0.1,10,1000,skill,500,74,426,0.9694835680751174,0.8820141341873684,1.0,0.12274085869225693,,
0.8,0.45,0.1,10,1000,repo,500,74,426,0.971830985915493,0.8838224256418403,1.0,0.12274085869225693,,
0.8,0.45,0.1,10,1000,stratified,500,74,426,0.9671361502347418,0.8691619601870483,1.0,0.12274085869225693,,
0.8,0.45,0.1,10,1000,lang_reiczigel,500,74,426,0.9107981220657277,0.9076440773347082,1.0,0.12274085869225693,,
0.8,0.45,0.1,10,1000,wilson_known,500,74,426,0.08215962441314555,0.11295909282707185,0.12104694370216418,0.12274085869225693,,
0.8,0.45,0.1,10,1000,point_rogan_gladen,500,74,426,,,,,0.13237008160071534,0.28340630191547167
0.8,0.45,0.1,20,100,judgy,500,30,470,0.9,0.6464384825782036,0.648781281281281,0.09013936170212765,,
0.8,0.45,0.1,20,100,skill,500,30,470,0.9574468085106383,0.8361369002589979,1.0,0.09013936170212765,,
0.8,0.45,0.1,20,100,repo,500,30,470,0.9659574468085106,0.8722916199842002,1.0,0.09013936170212765,,
0.8,0.45,0.1,20,100,stratified,500,30,470,0.9617021276595744,0.8493957740250293,1.0,0.09013936170212765,,
0.8,0.45,0.1,20,100,lang_reiczigel,500,30,470,0.9361702127659575,0.8820440979539311,0.9638264256719482,0.09013936170212765,,
0.8,0.45,0.1,20,100,wilson_known,500,30,470,0.6063829787234043,0.41740778333783984,0.41770214867347855,0.09013936170212765,,
0.8,0.45,0.1,20,100,point_rogan_gladen,500,30,470,,,,,0.12243994303568774,0.2846773542107739
0.8,0.45,0.1,20,1000,judgy,500,29,471,0.9447983014861996,0.6433170676317798,0.6061255813953486,0.08485244161358811,,
0.8,0.45,0.1,20,1000,skill,500,29,471,0.970276008492569,0.8209619939868521,1.0,0.08485244161358811,,
0.8,0.45,0.1,20,1000,repo,500,29,471,0.9681528662420382,0.8279926426123911,1.0,0.08485244161358811,,
0.8,0.45,0.1,20,1000,stratified,500,29,471,0.9660297239915074,0.7968503017364106,1.0,0.08485244161358811,,
0.8,0.45,0.1,20,1000,lang_reiczigel,500,29,471,0.9469214437367304,0.8355184690307581,0.8623428326706317,0.08485244161358811,,
0.8,0.45,0.1,20,1000,wilson_known,500,29,471,0.25477707006369427,0.1375455125014613,0.14470779016468635,0.08485244161358811,,
0.8,0.45,0.1,20,1000,point_rogan_gladen,500,29,471,,,,,0.08818139763044215,0.2347826492419027
0.8,0.45,0.1,50,100,judgy,500,2,498,0.8975903614457831,0.48536207008184373,0.48000000000000054,0.024564257028112452,,
0.8,0.45,0.1,50,100,skill,500,2,498,0.9357429718875502,0.6148102952405152,0.5634997738706284,0.024564257028112452,,
0.8,0.45,0.1,50,100,repo,500,2,498,0.9759036144578314,0.7297522267230061,0.7364797682949666,0.024564257028112452,,
0.8,0.45,0.1,50,100,stratified,500,2,498,0.9779116465863453,0.7196158637936282,0.7142857142857144,0.024564257028112452,,
0.8,0.45,0.1,50,100,lang_reiczigel,500,2,498,0.9618473895582329,0.7684924783612258,0.7504601271617686,0.024564257028112452,,
0.8,0.45,0.1,50,100,wilson_known,500,2,498,0.7951807228915663,0.4492618504656284,0.47591975701496797,0.024564257028112452,,
0.8,0.45,0.1,50,100,point_rogan_gladen,500,2,498,,,,,0.07064901278353457,0.20155738600661433
0.8,0.45,0.1,50,1000,judgy,500,2,498,0.9437751004016064,0.4722418352818915,0.45906464748497977,0.023479919678714864,,
0.8,0.45,0.1,50,1000,skill,500,2,498,0.963855421686747,0.5998915907750669,0.5217933958452585,0.023479919678714864,,
0.8,0.45,0.1,50,1000,repo,500,2,498,0.9698795180722891,0.6106307345042118,0.5412247327771165,0.023479919678714864,,
0.8,0.45,0.1,50,1000,stratified,500,2,498,0.963855421686747,0.5953992830503516,0.5269888306138304,0.023479919678714864,,
0.8,0.45,0.1,50,1000,lang_reiczigel,500,2,498,0.9357429718875502,0.6524919468750665,0.6156842432427642,0.023479919678714864,,
0.8,0.45,0.1,50,1000,wilson_known,500,2,498,0.3493975903614458,0.14600429561725475,0.16075430798610665,0.023479919678714864,,
0.8,0.45,0.1,50,1000,point_rogan_gladen,500,2,498,,,,,0.04142881731277695,0.15811605043956203
0.8,0.45,0.1,100,100,judgy,500,0,500,0.828,0.35740708248178704,0.3623490771982737,0.0035659999999999997,,
0.8,0.45,0.1,100,100,skill,500,0,500,0.84,0.3792199871836153,0.37414746083821104,0.0035659999999999997,,
0.8,0.45,0.1,100,100,repo,500,0,500,0.956,0.5693568589190893,0.5623209279073114,0.0035659999999999997,,
0.8,0.45,0.1,100,100,stratified,500,0,500,0.954,0.5659997940273124,0.5594999153116533,0.0035659999999999997,,
0.8,0.45,0.1,100,100,lang_reiczigel,500,0,500,0.96,0.6214445202162533,0.6083050003741513,0.0035659999999999997,,
0.8,0.45,0.1,100,100,wilson_known,500,0,500,0.868,0.4427769481051133,0.46076938828378255,0.0035659999999999997,,
0.8,0.45,0.1,100,100,point_rogan_gladen,500,0,500,,,,,0.04945450921188417,0.1735088051679997
0.8,0.45,0.1,100,1000,judgy,500,0,500,0.952,0.36837229201673083,0.3749031309156449,0.001874,,
0.8,0.45,0.1,100,1000,skill,500,0,500,0.956,0.3821275417399418,0.3805775280533646,0.001874,,
0.8,0.45,0.1,100,1000,repo,500,0,500,0.966,0.4063615319430045,0.40443785803713017,0.001874,,
0.8,0.45,0.1,100,1000,stratified,500,0,500,0.966,0.4050403805834014,0.40383922594034494,0.001874,,
0.8,0.45,0.1,100,1000,lang_reiczigel,500,0,500,0.952,0.48044280361356373,0.4692990683135052,0.001874,,
0.8,0.45,0.1,100,1000,wilson_known,500,0,500,0.508,0.16319237548671262,0.1864439229539462,0.001874,,
0.8,0.45,0.1,100,1000,point_rogan_gladen,500,0,500,,,,,0.02428678320327142,0.12329555449224792
0.8,0.45,0.1,200,100,judgy,500,0,500,0.718,0.2649216781753381,0.292397758822993,9.000000000000002e-05,,
0.8,0.45,0.1,200,100,skill,500,0,500,0.72,0.2653694699132664,0.29086029285376125,9.000000000000002e-05,,
0.8,0.45,0.1,200,100,repo,500,0,500,0.95,0.5034174347546935,0.5147163939998106,9.000000000000002e-05,,
0.8,0.45,0.1,200,100,stratified,500,0,500,0.946,0.5037055627547832,0.5098449049431092,9.000000000000002e-05,,
0.8,0.45,0.1,200,100,lang_reiczigel,500,0,500,0.962,0.5317306087746629,0.5385997731727473,9.000000000000002e-05,,
0.8,0.45,0.1,200,100,wilson_known,500,0,500,0.894,0.43955680562614213,0.46167128491174914,9.000000000000002e-05,,
0.8,0.45,0.1,200,100,point_rogan_gladen,500,0,500,,,,,0.0366048331750453,0.1602978977944441
0.8,0.45,0.1,200,1000,judgy,500,0,500,0.902,0.28913099500015477,0.30054649478805046,1.4999999999999999e-05,,
0.8,0.45,0.1,200,1000,skill,500,0,500,0.896,0.2897041231521504,0.2994042310355719,1.4999999999999999e-05,,
0.8,0.45,0.1,200,1000,repo,500,0,500,0.938,0.321893782455798,0.33109252758522545,1.4999999999999999e-05,,
0.8,0.45,0.1,200,1000,stratified,500,0,500,0.936,0.3223238987934421,0.3293516809460828,1.4999999999999999e-05,,
0.8,0.45,0.1,200,1000,lang_reiczigel,500,0,500,0.942,0.3637780592130695,0.3665842543220298,1.4999999999999999e-05,,
0.8,0.45,0.1,200,1000,wilson_known,500,0,500,0.614,0.1725871669290113,0.19461244643843384,1.4999999999999999e-05,,
0.8,0.45,0.1,200,1000,point_rogan_gladen,500,0,500,,,,,0.01646994421853829,0.10719251876259493
0.8,0.45,0.3,10,100,judgy,500,79,421,0.9121140142517815,0.7844243039914471,0.8434500000000006,0.12910095011876482,,
0.8,0.45,0.3,10,100,skill,500,79,421,0.9524940617577197,0.8936752123124438,1.0,0.12910095011876482,,
0.8,0.45,0.3,10,100,repo,500,79,421,0.9691211401425178,0.9062365534659564,1.0,0.12910095011876482,,
0.8,0.45,0.3,10,100,stratified,500,79,421,0.9572446555819477,0.8941943384044037,1.0,0.12910095011876482,,
0.8,0.45,0.3,10,100,lang_reiczigel,500,79,421,0.9524940617577197,0.9299915322654259,1.0,0.12910095011876482,,
0.8,0.45,0.3,10,100,wilson_known,500,79,421,0.5558194774346793,0.436143338591656,0.40525573525336156,0.12910095011876482,,
0.8,0.45,0.3,10,100,point_rogan_gladen,500,79,421,,,,,0.07423858537872789,0.324758677164364
0.8,0.45,0.3,10,1000,judgy,500,86,414,0.9444444444444444,0.811471579636588,0.8997341346153844,0.12539272111901362,,
0.8,0.45,0.3,10,1000,skill,500,86,414,0.9565217391304348,0.9008733587044845,1.0,0.12539272111901362,,
0.8,0.45,0.3,10,1000,repo,500,86,414,0.9565217391304348,0.9012746871626899,1.0,0.12539272111901362,,
0.8,0.45,0.3,10,1000,stratified,500,86,414,0.9541062801932367,0.8834584222356415,1.0,0.12539272111901362,,
0.8,0.45,0.3,10,1000,lang_reiczigel,500,86,414,0.9565217391304348,0.9203670077354533,1.0,0.12539272111901362,,
0.8,0.45,0.3,10,1000,wilson_known,500,86,414,0.19082125603864733,0.15196127007483357,0.14914440679684562,0.12539272111901362,,
0.8,0.45,0.3,10,1000,point_rogan_gladen,500,86,414,,,,,0.05609520933977457,0.3005897956565437
0.8,0.45,0.3,20,100,judgy,500,31,469,0.9147121535181236,0.739103302982393,0.7476666666666668,0.07655010660980809,,
0.8,0.45,0.3,20,100,skill,500,31,469,0.9573560767590619,0.857524934117691,1.0,0.07655010660980809,,
0.8,0.45,0.3,20,100,repo,500,31,469,0.976545842217484,0.8921484515563924,1.0,0.07655010660980809,,
0.8,0.45,0.3,20,100,stratified,500,31,469,0.976545842217484,0.8776429791422187,1.0,0.07655010660980809,,
0.8,0.45,0.3,20,100,lang_reiczigel,500,31,469,0.9637526652452025,0.892244637530958,0.9911245420456123,0.07655010660980809,,
0.8,0.45,0.3,20,100,wilson_known,500,31,469,0.6801705756929638,0.5033517934210652,0.4807497283882929,0.07655010660980809,,
0.8,0.45,0.3,20,100,point_rogan_gladen,500,31,469,,,,,0.017780619049275814,0.2693312755940617
0.8,0.45,0.3,20,1000,judgy,500,19,481,0.9293139293139293,0.7565017762589737,0.7875113432835819,0.07586278586278586,,
0.8,0.45,0.3,20,1000,skill,500,19,481,0.9646569646569647,0.8655165069818617,1.0,0.07586278586278586,,
0.8,0.45,0.3,20,1000,repo,500,19,481,0.9646569646569647,0.8685989243829281,1.0,0.07586278586278586,,
0.8,0.45,0.3,20,1000,stratified,500,19,481,0.9625779625779626,0.8530823262975694,1.0,0.07586278586278586,,
0.8,0.45,0.3,20,1000,lang_reiczigel,500,19,481,0.9417879417879418,0.8571565661797386,0.9145619501989648,0.07586278586278586,,
0.8,0.45,0.3,20,1000,wilson_known,500,19,481,0.30145530145530147,0.18069989569228137,0.1707847171458607,0.07586278586278586,,
0.8,0.45,0.3,20,1000,point_rogan_gladen,500,19,481,,,,,0.034876852761468145,0.2635016035731141
0.8,0.45,0.3,50,100,judgy,500,4,496,0.8407258064516129,0.6086072947552101,0.5865006501278711,0.023196572580645163,,
0.8,0.45,0.3,50,100,skill,500,4,496,0.8911290322580645,0.6823061601610275,0.6483256786339422,0.023196572580645163,,
0.8,0.45,0.3,50,100,repo,500,4,496,0.9556451612903226,0.802377419608224,0.8284371727134283,0.023196572580645163,,
0.8,0.45,0.3,50,100,stratified,500,4,496,0.9516129032258065,0.7956992424155664,0.815879186602871,0.023196572580645163,,
0.8,0.45,0.3,50,100,lang_reiczigel,500,4,496,0.9596774193548387,0.8125594729644237,0.807160448239019,0.023196572580645163,,
0.8,0.45,0.3,50,100,wilson_known,500,4,496,0.8145161290322581,0.5623929418070337,0.5576016632165162,0.023196572580645163,,
0.8,0.45,0.3,50,100,point_rogan_gladen,500,4,496,,,,,0.024082052046956282,0.25372465325307575
0.8,0.45,0.3,50,1000,judgy,500,4,496,0.9455645161290323,0.6504131729639094,0.6193319384970171,0.025279233870967744,,
0.8,0.45,0.3,50,1000,skill,500,4,496,0.9637096774193549,0.7167592095398683,0.6666953838617551,0.025279233870967744,,
0.8,0.45,0.3,50,1000,repo,500,4,496,0.967741935483871,0.7335370795960414,0.6934757886826038,0.025279233870967744,,
0.8,0.45,0.3,50,1000,stratified,500,4,496,0.969758064516129,0.726065786884234,0.6905404647435901,0.025279233870967744,,
0.8,0.45,0.3,50,1000,lang_reiczigel,500,4,496,0.9596774193548387,0.7211330427779975,0.6989272671360098,0.025279233870967744,,
0.8,0.45,0.3,50,1000,wilson_known,500,4,496,0.41330645161290325,0.21516272686012952,0.21072455772594542,0.025279233870967744,,
0.8,0.45,0.3,50,1000,point_rogan_gladen,500,4,496,,,,,0.0029448293133576805,0.194503947587398
0.8,0.45,0.3,100,100,judgy,500,0,500,0.778,0.4834268098104717,0.4717216516311006,0.004273999999999999,,
0.8,0.45,0.3,100,100,skill,500,0,500,0.802,0.5049909584290996,0.48136918183212374,0.004273999999999999,,
0.8,0.45,0.3,100,100,repo,500,0,500,0.958,0.7266031771670614,0.7198961367110205,0.004273999999999999,,
0.8,0.45,0.3,100,100,stratified,500,0,500,0.958,0.7258900965314281,0.7228774817136884,0.004273999999999999,,
0.8,0.45,0.3,100,100,lang_reiczigel,500,0,500,0.964,0.7366076654045749,0.7316672010068748,0.004273999999999999,,
0.8,0.45,0.3,100,100,wilson_known,500,0,500,0.898,0.5917369991592841,0.5886639444656656,0.004273999999999999,,
0.8,0.45,0.3,100,100,point_rogan_gladen,500,0,500,,,,,0.006446514094783429,0.21576030881528133
0.8,0.45,0.3,100,1000,judgy,500,0,500,0.932,0.5100716326192052,0.5007966703029313,0.0025360000000000005,,
0.8,0.45,0.3,100,1000,skill,500,0,500,0.946,0.5295534882588558,0.5016388764660571,0.0025360000000000005,,
0.8,0.45,0.3,100,1000,repo,500,0,500,0.968,0.5604320793036323,0.5404689807357763,0.0025360000000000005,,
0.8,0.45,0.3,100,1000,stratified,500,0,500,0.968,0.560172944693639,0.5375034722222227,0.0025360000000000005,,
0.8,0.45,0.3,100,1000,lang_reiczigel,500,0,500,0.95,0.5632252047124794,0.5435887583969918,0.0025360000000000005,,
0.8,0.45,0.3,100,1000,wilson_known,500,0,500,0.586,0.2232850328870153,0.2189576584172971,0.0025360000000000005,,
0.8,0.45,0.3,100,1000,point_rogan_gladen,500,0,500,,,,,0.0027337752389399173,0.15138113152841431
0.8,0.45,0.3,200,100,judgy,500,0,500,0.668,0.3634669210059226,0.3651485615289555,2.8000000000000003e-05,,
0.8,0.45,0.3,200,100,skill,500,0,500,0.662,0.3642067650344476,0.3671375225085831,2.8000000000000003e-05,,
0.8,0.45,0.3,200,100,repo,500,0,500,0.94,0.6853705897053735,0.695861167441898,2.8000000000000003e-05,,
0.8,0.45,0.3,200,100,stratified,500,0,500,0.942,0.6850549027434987,0.6960471367400711,2.8000000000000003e-05,,
0.8,0.45,0.3,200,100,lang_reiczigel,500,0,500,0.968,0.6833244170563039,0.6883040097554571,2.8000000000000003e-05,,
0.8,0.45,0.3,200,100,wilson_known,500,0,500,0.91,0.6061615260226446,0.6163745693350069,2.8000000000000003e-05,,
0.8,0.45,0.3,200,100,point_rogan_gladen,500,0,500,,,,,0.01616757963937713,0.1994290204685564
0.8,0.45,0.3,200,1000,judgy,500,0,500,0.9,0.39445080565568413,0.39101262264608977,2.1000000000000002e-05,,
0.8,0.45,0.3,200,1000,skill,500,0,500,0.9,0.39444259781099356,0.3915541998122086,2.1000000000000002e-05,,
0.8,0.45,0.3,200,1000,repo,500,0,500,0.944,0.44671322560476645,0.443680977612092,2.1000000000000002e-05,,
0.8,0.45,0.3,200,1000,stratified,500,0,500,0.942,0.4455385928195614,0.44135154005142524,2.1000000000000002e-05,,
0.8,0.45,0.3,200,1000,lang_reiczigel,500,0,500,0.948,0.44936271710246944,0.44273924157525163,2.1000000000000002e-05,,
0.8,0.45,0.3,200,1000,wilson_known,500,0,500,0.664,0.23838434897181457,0.2336072602243963,2.1000000000000002e-05,,
0.8,0.45,0.3,200,1000,point_rogan_gladen,500,0,500,,,,,-0.00852126373815515,0.1242792569543275
0.8,0.45,0.5,10,100,judgy,500,71,429,0.9300699300699301,0.8291496126191301,0.9300000000000006,0.12019015276869204,,
0.8,0.45,0.5,10,100,skill,500,71,429,0.9627039627039627,0.914627752339157,1.0,0.12019015276869204,,
0.8,0.45,0.5,10,100,repo,500,71,429,0.9813519813519813,0.927837930462989,1.0,0.12019015276869204,,
0.8,0.45,0.5,10,100,stratified,500,71,429,0.972027972027972,0.9138986198986199,1.0,0.12019015276869204,,
0.8,0.45,0.5,10,100,lang_reiczigel,500,71,429,0.9883449883449883,0.9181584418923269,1.0,0.12019015276869204,,
0.8,0.45,0.5,10,100,wilson_known,500,71,429,0.6060606060606061,0.44054432079244066,0.4300404331411313,0.12019015276869204,,
0.8,0.45,0.5,10,100,point_rogan_gladen,500,71,429,,,,,-0.02248445998445998,0.31745096939630485
0.8,0.45,0.5,10,1000,judgy,500,84,416,0.9206730769230769,0.837947467393842,0.9434952702702695,0.12881009615384614,,
0.8,0.45,0.5,10,1000,skill,500,84,416,0.9495192307692307,0.9135705247573518,1.0,0.12881009615384614,,
0.8,0.45,0.5,10,1000,repo,500,84,416,0.9519230769230769,0.9134154856515191,1.0,0.12881009615384614,,
0.8,0.45,0.5,10,1000,stratified,500,84,416,0.9447115384615384,0.8983661696810135,1.0,0.12881009615384614,,
0.8,0.45,0.5,10,1000,lang_reiczigel,500,84,416,0.9783653846153846,0.9068343163575018,1.0,0.12881009615384614,,
0.8,0.45,0.5,10,1000,wilson_known,500,84,416,0.21394230769230768,0.15825576057526908,0.14479306066564093,0.12881009615384614,,
0.8,0.45,0.5,10,1000,point_rogan_gladen,500,84,416,,,,,0.003941878434065974,0.3256365747553896
0.8,0.45,0.5,20,100,judgy,500,33,467,0.9143468950749465,0.8157406579309568,0.9090232558139525,0.0959625267665953,,
0.8,0.45,0.5,20,100,skill,500,33,467,0.9700214132762313,0.9017348490859064,1.0,0.0959625267665953,,
0.8,0.45,0.5,20,100,repo,500,33,467,0.9850107066381156,0.9322690171124334,1.0,0.0959625267665953,,
0.8,0.45,0.5,20,100,stratified,500,33,467,0.9764453961456103,0.9206965768290715,1.0,0.0959625267665953,,
0.8,0.45,0.5,20,100,lang_reiczigel,500,33,467,0.9914346895074947,0.9074162242096055,1.0,0.0959625267665953,,
0.8,0.45,0.5,20,100,wilson_known,500,33,467,0.734475374732334,0.564602837667307,0.5365745413647092,0.0959625267665953,,
0.8,0.45,0.5,20,100,point_rogan_gladen,500,33,467,,,,,-0.02476905797034271,0.30718089179847363
0.8,0.45,0.5,20,1000,judgy,500,27,473,0.9386892177589852,0.8260017705013313,0.9040495495495503,0.07841754756871035,,
0.8,0.45,0.5,20,1000,skill,500,27,473,0.9767441860465116,0.9107623481284246,1.0,0.07841754756871035,,
0.8,0.45,0.5,20,1000,repo,500,27,473,0.9809725158562368,0.9165728722985559,1.0,0.07841754756871035,,
0.8,0.45,0.5,20,1000,stratified,500,27,473,0.9767441860465116,0.8983002116218289,1.0,0.07841754756871035,,
0.8,0.45,0.5,20,1000,lang_reiczigel,500,27,473,0.9894291754756871,0.8668461033737598,0.9495360190795513,0.07841754756871035,,
0.8,0.45,0.5,20,1000,wilson_known,500,27,473,0.28118393234672306,0.19836568004353555,0.1902854197620144,0.07841754756871035,,
0.8,0.45,0.5,20,1000,point_rogan_gladen,500,27,473,,,,,-0.021450146283127153,0.2906543405963828
0.8,0.45,0.5,50,100,judgy,500,2,498,0.8253012048192772,0.6697035501216883,0.6500236077481838,0.02352710843373494,,
0.8,0.45,0.5,50,100,skill,500,2,498,0.8815261044176707,0.7350580177350915,0.71872113015873,0.02352710843373494,,
0.8,0.45,0.5,50,100,repo,500,2,498,0.9618473895582329,0.8581862989463447,0.9329551309800626,0.02352710843373494,,
0.8,0.45,0.5,50,100,stratified,500,2,498,0.963855421686747,0.8525334355476647,0.9166666666666666,0.02352710843373494,,
0.8,0.45,0.5,50,100,lang_reiczigel,500,2,498,0.9919678714859438,0.8353315914188864,0.8579963217377313,0.02352710843373494,,
0.8,0.45,0.5,50,100,wilson_known,500,2,498,0.8333333333333334,0.6158995904117796,0.6127102820004836,0.02352710843373494,,
0.8,0.45,0.5,50,100,point_rogan_gladen,500,2,498,,,,,-0.026606828617073766,0.2648484335097345
0.8,0.45,0.5,50,1000,judgy,500,2,498,0.9176706827309237,0.7139736426540191,0.6940940365523302,0.02041465863453815,,
0.8,0.45,0.5,50,1000,skill,500,2,498,0.9397590361445783,0.7502821777372742,0.7274883171578987,0.02041465863453815,,
0.8,0.45,0.5,50,1000,repo,500,2,498,0.9538152610441767,0.766800921210567,0.7561142631528672,0.02041465863453815,,
0.8,0.45,0.5,50,1000,stratified,500,2,498,0.9417670682730924,0.7571242236155122,0.7382812500000002,0.02041465863453815,,
0.8,0.45,0.5,50,1000,lang_reiczigel,500,2,498,0.9779116465863453,0.7183046555931587,0.6980828122378429,0.02041465863453815,,
0.8,0.45,0.5,50,1000,wilson_known,500,2,498,0.42971887550200805,0.23486743921017442,0.21965773453812054,0.02041465863453815,,
0.8,0.45,0.5,50,1000,point_rogan_gladen,500,2,498,,,,,-0.024985537615649235,0.21834974882930394
0.8,0.45,0.5,100,100,judgy,500,0,500,0.736,0.5331540684928898,0.5133905798944698,0.00296,,
0.8,0.45,0.5,100,100,skill,500,0,500,0.742,0.5468673165167529,0.5154580688230697,0.00296,,
0.8,0.45,0.5,100,100,repo,500,0,500,0.962,0.7935258104283949,0.8089668064454567,0.00296,,
0.8,0.45,0.5,100,100,stratified,500,0,500,0.96,0.7928954175758876,0.8075395471464016,0.00296,,
0.8,0.45,0.5,100,100,lang_reiczigel,500,0,500,0.986,0.7780614812745442,0.7773980935004413,0.00296,,
0.8,0.45,0.5,100,100,wilson_known,500,0,500,0.908,0.6508577485900718,0.6375363034617747,0.00296,,
0.8,0.45,0.5,100,100,point_rogan_gladen,500,0,500,,,,,0.0032909208814418437,0.2271515537427855
0.8,0.45,0.5,100,1000,judgy,500,0,500,0.91,0.5845742460910109,0.5595795772568326,0.003343,,
0.8,0.45,0.5,100,1000,skill,500,0,500,0.918,0.5916707339216271,0.5665589931711547,0.003343,,
0.8,0.45,0.5,100,1000,repo,500,0,500,0.94,0.6317840560287075,0.6127603933658157,0.003343,,
0.8,0.45,0.5,100,1000,stratified,500,0,500,0.942,0.627314028582062,0.6054684463228106,0.003343,,
0.8,0.45,0.5,100,1000,lang_reiczigel,500,0,500,0.972,0.5819922775295044,0.569019236266081,0.003343,,
0.8,0.45,0.5,100,1000,wilson_known,500,0,500,0.556,0.24307473751720216,0.23072767551240858,0.003343,,
0.8,0.45,0.5,100,1000,point_rogan_gladen,500,0,500,,,,,-0.018725234810717452,0.16430607057870558
0.8,0.45,0.5,200,100,judgy,500,0,500,0.63,0.38927815540148675,0.3824358541896874,6.8e-05,,
0.8,0.45,0.5,200,100,skill,500,0,500,0.63,0.38885885704928386,0.38104583478217946,6.8e-05,,
0.8,0.45,0.5,200,100,repo,500,0,500,0.96,0.7482150325073162,0.7520396725527592,6.8e-05,,
0.8,0.45,0.5,200,100,stratified,500,0,500,0.956,0.7494668809654224,0.7560929811961855,6.8e-05,,
0.8,0.45,0.5,200,100,lang_reiczigel,500,0,500,0.974,0.7363470934668155,0.7397554432694775,6.8e-05,,
0.8,0.45,0.5,200,100,wilson_known,500,0,500,0.92,0.6641859615552259,0.6675944804289358,6.8e-05,,
0.8,0.45,0.5,200,100,point_rogan_gladen,500,0,500,,,,,-0.01807285744327527,0.2070634828494078
0.8,0.45,0.5,200,1000,judgy,500,0,500,0.896,0.4082478886429632,0.3903423096287102,3.9e-05,,
0.8,0.45,0.5,200,1000,skill,500,0,500,0.9,0.40776846315328247,0.3881785841380403,3.9e-05,,
0.8,0.45,0.5,200,1000,repo,500,0,500,0.97,0.4782130225453276,0.46153306891604595,3.9e-05,,
0.8,0.45,0.5,200,1000,stratified,500,0,500,0.97,0.47752655371430863,0.4578689182726821,3.9e-05,,
0.8,0.45,0.5,200,1000,lang_reiczigel,500,0,500,0.974,0.4480487134378493,0.43109376049691617,3.9e-05,,
0.8,0.45,0.5,200,1000,wilson_known,500,0,500,0.736,0.24063375141213555,0.23249129771971955,3.9e-05,,
0.8,0.45,0.5,200,1000,point_rogan_gladen,500,0,500,,,,,0.0029228595088246385,0.10942244587757258
0.8,0.45,0.7,10,100,judgy,500,70,430,0.8837209302325582,0.8089336064023943,0.9533333333333325,0.11831194259920658,,
0.8,0.45,0.7,10,100,skill,500,70,430,0.9186046511627907,0.894002117760567,1.0,0.11831194259920658,,
0.8,0.45,0.7,10,100,repo,500,70,430,0.9395348837209302,0.909620606409206,1.0,0.11831194259920658,,
0.8,0.45,0.7,10,100,stratified,500,70,430,0.9372093023255814,0.8987199404761905,1.0,0.11831194259920658,,
0.8,0.45,0.7,10,100,lang_reiczigel,500,70,430,1.0,0.8898844804384808,1.0,0.11831194259920658,,
0.8,0.45,0.7,10,100,wilson_known,500,70,430,0.5720930232558139,0.4407802677275809,0.4215692896276622,0.11831194259920658,,
0.8,0.45,0.7,10,100,point_rogan_gladen,500,70,430,,,,,-0.07358407161314139,0.30177529428259886
0.8,0.45,0.7,10,1000,judgy,500,73,427,0.8571428571428571,0.8298536149776298,0.9813894736842101,0.10703282027430576,,
0.8,0.45,0.7,10,1000,skill,500,73,427,0.8711943793911007,0.8906101497799971,1.0,0.10703282027430576,,
0.8,0.45,0.7,10,1000,repo,500,73,427,0.8735362997658079,0.8908997558562072,1.0,0.10703282027430576,,
0.8,0.45,0.7,10,1000,stratified,500,73,427,0.8735362997658079,0.873666495669306,1.0,0.10703282027430576,,
0.8,0.45,0.7,10,1000,lang_reiczigel,500,73,427,1.0,0.8481400427765701,0.9025913137390145,0.10703282027430576,,
0.8,0.45,0.7,10,1000,wilson_known,500,73,427,0.18501170960187355,0.14915297031990002,0.13754803977825691,0.10703282027430576,,
0.8,0.45,0.7,10,1000,point_rogan_gladen,500,73,427,,,,,-0.09771730604810236,0.3135899565246702
0.8,0.45,0.7,20,100,judgy,500,29,471,0.9044585987261147,0.7691102740327774,0.8218863031914894,0.08492887473460721,,
0.8,0.45,0.7,20,100,skill,500,29,471,0.9639065817409767,0.8905021892139371,1.0,0.08492887473460721,,
0.8,0.45,0.7,20,100,repo,500,29,471,0.9745222929936306,0.9205213277625922,1.0,0.08492887473460721,,
0.8,0.45,0.7,20,100,stratified,500,29,471,0.9745222929936306,0.9122716953369819,1.0,0.08492887473460721,,
0.8,0.45,0.7,20,100,lang_reiczigel,500,29,471,0.9978768577494692,0.8748613217856201,0.9910710250877689,0.08492887473460721,,
0.8,0.45,0.7,20,100,wilson_known,500,29,471,0.7112526539278131,0.5129893100061232,0.500687297898538,0.08492887473460721,,
0.8,0.45,0.7,20,100,point_rogan_gladen,500,29,471,,,,,-0.037575549008670016,0.28918876860265
0.8,0.45,0.7,20,1000,judgy,500,22,478,0.9288702928870293,0.783584971913478,0.8406328358004136,0.0780836820083682,,
0.8,0.45,0.7,20,1000,skill,500,22,478,0.9560669456066946,0.8673196261732469,1.0,0.0780836820083682,,
0.8,0.45,0.7,20,1000,repo,500,22,478,0.9602510460251046,0.8735232103245039,1.0,0.0780836820083682,,
0.8,0.45,0.7,20,1000,stratified,500,22,478,0.9476987447698745,0.8547323146464113,1.0,0.0780836820083682,,
0.8,0.45,0.7,20,1000,lang_reiczigel,500,22,478,0.9937238493723849,0.8015019526114403,0.8070358998997961,0.0780836820083682,,
0.8,0.45,0.7,20,1000,wilson_known,500,22,478,0.3263598326359833,0.18021601121591946,0.1598065531644191,0.0780836820083682,,
0.8,0.45,0.7,20,1000,point_rogan_gladen,500,22,478,,,,,-0.035871171366987364,0.25668338692090065
0.8,0.45,0.7,50,100,judgy,500,2,498,0.821285140562249,0.624720189293074,0.6001070482373341,0.02454116465863454,,
0.8,0.45,0.7,50,100,skill,500,2,498,0.8614457831325302,0.700217047859286,0.6831965292813784,0.02454116465863454,,
0.8,0.45,0.7,50,100,repo,500,2,498,0.9658634538152611,0.8174228426348609,0.8874465372267317,0.02454116465863454,,
0.8,0.45,0.7,50,100,stratified,500,2,498,0.9578313253012049,0.8086551771486087,0.8596455627705621,0.02454116465863454,,
0.8,0.45,0.7,50,100,lang_reiczigel,500,2,498,0.9879518072289156,0.7910304590767864,0.8036332011285021,0.02454116465863454,,
0.8,0.45,0.7,50,100,wilson_known,500,2,498,0.8152610441767069,0.585666143628691,0.573242928054174,0.02454116465863454,,
0.8,0.45,0.7,50,100,point_rogan_gladen,500,2,498,,,,,-0.02808575749309608,0.25773219362748917
0.8,0.45,0.7,50,1000,judgy,500,1,499,0.905811623246493,0.658129311065015,0.6297599999999997,0.02277254509018036,,
0.8,0.45,0.7,50,1000,skill,500,1,499,0.9278557114228457,0.7099108778059231,0.6809732766976317,0.02277254509018036,,
0.8,0.45,0.7,50,1000,repo,500,1,499,0.9418837675350702,0.7288718727499977,0.7181869766759288,0.02277254509018036,,
0.8,0.45,0.7,50,1000,stratified,500,1,499,0.9458917835671342,0.7162860521428788,0.7,0.02277254509018036,,
0.8,0.45,0.7,50,1000,lang_reiczigel,500,1,499,0.9839679358717435,0.6592981245344789,0.6280555915903541,0.02277254509018036,,
0.8,0.45,0.7,50,1000,wilson_known,500,1,499,0.44288577154308617,0.21410584519379777,0.1987020128705005,0.02277254509018036,,
0.8,0.45,0.7,50,1000,point_rogan_gladen,500,1,499,,,,,-0.01106218399025805,0.20523770883946346
0.8,0.45,0.7,100,100,judgy,500,0,500,0.77,0.48098893473169363,0.4651370937631061,0.003359,,
0.8,0.45,0.7,100,100,skill,500,0,500,0.784,0.4962082678905296,0.4724286630260942,0.003359,,
0.8,0.45,0.7,100,100,repo,500,0,500,0.956,0.7219561331072823,0.7229019365711781,0.003359,,
0.8,0.45,0.7,100,100,stratified,500,0,500,0.962,0.7229761449563276,0.7222701149425286,0.003359,,
0.8,0.45,0.7,100,100,lang_reiczigel,500,0,500,0.98,0.7162341423350993,0.7045142882718498,0.003359,,
0.8,0.45,0.7,100,100,wilson_known,500,0,500,0.912,0.601311310563765,0.6042777733258219,0.003359,,
0.8,0.45,0.7,100,100,point_rogan_gladen,500,0,500,,,,,-0.0036105838265349088,0.20050228342641185
0.8,0.45,0.7,100,1000,judgy,500,0,500,0.934,0.5107096937986496,0.4841916242865916,0.0033610000000000003,,
0.8,0.45,0.7,100,1000,skill,500,0,500,0.946,0.5298514709473213,0.4971306008734936,0.0033610000000000003,,
0.8,0.45,0.7,100,1000,repo,500,0,500,0.958,0.5650246898158557,0.5306371687955809,0.0033610000000000003,,
0.8,0.45,0.7,100,1000,stratified,500,0,500,0.954,0.5631838004723781,0.5327650048480934,0.0033610000000000003,,
0.8,0.45,0.7,100,1000,lang_reiczigel,500,0,500,0.976,0.5282781748198209,0.5032887749789103,0.0033610000000000003,,
0.8,0.45,0.7,100,1000,wilson_known,500,0,500,0.568,0.21749855777520577,0.2060613466805195,0.0033610000000000003,,
0.8,0.45,0.7,100,1000,point_rogan_gladen,500,0,500,,,,,0.0038314829828526636,0.14978259851100378
0.8,0.45,0.7,200,100,judgy,500,0,500,0.572,0.33775584815954346,0.3378148612157867,8.400000000000001e-05,,
0.8,0.45,0.7,200,100,skill,500,0,500,0.584,0.3383003654923541,0.337703310723097,8.400000000000001e-05,,
0.8,0.45,0.7,200,100,repo,500,0,500,0.95,0.6544718395913476,0.6656068693882039,8.400000000000001e-05,,
0.8,0.45,0.7,200,100,stratified,500,0,500,0.944,0.6536375569484064,0.6666666666666665,8.400000000000001e-05,,
0.8,0.45,0.7,200,100,lang_reiczigel,500,0,500,0.964,0.659301510820808,0.6677280328783508,8.400000000000001e-05,,
0.8,0.45,0.7,200,100,wilson_known,500,0,500,0.916,0.5941640671923769,0.6047333995458728,8.400000000000001e-05,,
0.8,0.45,0.7,200,100,point_rogan_gladen,500,0,500,,,,,-0.006148299735364859,0.2072930775986572
0.8,0.45,0.7,200,1000,judgy,500,0,500,0.918,0.3686455858989472,0.3553269481953102,2.6000000000000002e-05,,
0.8,0.45,0.7,200,1000,skill,500,0,500,0.916,0.3684696632053831,0.35502120498334944,2.6000000000000002e-05,,
0.8,0.45,0.7,200,1000,repo,500,0,500,0.96,0.4263527064561441,0.4114504704893225,2.6000000000000002e-05,,
0.8,0.45,0.7,200,1000,stratified,500,0,500,0.962,0.42538749092512446,0.41010536700439193,2.6000000000000002e-05,,
0.8,0.45,0.7,200,1000,lang_reiczigel,500,0,500,0.972,0.41139192960283705,0.39988226843063135,2.6000000000000002e-05,,
0.8,0.45,0.7,200,1000,wilson_known,500,0,500,0.708,0.22285252765437116,0.2142360883673478,2.6000000000000002e-05,,
0.8,0.45,0.7,200,1000,point_rogan_gladen,500,0,500,,,,,0.0015737183336239939,0.1104010211438226
0.8,0.45,0.9,10,100,judgy,500,72,428,0.852803738317757,0.7502936009697326,0.7872804054054052,0.12388096033998308,,
0.8,0.45,0.9,10,100,skill,500,72,428,0.8691588785046729,0.9005867775083896,1.0,0.12388096033998308,,
0.8,0.45,0.9,10,100,repo,500,72,428,0.8691588785046729,0.9162797400520062,1.0,0.12388096033998308,,
0.8,0.45,0.9,10,100,stratified,500,72,428,0.8691588785046729,0.8797275928089303,1.0,0.12388096033998308,,
0.8,0.45,0.9,10,100,lang_reiczigel,500,72,428,0.9953271028037384,0.8591472593431738,0.9528650181748972,0.12388096033998308,,
0.8,0.45,0.9,10,100,wilson_known,500,72,428,0.514018691588785,0.376108396677432,0.36901178383285993,0.12388096033998308,,
0.8,0.45,0.9,10,100,point_rogan_gladen,500,72,428,,,,,-0.14839730752113933,0.3152114958368079
0.8,0.45,0.9,10,1000,judgy,500,94,406,0.8620689655172413,0.750489258743574,0.8068645833333326,0.12814285714285714,,
0.8,0.45,0.9,10,1000,skill,500,94,406,0.8645320197044335,0.8827146097626928,1.0,0.12814285714285714,,
0.8,0.45,0.9,10,1000,repo,500,94,406,0.8645320197044335,0.8828637412756218,1.0,0.12814285714285714,,
0.8,0.45,0.9,10,1000,stratified,500,94,406,0.8645320197044335,0.8590955850731096,1.0,0.12814285714285714,,
0.8,0.45,0.9,10,1000,lang_reiczigel,500,94,406,0.9975369458128078,0.8282049474388995,0.9038287197803225,0.12814285714285714,,
0.8,0.45,0.9,10,1000,wilson_known,500,94,406,0.2660098522167488,0.1275581580673354,0.12432662043078208,0.12814285714285714,,
0.8,0.45,0.9,10,1000,point_rogan_gladen,500,94,406,,,,,-0.1382722261318321,0.29608232829223463
0.8,0.45,0.9,20,100,judgy,500,37,463,0.9049676025917927,0.6644785807316702,0.664284188034188,0.09049244060475163,,
0.8,0.45,0.9,20,100,skill,500,37,463,0.9330453563714903,0.8263918149921778,1.0,0.09049244060475163,,
0.8,0.45,0.9,20,100,repo,500,37,463,0.9546436285097192,0.8646051344406039,1.0,0.09049244060475163,,
0.8,0.45,0.9,20,100,stratified,500,37,463,0.9438444924406048,0.8455218370392505,1.0,0.09049244060475163,,
0.8,0.45,0.9,20,100,lang_reiczigel,500,37,463,0.980561555075594,0.8105772044658439,0.9146709980719883,0.09049244060475163,,
0.8,0.45,0.9,20,100,wilson_known,500,37,463,0.6349892008639308,0.42513239873575714,0.41352526982164195,0.09049244060475163,,
0.8,0.45,0.9,20,100,point_rogan_gladen,500,37,463,,,,,-0.09915267477902469,0.2479023410577525
0.8,0.45,0.9,20,1000,judgy,500,32,468,0.9294871794871795,0.6565793291026271,0.6311671596134916,0.08433119658119657,,
0.8,0.45,0.9,20,1000,skill,500,32,468,0.9423076923076923,0.8260514526484027,1.0,0.08433119658119657,,
0.8,0.45,0.9,20,1000,repo,500,32,468,0.9423076923076923,0.8261311477310816,1.0,0.08433119658119657,,
0.8,0.45,0.9,20,1000,stratified,500,32,468,0.9401709401709402,0.8064947496721239,1.0,0.08433119658119657,,
0.8,0.45,0.9,20,1000,lang_reiczigel,500,32,468,0.9807692307692307,0.7455490836917178,0.7250486129612791,0.08433119658119657,,
0.8,0.45,0.9,20,1000,wilson_known,500,32,468,0.21367521367521367,0.12031306250977508,0.11983518497986745,0.08433119658119657,,
0.8,0.45,0.9,20,1000,point_rogan_gladen,500,32,468,,,,,-0.07741738200071534,0.22757592474305868
0.8,0.45,0.9,50,100,judgy,500,4,496,0.8709677419354839,0.4444697276715328,0.4090851696867324,0.02749798387096774,,
0.8,0.45,0.9,50,100,skill,500,4,496,0.9193548387096774,0.582521345222479,0.5039967034607186,0.02749798387096774,,
0.8,0.45,0.9,50,100,repo,500,4,496,0.9576612903225806,0.6911310111048542,0.679535602487289,0.02749798387096774,,
0.8,0.45,0.9,50,100,stratified,500,4,496,0.9495967741935484,0.6776941731192916,0.6561398237179491,0.02749798387096774,,
0.8,0.45,0.9,50,100,lang_reiczigel,500,4,496,0.9556451612903226,0.6768172308657497,0.6471392732806766,0.02749798387096774,,
0.8,0.45,0.9,50,100,wilson_known,500,4,496,0.7883064516129032,0.42668707491763375,0.42309929261974044,0.02749798387096774,,
0.8,0.45,0.9,50,100,point_rogan_gladen,500,4,496,,,,,-0.04578167248953041,0.18508377797335446
0.8,0.45,0.9,50,1000,judgy,500,2,498,0.9317269076305221,0.47098343131668224,0.44071416645541656,0.025343373493975904,,
0.8,0.45,0.9,50,1000,skill,500,2,498,0.9518072289156626,0.5905950089019475,0.5032291238213049,0.025343373493975904,,
0.8,0.45,0.9,50,1000,repo,500,2,498,0.9538152610441767,0.603820103667939,0.5180911634698897,0.025343373493975904,,
0.8,0.45,0.9,50,1000,stratified,500,2,498,0.9538152610441767,0.585745691832641,0.5085405219780217,0.025343373493975904,,
0.8,0.45,0.9,50,1000,lang_reiczigel,500,2,498,0.9658634538152611,0.5671930787855978,0.5156956156049866,0.025343373493975904,,
0.8,0.45,0.9,50,1000,wilson_known,500,2,498,0.36947791164658633,0.14086285754839345,0.15240000032216544,0.025343373493975904,,
0.8,0.45,0.9,50,1000,point_rogan_gladen,500,2,498,,,,,-0.036902184743089664,0.14786576116216388
0.8,0.45,0.9,100,100,judgy,500,0,500,0.828,0.3306559501656162,0.33037348188611915,0.003036,,
0.8,0.45,0.9,100,100,skill,500,0,500,0.834,0.3509472158214204,0.3433160187138605,0.003036,,
0.8,0.45,0.9,100,100,repo,500,0,500,0.954,0.5401218191141797,0.5312217587214156,0.003036,,
0.8,0.45,0.9,100,100,stratified,500,0,500,0.952,0.5359725319577326,0.5307790988735916,0.003036,,
0.8,0.45,0.9,100,100,lang_reiczigel,500,0,500,0.97,0.5690935534041495,0.5627377252155796,0.003036,,
0.8,0.45,0.9,100,100,wilson_known,500,0,500,0.864,0.44157734626190803,0.45746557968955004,0.003036,,
0.8,0.45,0.9,100,100,point_rogan_gladen,500,0,500,,,,,-0.037595160421500864,0.15674162236674305
0.8,0.45,0.9,100,1000,judgy,500,0,500,0.942,0.3447091640324249,0.3382600716015521,0.0033110000000000006,,
0.8,0.45,0.9,100,1000,skill,500,0,500,0.952,0.3700688958552375,0.34716243788296025,0.0033110000000000006,,
0.8,0.45,0.9,100,1000,repo,500,0,500,0.96,0.39466655019110675,0.37186950775347527,0.0033110000000000006,,
0.8,0.45,0.9,100,1000,stratified,500,0,500,0.958,0.3886385215637973,0.36717747533796136,0.0033110000000000006,,
0.8,0.45,0.9,100,1000,lang_reiczigel,500,0,500,0.974,0.41245105718124836,0.3953709245874926,0.0033110000000000006,,
0.8,0.45,0.9,100,1000,wilson_known,500,0,500,0.506,0.15190740993529125,0.1641362635424135,0.0033110000000000006,,
0.8,0.45,0.9,100,1000,point_rogan_gladen,500,0,500,,,,,-0.021380554808946545,0.11251697091527836
0.8,0.45,0.9,200,100,judgy,500,0,500,0.706,0.2463339432829749,0.26349771586070897,2.5e-05,,
0.8,0.45,0.9,200,100,skill,500,0,500,0.708,0.2462848528962322,0.26187373626285154,2.5e-05,,
0.8,0.45,0.9,200,100,repo,500,0,500,0.93,0.47609754525536957,0.4704646818422972,2.5e-05,,
0.8,0.45,0.9,200,100,stratified,500,0,500,0.928,0.4775134968750452,0.4702372994652403,2.5e-05,,
0.8,0.45,0.9,200,100,lang_reiczigel,500,0,500,0.956,0.5098389068099517,0.5016597235366174,2.5e-05,,
0.8,0.45,0.9,200,100,wilson_known,500,0,500,0.9,0.44846306846492506,0.45124370576209527,2.5e-05,,
0.8,0.45,0.9,200,100,point_rogan_gladen,500,0,500,,,,,-0.034352426853785534,0.1476249625641343
0.8,0.45,0.9,200,1000,judgy,500,0,500,0.932,0.25919180330496605,0.2658873272506938,7.6e-05,,
0.8,0.45,0.9,200,1000,skill,500,0,500,0.928,0.25959061452477156,0.26854579496918907,7.6e-05,,
0.8,0.45,0.9,200,1000,repo,500,0,500,0.946,0.2902663635766168,0.29666250060037663,7.6e-05,,
0.8,0.45,0.9,200,1000,stratified,500,0,500,0.946,0.2904155106939989,0.2961475984913483,7.6e-05,,
0.8,0.45,0.9,200,1000,lang_reiczigel,500,0,500,0.962,0.31281251685682704,0.31540084814463765,7.6e-05,,
0.8,0.45,0.9,200,1000,wilson_known,500,0,500,0.636,0.15802484293206867,0.17375924325260655,7.6e-05,,
0.8,0.45,0.9,200,1000,point_rogan_gladen,500,0,500,,,,,-0.002716571723032045,0.08900893344341536
0.8,0.55,0.1,10,100,judgy,500,29,471,0.9299363057324841,0.6490594044045221,0.6121248221906118,0.09137908763298848,,
0.8,0.55,0.1,10,100,skill,500,29,471,0.9469214437367304,0.8183447748368525,1.0,0.09137908763298848,,
0.8,0.55,0.1,10,100,repo,500,29,471,0.9575371549893843,0.8383231274604822,1.0,0.09137908763298848,,
0.8,0.55,0.1,10,100,stratified,500,29,471,0.940552016985138,0.8117137759916422,0.9824999999999974,0.09137908763298848,,
0.8,0.55,0.1,10,100,lang_reiczigel,500,29,471,0.9384288747346072,0.8491255017321829,0.9469805537036888,0.09137908763298848,,
0.8,0.55,0.1,10,100,wilson_known,500,29,471,0.4840764331210191,0.30230663272135205,0.31961526126969236,0.09137908763298848,,
0.8,0.55,0.1,10,100,point_rogan_gladen,500,29,471,,,,,0.10594648333501837,0.25773395940750204
0.8,0.55,0.1,10,1000,judgy,500,37,463,0.937365010799136,0.6436155511201409,0.610424357923497,0.08445378250680416,,
0.8,0.55,0.1,10,1000,skill,500,37,463,0.9632829373650108,0.8057757057067031,1.0,0.08445378250680416,,
0.8,0.55,0.1,10,1000,repo,500,37,463,0.9654427645788337,0.8064566024892411,1.0,0.08445378250680416,,
0.8,0.55,0.1,10,1000,stratified,500,37,463,0.958963282937365,0.782853844406733,0.9302500000000001,0.08445378250680416,,
0.8,0.55,0.1,10,1000,lang_reiczigel,500,37,463,0.9244060475161987,0.8152666316216421,0.8621075049606748,0.08445378250680416,,
0.8,0.55,0.1,10,1000,wilson_known,500,37,463,0.12311015118790497,0.09264819029403264,0.10281973636570982,0.08445378250680416,,
0.8,0.55,0.1,10,1000,point_rogan_gladen,500,37,463,,,,,0.0938762556138366,0.2336512649644668
0.8,0.55,0.1,20,100,judgy,500,5,495,0.9272727272727272,0.5159100594342987,0.4806206896551723,0.03701313131313132,,
0.8,0.55,0.1,20,100,skill,500,5,495,0.9494949494949495,0.6626129607584788,0.5875652173913047,0.03701313131313132,,
0.8,0.55,0.1,20,100,repo,500,5,495,0.9696969696969697,0.7148549770696876,0.6974936708860756,0.03701313131313132,,
0.8,0.55,0.1,20,100,stratified,500,5,495,0.9595959595959596,0.6941449273196598,0.6497222222222214,0.03701313131313132,,
0.8,0.55,0.1,20,100,lang_reiczigel,500,5,495,0.9494949494949495,0.7330103390280202,0.7102146321132078,0.03701313131313132,,
0.8,0.55,0.1,20,100,wilson_known,500,5,495,0.6343434343434343,0.32059741876683073,0.34429738370807544,0.03701313131313132,,
0.8,0.55,0.1,20,100,point_rogan_gladen,500,5,495,,,,,0.0675654368078611,0.19697908005627465
0.8,0.55,0.1,20,1000,judgy,500,4,496,0.9516129032258065,0.5078279754656387,0.4790809189018181,0.03909274193548387,,
0.8,0.55,0.1,20,1000,skill,500,4,496,0.9657258064516129,0.6594632359192424,0.5790781656199044,0.03909274193548387,,
0.8,0.55,0.1,20,1000,repo,500,4,496,0.9657258064516129,0.6670827369234075,0.585925048754063,0.03909274193548387,,
0.8,0.55,0.1,20,1000,stratified,500,4,496,0.9616935483870968,0.6396828922848026,0.5637549242424242,0.03909274193548387,,
0.8,0.55,0.1,20,1000,lang_reiczigel,500,4,496,0.9455645161290323,0.6803489307183517,0.6234161411936373,0.03909274193548387,,
0.8,0.55,0.1,20,1000,wilson_known,500,4,496,0.2318548387096774,0.09943061188197737,0.11245983796272821,0.03909274193548387,,
0.8,0.55,0.1,20,1000,point_rogan_gladen,500,4,496,,,,,0.039160584263406864,0.1591710607154443
0.8,0.55,0.1,50,100,judgy,500,0,500,0.846,0.35669598219036924,0.3643809643414835,0.0032389999999999997,,
0.8,0.55,0.1,50,100,skill,500,0,500,0.876,0.3820528832903749,0.3714021432496827,0.0032389999999999997,,
0.8,0.55,0.1,50,100,repo,500,0,500,0.942,0.4968735165136668,0.48002362204724414,0.0032389999999999997,,
0.8,0.55,0.1,50,100,stratified,500,0,500,0.942,0.4892135152157928,0.48039423076923093,0.0032389999999999997,,
0.8,0.55,0.1,50,100,lang_reiczigel,500,0,500,0.94,0.5500282705720702,0.5285964465128503,0.0032389999999999997,,
0.8,0.55,0.1,50,100,wilson_known,500,0,500,0.746,0.3347184595202765,0.3604370425799921,0.0032389999999999997,,
0.8,0.55,0.1,50,100,point_rogan_gladen,500,0,500,,,,,0.04534715988238341,0.15668879579741657
0.8,0.55,0.1,50,1000,judgy,500,0,500,0.946,0.3733666524353091,0.38067059098577344,0.003921,,
0.8,0.55,0.1,50,1000,skill,500,0,500,0.958,0.3998277272147098,0.38788170678436407,0.003921,,
0.8,0.55,0.1,50,1000,repo,500,0,500,0.954,0.4120170092578545,0.39867912155339613,0.003921,,
0.8,0.55,0.1,50,1000,stratified,500,0,500,0.954,0.40824500943669184,0.3982499999999997,0.003921,,
0.8,0.55,0.1,50,1000,lang_reiczigel,500,0,500,0.96,0.46637809607816993,0.4504529526234136,0.003921,,
0.8,0.55,0.1,50,1000,wilson_known,500,0,500,0.388,0.12025313274250975,0.14049675527146316,0.003921,,
0.8,0.55,0.1,50,1000,point_rogan_gladen,500,0,500,,,,,0.026058293575269058,0.12262489095135316
0.8,0.55,0.1,100,100,judgy,500,0,500,0.816,0.27904228694009203,0.2931300843092922,8.9e-05,,
0.8,0.55,0.1,100,100,skill,500,0,500,0.82,0.27942325387518985,0.29364025902150015,8.9e-05,,
0.8,0.55,0.1,100,100,repo,500,0,500,0.954,0.42265694798471165,0.4231545657924418,8.9e-05,,
0.8,0.55,0.1,100,100,stratified,500,0,500,0.948,0.4239038751852337,0.4226748251748247,8.9e-05,,
0.8,0.55,0.1,100,100,lang_reiczigel,500,0,500,0.958,0.45740950479225095,0.4516360887500409,8.9e-05,,
0.8,0.55,0.1,100,100,wilson_known,500,0,500,0.858,0.3475375797027739,0.36603997335836,8.9e-05,,
0.8,0.55,0.1,100,100,point_rogan_gladen,500,0,500,,,,,0.025416830500898584,0.13424451547210806
0.8,0.55,0.1,100,1000,judgy,500,0,500,0.916,0.28922542401577017,0.30588349192314734,5.9999999999999995e-05,,
0.8,0.55,0.1,100,1000,skill,500,0,500,0.92,0.289512795962548,0.30672004782888274,5.9999999999999995e-05,,
0.8,0.55,0.1,100,1000,repo,500,0,500,0.936,0.3071122011116726,0.3220249652532841,5.9999999999999995e-05,,
0.8,0.55,0.1,100,1000,stratified,500,0,500,0.934,0.3066716571082127,0.3233417366946779,5.9999999999999995e-05,,
0.8,0.55,0.1,100,1000,lang_reiczigel,500,0,500,0.944,0.3450891237961927,0.35084557307839176,5.9999999999999995e-05,,
0.8,0.55,0.1,100,1000,wilson_known,500,0,500,0.474,0.12597907074484388,0.14721218154993174,5.9999999999999995e-05,,
0.8,0.55,0.1,100,1000,point_rogan_gladen,500,0,500,,,,,0.014242185683879503,0.10479326685603617
0.8,0.55,0.1,200,100,judgy,500,0,500,0.688,0.21731856487278547,0.24179487266898025,0.0,,
0.8,0.55,0.1,200,100,skill,500,0,500,0.702,0.21799593246589388,0.24020108469895413,0.0,,
0.8,0.55,0.1,200,100,repo,500,0,500,0.956,0.4059900440622192,0.40531652485866304,0.0,,
0.8,0.55,0.1,200,100,stratified,500,0,500,0.946,0.4061031677288424,0.4071144222522832,0.0,,
0.8,0.55,0.1,200,100,lang_reiczigel,500,0,500,0.95,0.41971119182895666,0.42100495410397754,0.0,,
0.8,0.55,0.1,200,100,wilson_known,500,0,500,0.894,0.36290775570031986,0.3731360712216719,0.0,,
0.8,0.55,0.1,200,100,point_rogan_gladen,500,0,500,,,,,0.029731680102967492,0.13473123728267739
0.8,0.55,0.1,200,1000,judgy,500,0,500,0.922,0.2379060948433555,0.2513471152853829,0.0,,
0.8,0.55,0.1,200,1000,skill,500,0,500,0.918,0.2380974484956367,0.2485271300211317,0.0,,
0.8,0.55,0.1,200,1000,repo,500,0,500,0.958,0.26311714116839835,0.2742201186121847,0.0,,
0.8,0.55,0.1,200,1000,stratified,500,0,500,0.954,0.26267015654091647,0.271951767866922,0.0,,
0.8,0.55,0.1,200,1000,lang_reiczigel,500,0,500,0.968,0.28064818329062924,0.2896366279227129,0.0,,
0.8,0.55,0.1,200,1000,wilson_known,500,0,500,0.64,0.13941303872383942,0.15659635693827947,0.0,,
0.8,0.55,0.1,200,1000,point_rogan_gladen,500,0,500,,,,,0.006495906576477301,0.08203063656691027
0.8,0.55,0.3,10,100,judgy,500,41,459,0.9128540305010894,0.7340390535950374,0.7292307692307695,0.08573202614379084,,
0.8,0.55,0.3,10,100,skill,500,41,459,0.9433551198257081,0.8366663539349382,1.0,0.08573202614379084,,
0.8,0.55,0.3,10,100,repo,500,41,459,0.9564270152505446,0.8562173136604004,1.0,0.08573202614379084,,
0.8,0.55,0.3,10,100,stratified,500,41,459,0.9498910675381264,0.8388997475533424,1.0,0.08573202614379084,,
0.8,0.55,0.3,10,100,lang_reiczigel,500,41,459,0.9586056644880174,0.8743641152207114,0.9930332526964046,0.08573202614379084,,
0.8,0.55,0.3,10,100,wilson_known,500,41,459,0.5838779956427015,0.3930833469343985,0.37862513850905444,0.08573202614379084,,
0.8,0.55,0.3,10,100,point_rogan_gladen,500,41,459,,,,,0.03555788982259572,0.2793686395969878
0.8,0.55,0.3,10,1000,judgy,500,37,463,0.9416846652267818,0.7793198885913398,0.8250000000000004,0.09788564962826986,,
0.8,0.55,0.3,10,1000,skill,500,37,463,0.9632829373650108,0.8631152203413675,1.0,0.09788564962826986,,
0.8,0.55,0.3,10,1000,repo,500,37,463,0.9654427645788337,0.8664726594229388,1.0,0.09788564962826986,,
0.8,0.55,0.3,10,1000,stratified,500,37,463,0.9611231101511879,0.8505903853406013,1.0,0.09788564962826986,,
0.8,0.55,0.3,10,1000,lang_reiczigel,500,37,463,0.9676025917926566,0.8713515542383963,0.9573953429868592,0.09788564962826986,,
0.8,0.55,0.3,10,1000,wilson_known,500,37,463,0.18142548596112312,0.13220267439992142,0.12332657383326273,0.09788564962826986,,
0.8,0.55,0.3,10,1000,point_rogan_gladen,500,37,463,,,,,0.025065566183276808,0.2662123977779531
0.8,0.55,0.3,20,100,judgy,500,8,492,0.9105691056910569,0.6500977488613338,0.629913921404682,0.040755081300813005,,
0.8,0.55,0.3,20,100,skill,500,8,492,0.9532520325203252,0.7497507079567007,0.7332962639965541,0.040755081300813005,,
0.8,0.55,0.3,20,100,repo,500,8,492,0.967479674796748,0.8038737681997219,0.8412929722881323,0.040755081300813005,,
0.8,0.55,0.3,20,100,stratified,500,8,492,0.9654471544715447,0.7846208238426791,0.8,0.040755081300813005,,
0.8,0.55,0.3,20,100,lang_reiczigel,500,8,492,0.9776422764227642,0.7973423750389786,0.7923164453121976,0.040755081300813005,,
0.8,0.55,0.3,20,100,wilson_known,500,8,492,0.6991869918699187,0.421806590444203,0.42211401383560654,0.040755081300813005,,
0.8,0.55,0.3,20,100,point_rogan_gladen,500,8,492,,,,,-0.005981594624887268,0.22005359132208643
0.8,0.55,0.3,20,1000,judgy,500,6,494,0.9352226720647774,0.6936647949706028,0.6812820067721637,0.041851214574898786,,
0.8,0.55,0.3,20,1000,skill,500,6,494,0.9696356275303644,0.7845380180861194,0.8235322821189999,0.041851214574898786,,
0.8,0.55,0.3,20,1000,repo,500,6,494,0.9696356275303644,0.79130677542999,0.8286832108047247,0.041851214574898786,,
0.8,0.55,0.3,20,1000,stratified,500,6,494,0.9676113360323887,0.7719662780907908,0.7738353174603172,0.041851214574898786,,
0.8,0.55,0.3,20,1000,lang_reiczigel,500,6,494,0.9615384615384616,0.7635662483578567,0.766155339357526,0.041851214574898786,,
0.8,0.55,0.3,20,1000,wilson_known,500,6,494,0.2651821862348178,0.15031113565574905,0.153178012840155,0.041851214574898786,,
0.8,0.55,0.3,20,1000,point_rogan_gladen,500,6,494,,,,,0.005261177868465371,0.21931527613789562
0.8,0.55,0.3,50,100,judgy,500,0,500,0.844,0.5039293112155552,0.4904206122574306,0.004596,,
0.8,0.55,0.3,50,100,skill,500,0,500,0.85,0.523863774807139,0.495532065303647,0.004596,,
0.8,0.55,0.3,50,100,repo,500,0,500,0.956,0.6699894666035433,0.658164760557801,0.004596,,
0.8,0.55,0.3,50,100,stratified,500,0,500,0.952,0.6657236253079416,0.6544888035305654,0.004596,,
0.8,0.55,0.3,50,100,lang_reiczigel,500,0,500,0.976,0.6736489479178185,0.6630930458007589,0.004596,,
0.8,0.55,0.3,50,100,wilson_known,500,0,500,0.806,0.4688149564161977,0.4669921926021705,0.004596,,
0.8,0.55,0.3,50,100,point_rogan_gladen,500,0,500,,,,,-0.007929605015069886,0.1980617457889335
0.8,0.55,0.3,50,1000,judgy,500,0,500,0.92,0.5183315481312382,0.4971485051909202,0.0036899999999999997,,
0.8,0.55,0.3,50,1000,skill,500,0,500,0.934,0.5383559403072856,0.5043783499950236,0.0036899999999999997,,
0.8,0.55,0.3,50,1000,repo,500,0,500,0.948,0.5566005024302244,0.5243976305604352,0.0036899999999999997,,
0.8,0.55,0.3,50,1000,stratified,500,0,500,0.94,0.5485077030525561,0.5186071327569489,0.0036899999999999997,,
0.8,0.55,0.3,50,1000,lang_reiczigel,500,0,500,0.932,0.5569009613822641,0.5367946446595506,0.0036899999999999997,,
0.8,0.55,0.3,50,1000,wilson_known,500,0,500,0.434,0.16758210210137023,0.1653377661910723,0.0036899999999999997,,
0.8,0.55,0.3,50,1000,point_rogan_gladen,500,0,500,,,,,-0.013502567484193052,0.15812916676744956
0.8,0.55,0.3,100,100,judgy,500,0,500,0.746,0.37946852538092246,0.37625322787750815,6.500000000000001e-05,,
0.8,0.55,0.3,100,100,skill,500,0,500,0.744,0.3794633745778728,0.37536177180047264,6.500000000000001e-05,,
0.8,0.55,0.3,100,100,repo,500,0,500,0.96,0.5918657991269349,0.5932952833424217,6.500000000000001e-05,,
0.8,0.55,0.3,100,100,stratified,500,0,500,0.956,0.592636975003873,0.5903829966329961,6.500000000000001e-05,,
0.8,0.55,0.3,100,100,lang_reiczigel,500,0,500,0.968,0.5936530524142558,0.5850491273360499,6.500000000000001e-05,,
0.8,0.55,0.3,100,100,wilson_known,500,0,500,0.888,0.48248528981337685,0.48472689150648085,6.500000000000001e-05,,
0.8,0.55,0.3,100,100,point_rogan_gladen,500,0,500,,,,,0.0003891140612558308,0.17115544426361162
0.8,0.55,0.3,100,1000,judgy,500,0,500,0.922,0.3983808267096446,0.39370495086592316,5.8e-05,,
0.8,0.55,0.3,100,1000,skill,500,0,500,0.916,0.3990406830249791,0.39391993866738173,5.8e-05,,
0.8,0.55,0.3,100,1000,repo,500,0,500,0.948,0.4276824145209839,0.4220755081451019,5.8e-05,,
0.8,0.55,0.3,100,1000,stratified,500,0,500,0.946,0.4263481750633848,0.4189705180073058,5.8e-05,,
0.8,0.55,0.3,100,1000,lang_reiczigel,500,0,500,0.95,0.42759580763663796,0.4220053189023666,5.8e-05,,
0.8,0.55,0.3,100,1000,wilson_known,500,0,500,0.512,0.17485124387614884,0.17095944859878393,5.8e-05,,
0.8,0.55,0.3,100,1000,point_rogan_gladen,500,0,500,,,,,-0.004769287904738358,0.12394680133730168
0.8,0.55,0.3,200,100,judgy,500,0,500,0.628,0.2792407125811779,0.2795879826083578,0.0,,
0.8,0.55,0.3,200,100,skill,500,0,500,0.628,0.27920003692083734,0.280176227377419,0.0,,
0.8,0.55,0.3,200,100,repo,500,0,500,0.954,0.5474242188953602,0.5575892643664943,0.0,,
0.8,0.55,0.3,200,100,stratified,500,0,500,0.952,0.5472065276518615,0.5607928150239188,0.0,,
0.8,0.55,0.3,200,100,lang_reiczigel,500,0,500,0.962,0.5440345813259944,0.5510960928106623,0.0,,
0.8,0.55,0.3,200,100,wilson_known,500,0,500,0.922,0.4872190894165347,0.49346610031588933,0.0,,
0.8,0.55,0.3,200,100,point_rogan_gladen,500,0,500,,,,,-0.002165289396642439,0.1553927713723701
0.8,0.55,0.3,200,1000,judgy,500,0,500,0.898,0.2979386031485178,0.29844494627036877,0.0,,
0.8,0.55,0.3,200,1000,skill,500,0,500,0.898,0.29806983379583957,0.2975680578116555,0.0,,
0.8,0.55,0.3,200,1000,repo,500,0,500,0.948,0.3432405886565861,0.34332727443231237,0.0,,
0.8,0.55,0.3,200,1000,stratified,500,0,500,0.946,0.3430768013320322,0.34334436058347617,0.0,,
0.8,0.55,0.3,200,1000,lang_reiczigel,500,0,500,0.946,0.3376201895930811,0.33628610361229216,0.0,,
0.8,0.55,0.3,200,1000,wilson_known,500,0,500,0.7,0.1753318932366715,0.17335005832921954,0.0,,
0.8,0.55,0.3,200,1000,point_rogan_gladen,500,0,500,,,,,0.0004970306577178148,0.08866892873415765
0.8,0.55,0.5,10,100,judgy,500,37,463,0.9049676025917927,0.7813580463493384,0.8015999999999991,0.08550227273463946,,
0.8,0.55,0.5,10,100,skill,500,37,463,0.9546436285097192,0.8630991512303385,1.0,0.08550227273463946,,
0.8,0.55,0.5,10,100,repo,500,37,463,0.9697624190064795,0.8859578405381995,1.0,0.08550227273463946,,
0.8,0.55,0.5,10,100,stratified,500,37,463,0.9632829373650108,0.8632830252151256,1.0,0.08550227273463946,,
0.8,0.55,0.5,10,100,lang_reiczigel,500,37,463,0.9956803455723542,0.8735827447459047,0.9534625367258177,0.08550227273463946,,
0.8,0.55,0.5,10,100,wilson_known,500,37,463,0.5658747300215983,0.4136351166767596,0.3756021789552966,0.08550227273463946,,
0.8,0.55,0.5,10,100,point_rogan_gladen,500,37,463,,,,,-0.0027386951900990665,0.29461087023090765
0.8,0.55,0.5,10,1000,judgy,500,39,461,0.9544468546637744,0.8154527837352804,0.86471875,0.08087310195227765,,
0.8,0.55,0.5,10,1000,skill,500,39,461,0.9783080260303688,0.8883021299532399,1.0,0.08087310195227765,,
0.8,0.55,0.5,10,1000,repo,500,39,461,0.9804772234273319,0.8917018814405029,1.0,0.08087310195227765,,
0.8,0.55,0.5,10,1000,stratified,500,39,461,0.9761388286334056,0.8676673787573598,1.0,0.08087310195227765,,
0.8,0.55,0.5,10,1000,lang_reiczigel,500,39,461,0.9978308026030369,0.8561787192012446,0.9132940106225352,0.08087310195227765,,
0.8,0.55,0.5,10,1000,wilson_known,500,39,461,0.26247288503253796,0.15014945520167985,0.14793838166030304,0.08087310195227765,,
0.8,0.55,0.5,10,1000,point_rogan_gladen,500,39,461,,,,,0.0017118410632510671,0.265199829099065
0.8,0.55,0.5,20,100,judgy,500,3,497,0.8853118712273642,0.724352852174312,0.7000000000000004,0.03678269617706237,,
0.8,0.55,0.5,20,100,skill,500,3,497,0.9175050301810865,0.7816586476561087,0.7909999999999999,0.03678269617706237,,
0.8,0.55,0.5,20,100,repo,500,3,497,0.9577464788732394,0.8395598479621585,0.9048962887989208,0.03678269617706237,,
0.8,0.55,0.5,20,100,stratified,500,3,497,0.9517102615694165,0.8276037726722718,0.8666666666666666,0.03678269617706237,,
0.8,0.55,0.5,20,100,lang_reiczigel,500,3,497,0.9758551307847082,0.8101053206489138,0.812334751585313,0.03678269617706237,,
0.8,0.55,0.5,20,100,wilson_known,500,3,497,0.7323943661971831,0.47652531379956736,0.4543543070720362,0.03678269617706237,,
0.8,0.55,0.5,20,100,point_rogan_gladen,500,3,497,,,,,-0.000910991534733949,0.25224626206930134
0.8,0.55,0.5,20,1000,judgy,500,2,498,0.9337349397590361,0.755362716011808,0.7500156636561757,0.043898594377510036,,
0.8,0.55,0.5,20,1000,skill,500,2,498,0.963855421686747,0.806320555997803,0.8584614893073276,0.043898594377510036,,
0.8,0.55,0.5,20,1000,repo,500,2,498,0.9658634538152611,0.812010837407509,0.8554496119993049,0.043898594377510036,,
0.8,0.55,0.5,20,1000,stratified,500,2,498,0.9658634538152611,0.7968614436699518,0.8189583333333337,0.043898594377510036,,
0.8,0.55,0.5,20,1000,lang_reiczigel,500,2,498,0.9859437751004017,0.7682277920765399,0.7589845153985033,0.043898594377510036,,
0.8,0.55,0.5,20,1000,wilson_known,500,2,498,0.3092369477911647,0.1770806814426265,0.16928580996604403,0.043898594377510036,,
0.8,0.55,0.5,20,1000,point_rogan_gladen,500,2,498,,,,,-0.008484331264451746,0.24261949226899585
0.8,0.55,0.5,50,100,judgy,500,2,498,0.8012048192771084,0.5514798245278459,0.5206851229542279,0.003534136546184739,,
0.8,0.55,0.5,50,100,skill,500,2,498,0.8232931726907631,0.564172305259279,0.5300323904444866,0.003534136546184739,,
0.8,0.55,0.5,50,100,repo,500,2,498,0.9477911646586346,0.7265325335039758,0.7003870066982105,0.003534136546184739,,
0.8,0.55,0.5,50,100,stratified,500,2,498,0.9518072289156626,0.7249029136132177,0.7079022617819061,0.003534136546184739,,
0.8,0.55,0.5,50,100,lang_reiczigel,500,2,498,0.963855421686747,0.7011179114352954,0.6866877525903993,0.003534136546184739,,
0.8,0.55,0.5,50,100,wilson_known,500,2,498,0.8313253012048193,0.5092673694921804,0.4882121679188388,0.003534136546184739,,
0.8,0.55,0.5,50,100,point_rogan_gladen,500,2,498,,,,,-0.010784935770693988,0.2044079621404242
0.8,0.55,0.5,50,1000,judgy,500,0,500,0.94,0.5953081332774871,0.5717349733430214,0.003117,,
0.8,0.55,0.5,50,1000,skill,500,0,500,0.946,0.603168400696348,0.5750057362748822,0.003117,,
0.8,0.55,0.5,50,1000,repo,500,0,500,0.956,0.6259850439649558,0.6055847838809244,0.003117,,
0.8,0.55,0.5,50,1000,stratified,500,0,500,0.956,0.6215870178593019,0.5967380059405137,0.003117,,
0.8,0.55,0.5,50,1000,lang_reiczigel,500,0,500,0.972,0.5737236531324531,0.5557121209570297,0.003117,,
0.8,0.55,0.5,50,1000,wilson_known,500,0,500,0.452,0.18129045383769615,0.1676403977813105,0.003117,,
0.8,0.55,0.5,50,1000,point_rogan_gladen,500,0,500,,,,,0.0026215105958003458,0.15422797121379625
0.8,0.55,0.5,100,100,judgy,500,0,500,0.688,0.402827049725798,0.393584484551933,6.900000000000001e-05,,
0.8,0.55,0.5,100,100,skill,500,0,500,0.692,0.40336115618674834,0.39287233870329563,6.900000000000001e-05,,
0.8,0.55,0.5,100,100,repo,500,0,500,0.946,0.6514236393202673,0.6370646465093289,6.900000000000001e-05,,
0.8,0.55,0.5,100,100,stratified,500,0,500,0.946,0.6513797492886834,0.6368351592641096,6.900000000000001e-05,,
0.8,0.55,0.5,100,100,lang_reiczigel,500,0,500,0.958,0.6345824667332455,0.6249191787048852,6.900000000000001e-05,,
0.8,0.55,0.5,100,100,wilson_known,500,0,500,0.898,0.523641300281033,0.5105919016670706,6.900000000000001e-05,,
0.8,0.55,0.5,100,100,point_rogan_gladen,500,0,500,,,,,-0.010120993599391025,0.17968638723374228
0.8,0.55,0.5,100,1000,judgy,500,0,500,0.906,0.41674372890171024,0.39784489449223776,0.00010600000000000002,,
0.8,0.55,0.5,100,1000,skill,500,0,500,0.916,0.4171805935327834,0.39783456733877975,0.00010600000000000002,,
0.8,0.55,0.5,100,1000,repo,500,0,500,0.944,0.45521673348778363,0.43484081814305575,0.00010600000000000002,,
0.8,0.55,0.5,100,1000,stratified,500,0,500,0.94,0.45445150338992557,0.43396155898881533,0.00010600000000000002,,
0.8,0.55,0.5,100,1000,lang_reiczigel,500,0,500,0.956,0.42487030833152517,0.40967669710325344,0.00010600000000000002,,
0.8,0.55,0.5,100,1000,wilson_known,500,0,500,0.608,0.17810888518495885,0.1712450970830874,0.00010600000000000002,,
0.8,0.55,0.5,100,1000,point_rogan_gladen,500,0,500,,,,,-0.004168834991297456,0.10772456500547073
0.8,0.55,0.5,200,100,judgy,500,0,500,0.584,0.27646414061187674,0.2682643829126268,0.0,,
0.8,0.55,0.5,200,100,skill,500,0,500,0.576,0.27654448718792163,0.26845898313883854,0.0,,
0.8,0.55,0.5,200,100,repo,500,0,500,0.958,0.602343028478058,0.5959107702234183,0.0,,
0.8,0.55,0.5,200,100,stratified,500,0,500,0.96,0.6020060059148439,0.5958999156889611,0.0,,
0.8,0.55,0.5,200,100,lang_reiczigel,500,0,500,0.96,0.5872067797884881,0.5832875391582159,0.0,,
0.8,0.55,0.5,200,100,wilson_known,500,0,500,0.936,0.5264970837659482,0.5216696929934688,0.0,,
0.8,0.55,0.5,200,100,point_rogan_gladen,500,0,500,,,,,0.009845183692712454,0.15345906170399765
0.8,0.55,0.5,200,1000,judgy,500,0,500,0.878,0.2747102738699341,0.2667472535923142,0.0,,
0.8,0.55,0.5,200,1000,skill,500,0,500,0.87,0.2742090975884056,0.26712287974310167,0.0,,
0.8,0.55,0.5,200,1000,repo,500,0,500,0.932,0.32847519093253164,0.318946679203201,0.0,,
0.8,0.55,0.5,200,1000,stratified,500,0,500,0.938,0.3283699425097693,0.32058067380472827,0.0,,
0.8,0.55,0.5,200,1000,lang_reiczigel,500,0,500,0.948,0.317554404032723,0.31019415724194954,0.0,,
0.8,0.55,0.5,200,1000,wilson_known,500,0,500,0.716,0.17444696736768817,0.1705951097304926,0.0,,
0.8,0.55,0.5,200,1000,point_rogan_gladen,500,0,500,,,,,-0.001287196701876863,0.0836483151223956
0.8,0.55,0.7,10,100,judgy,500,32,468,0.8547008547008547,0.7308649300425497,0.7489374999999999,0.08318055555555555,,
0.8,0.55,0.7,10,100,skill,500,32,468,0.8846153846153846,0.8311495644489185,1.0,0.08318055555555555,,
0.8,0.55,0.7,10,100,repo,500,32,468,0.9166666666666666,0.8536457542788887,1.0,0.08318055555555555,,
0.8,0.55,0.7,10,100,stratified,500,32,468,0.9166666666666666,0.8267572242572241,1.0,0.08318055555555555,,
0.8,0.55,0.7,10,100,lang_reiczigel,500,32,468,0.9914529914529915,0.8168751872982757,0.8966011859653251,0.08318055555555555,,
0.8,0.55,0.7,10,100,wilson_known,500,32,468,0.5512820512820513,0.3764821670120049,0.3521402476486275,0.08318055555555555,,
0.8,0.55,0.7,10,100,point_rogan_gladen,500,32,468,,,,,-0.038727360602360573,0.2882146255640483
0.8,0.55,0.7,10,1000,judgy,500,23,477,0.870020964360587,0.770661200152418,0.8502999999999993,0.09113002046096423,,
0.8,0.55,0.7,10,1000,skill,500,23,477,0.8867924528301887,0.8660272662554753,1.0,0.09113002046096423,,
0.8,0.55,0.7,10,1000,repo,500,23,477,0.9014675052410901,0.8682031139557307,1.0,0.09113002046096423,,
0.8,0.55,0.7,10,1000,stratified,500,23,477,0.8951781970649895,0.8472336806595454,1.0,0.09113002046096423,,
0.8,0.55,0.7,10,1000,lang_reiczigel,500,23,477,1.0,0.8113478058284737,0.9085153928882721,0.09113002046096423,,
0.8,0.55,0.7,10,1000,wilson_known,500,23,477,0.21174004192872117,0.12930779357236605,0.11517122710664252,0.09113002046096423,,
0.8,0.55,0.7,10,1000,point_rogan_gladen,500,23,477,,,,,-0.04675447572460149,0.28457230167612624
0.8,0.55,0.7,20,100,judgy,500,9,491,0.8757637474541752,0.7018757897560474,0.685239495823425,0.04982077393075356,,
0.8,0.55,0.7,20,100,skill,500,9,491,0.9022403258655805,0.7860282736691132,0.8833076923076906,0.04982077393075356,,
0.8,0.55,0.7,20,100,repo,500,9,491,0.9572301425661914,0.8343059075957729,1.0,0.04982077393075356,,
0.8,0.55,0.7,20,100,stratified,500,9,491,0.9470468431771895,0.8190109654841471,0.9300454545454543,0.04982077393075356,,
0.8,0.55,0.7,20,100,lang_reiczigel,500,9,491,0.9857433808553971,0.7869044211948384,0.8070134619829636,0.04982077393075356,,
0.8,0.55,0.7,20,100,wilson_known,500,9,491,0.6945010183299389,0.45672159683412794,0.4381013856612205,0.04982077393075356,,
0.8,0.55,0.7,20,100,point_rogan_gladen,500,9,491,,,,,-0.020534094780530594,0.24820924312899054
0.8,0.55,0.7,20,1000,judgy,500,4,496,0.9415322580645161,0.7112461176734785,0.7080795875052148,0.04080947580645162,,
0.8,0.55,0.7,20,1000,skill,500,4,496,0.9576612903225806,0.7836323810418335,0.8273445204795207,0.04080947580645162,,
0.8,0.55,0.7,20,1000,repo,500,4,496,0.9637096774193549,0.7875584234354153,0.8350412325174825,0.04080947580645162,,
0.8,0.55,0.7,20,1000,stratified,500,4,496,0.9576612903225806,0.769817027081506,0.7980892857142853,0.04080947580645162,,
0.8,0.55,0.7,20,1000,lang_reiczigel,500,4,496,0.9899193548387096,0.7043881937635563,0.6840600245142037,0.04080947580645162,,
0.8,0.55,0.7,20,1000,wilson_known,500,4,496,0.33064516129032256,0.15110253800252438,0.14219223549857196,0.04080947580645162,,
0.8,0.55,0.7,20,1000,point_rogan_gladen,500,4,496,,,,,-0.012436913221187397,0.21379023540267683
0.8,0.55,0.7,50,100,judgy,500,0,500,0.828,0.508472964309088,0.48020446620171675,0.005058,,
0.8,0.55,0.7,50,100,skill,500,0,500,0.834,0.5313752285676617,0.4899599377529573,0.005058,,
0.8,0.55,0.7,50,100,repo,500,0,500,0.948,0.6767932867631824,0.6557354679377954,0.005058,,
0.8,0.55,0.7,50,100,stratified,500,0,500,0.946,0.6737210508852575,0.6476905726058536,0.005058,,
0.8,0.55,0.7,50,100,lang_reiczigel,500,0,500,0.97,0.6536645033554261,0.6309865889638655,0.005058,,
0.8,0.55,0.7,50,100,wilson_known,500,0,500,0.838,0.4782336997540698,0.4638435397874028,0.005058,,
0.8,0.55,0.7,50,100,point_rogan_gladen,500,0,500,,,,,0.0007669172296448408,0.18156291440965078
0.8,0.55,0.7,50,1000,judgy,500,0,500,0.946,0.5121945539730721,0.49134351950603444,0.003215,,
0.8,0.55,0.7,50,1000,skill,500,0,500,0.944,0.5227765703141974,0.4910513035980903,0.003215,,
0.8,0.55,0.7,50,1000,repo,500,0,500,0.954,0.5435660720008553,0.5089879877398718,0.003215,,
0.8,0.55,0.7,50,1000,stratified,500,0,500,0.95,0.5374447594447432,0.5059298245614035,0.003215,,
0.8,0.55,0.7,50,1000,lang_reiczigel,500,0,500,0.978,0.5076352673223732,0.4915352881349089,0.003215,,
0.8,0.55,0.7,50,1000,wilson_known,500,0,500,0.448,0.16583547083121591,0.1584993633059331,0.003215,,
0.8,0.55,0.7,50,1000,point_rogan_gladen,500,0,500,,,,,0.009209426776422766,0.1402663557222872
0.8,0.55,0.7,100,100,judgy,500,0,500,0.742,0.3650868766689183,0.3527776752964339,0.00014700000000000002,,
0.8,0.55,0.7,100,100,skill,500,0,500,0.74,0.3651475695598914,0.3501969779301848,0.00014700000000000002,,
0.8,0.55,0.7,100,100,repo,500,0,500,0.938,0.5851677963352651,0.5774644774998102,0.00014700000000000002,,
0.8,0.55,0.7,100,100,stratified,500,0,500,0.938,0.5837387687970527,0.5746998663844177,0.00014700000000000002,,
0.8,0.55,0.7,100,100,lang_reiczigel,500,0,500,0.958,0.576452683729644,0.5665946366055226,0.00014700000000000002,,
0.8,0.55,0.7,100,100,wilson_known,500,0,500,0.88,0.48112708797089293,0.47351240224877117,0.00014700000000000002,,
0.8,0.55,0.7,100,100,point_rogan_gladen,500,0,500,,,,,-0.012600730938471881,0.16605474719377158
0.8,0.55,0.7,100,1000,judgy,500,0,500,0.922,0.37700511241626744,0.36590588120309586,4.4999999999999996e-05,,
0.8,0.55,0.7,100,1000,skill,500,0,500,0.918,0.37628399363959963,0.3676355707871296,4.4999999999999996e-05,,
0.8,0.55,0.7,100,1000,repo,500,0,500,0.948,0.40788470216973544,0.3956004983529129,4.4999999999999996e-05,,
0.8,0.55,0.7,100,1000,stratified,500,0,500,0.95,0.40713240105334536,0.39696260497513974,4.4999999999999996e-05,,
0.8,0.55,0.7,100,1000,lang_reiczigel,500,0,500,0.962,0.3933492334364418,0.38617902683288086,4.4999999999999996e-05,,
0.8,0.55,0.7,100,1000,wilson_known,500,0,500,0.596,0.1641643760394837,0.15974807856724788,4.4999999999999996e-05,,
0.8,0.55,0.7,100,1000,point_rogan_gladen,500,0,500,,,,,0.008892136681507132,0.10411448460997268
0.8,0.55,0.7,200,100,judgy,500,0,500,0.61,0.2583459948073892,0.2551990230068988,0.0,,
0.8,0.55,0.7,200,100,skill,500,0,500,0.608,0.2581159894995226,0.254898107450608,0.0,,
0.8,0.55,0.7,200,100,repo,500,0,500,0.95,0.5304708984007216,0.5359420052512636,0.0,,
0.8,0.55,0.7,200,100,stratified,500,0,500,0.952,0.5309876819539489,0.535850495589764,0.0,,
0.8,0.55,0.7,200,100,lang_reiczigel,500,0,500,0.962,0.5289375992396703,0.528943741680611,0.0,,
0.8,0.55,0.7,200,100,wilson_known,500,0,500,0.928,0.477950548820249,0.479968504259681,0.0,,
0.8,0.55,0.7,200,100,point_rogan_gladen,500,0,500,,,,,0.010584162811644926,0.14515923850650858
0.8,0.55,0.7,200,1000,judgy,500,0,500,0.91,0.2670001631971911,0.26367222258411804,0.0,,
0.8,0.55,0.7,200,1000,skill,500,0,500,0.914,0.2670553135959956,0.2626657579428546,0.0,,
0.8,0.55,0.7,200,1000,repo,500,0,500,0.962,0.3140716178803433,0.3097352124680437,0.0,,
0.8,0.55,0.7,200,1000,stratified,500,0,500,0.96,0.31397948588006214,0.3099580220225,0.0,,
0.8,0.55,0.7,200,1000,lang_reiczigel,500,0,500,0.968,0.30676477376587297,0.30213579128683576,0.0,,
0.8,0.55,0.7,200,1000,wilson_known,500,0,500,0.704,0.16491905716951583,0.16291941445446906,0.0,,
0.8,0.55,0.7,200,1000,point_rogan_gladen,500,0,500,,,,,0.0020998696405777418,0.0771725676198317
0.8,0.55,0.9,10,100,judgy,500,29,471,0.8492569002123143,0.6474853484581655,0.650666666666666,0.0896427114831301,,
0.8,0.55,0.9,10,100,skill,500,29,471,0.8577494692144374,0.8088254122966618,1.0,0.0896427114831301,,
0.8,0.55,0.9,10,100,repo,500,29,471,0.861995753715499,0.8309140277168728,1.0,0.0896427114831301,,
0.8,0.55,0.9,10,100,stratified,500,29,471,0.8598726114649682,0.7928162871128636,1.0,0.0896427114831301,,
0.8,0.55,0.9,10,100,lang_reiczigel,500,29,471,0.9787685774946921,0.7738598320555595,0.8646290914265086,0.0896427114831301,,
0.8,0.55,0.9,10,100,wilson_known,500,29,471,0.47558386411889597,0.3148154709799773,0.2993426577470881,0.0896427114831301,,
0.8,0.55,0.9,10,100,point_rogan_gladen,500,29,471,,,,,-0.10472550803761,0.2480105868610657
0.8,0.55,0.9,10,1000,judgy,500,43,457,0.862144420131291,0.6635120062330686,0.6328749999999995,0.08517636553506512,,
0.8,0.55,0.9,10,1000,skill,500,43,457,0.862144420131291,0.8024734402863148,1.0,0.08517636553506512,,
0.8,0.55,0.9,10,1000,repo,500,43,457,0.862144420131291,0.8073622847489372,1.0,0.08517636553506512,,
0.8,0.55,0.9,10,1000,stratified,500,43,457,0.862144420131291,0.7608748597652045,1.0,0.08517636553506512,,
0.8,0.55,0.9,10,1000,lang_reiczigel,500,43,457,1.0,0.7188612063004328,0.7023035878089369,0.08517636553506512,,
0.8,0.55,0.9,10,1000,wilson_known,500,43,457,0.24726477024070023,0.10567403040353826,0.10140529137747034,0.08517636553506512,,
0.8,0.55,0.9,10,1000,point_rogan_gladen,500,43,457,,,,,-0.10474380882914804,0.23330170625224103
0.8,0.55,0.9,20,100,judgy,500,7,493,0.9127789046653144,0.5226310206498399,0.47946755725190804,0.04743103448275862,,
0.8,0.55,0.9,20,100,skill,500,7,493,0.9350912778904665,0.6917478725587631,0.6867609448818903,0.04743103448275862,,
0.8,0.55,0.9,20,100,repo,500,7,493,0.9574036511156186,0.7398213997461562,0.7883157142857145,0.04743103448275862,,
0.8,0.55,0.9,20,100,stratified,500,7,493,0.9553752535496958,0.7164742034189147,0.7250000000000003,0.04743103448275862,,
0.8,0.55,0.9,20,100,lang_reiczigel,500,7,493,0.9716024340770791,0.6828105762455116,0.6525603605114264,0.04743103448275862,,
0.8,0.55,0.9,20,100,wilson_known,500,7,493,0.6206896551724138,0.3205654273783262,0.321605838397251,0.04743103448275862,,
0.8,0.55,0.9,20,100,point_rogan_gladen,500,7,493,,,,,-0.047017679188064605,0.17299036522703506
0.8,0.55,0.9,20,1000,judgy,500,6,494,0.9251012145748988,0.5162775288357112,0.46619630142405083,0.04469433198380566,,
0.8,0.55,0.9,20,1000,skill,500,6,494,0.9291497975708503,0.6642492643151335,0.6219754934210524,0.04469433198380566,,
0.8,0.55,0.9,20,1000,repo,500,6,494,0.9311740890688259,0.671106529668817,0.624513551469136,0.04469433198380566,,
0.8,0.55,0.9,20,1000,stratified,500,6,494,0.9291497975708503,0.6432291038789244,0.5582738095238091,0.04469433198380566,,
0.8,0.55,0.9,20,1000,lang_reiczigel,500,6,494,0.9676113360323887,0.6010477786423537,0.5389421105124976,0.04469433198380566,,
0.8,0.55,0.9,20,1000,wilson_known,500,6,494,0.24898785425101214,0.09729309849041638,0.10341361376584857,0.04469433198380566,,
0.8,0.55,0.9,20,1000,point_rogan_gladen,500,6,494,,,,,-0.03693063818772323,0.15446382729283456
0.8,0.55,0.9,50,100,judgy,500,0,500,0.87,0.3394516289629391,0.33568022958596894,0.003765,,
0.8,0.55,0.9,50,100,skill,500,0,500,0.878,0.3624914591962176,0.34044445970805726,0.003765,,
0.8,0.55,0.9,50,100,repo,500,0,500,0.958,0.4721428833988807,0.4518204738542537,0.003765,,
0.8,0.55,0.9,50,100,stratified,500,0,500,0.952,0.4676606798141931,0.4517586580086582,0.003765,,
0.8,0.55,0.9,50,100,lang_reiczigel,500,0,500,0.974,0.49076230218506595,0.4757263162318606,0.003765,,
0.8,0.55,0.9,50,100,wilson_known,500,0,500,0.792,0.33510617314201735,0.3469668699746986,0.003765,,
0.8,0.55,0.9,50,100,point_rogan_gladen,500,0,500,,,,,-0.029013514076498645,0.13192538535500073
0.8,0.55,0.9,50,1000,judgy,500,0,500,0.956,0.3394872683007095,0.32641995544796765,0.005030000000000001,,
0.8,0.55,0.9,50,1000,skill,500,0,500,0.96,0.37250369231536196,0.33251382378436783,0.005030000000000001,,
0.8,0.55,0.9,50,1000,repo,500,0,500,0.966,0.3876310096633645,0.34675057906799106,0.005030000000000001,,
0.8,0.55,0.9,50,1000,stratified,500,0,500,0.964,0.37545983387854914,0.34023214285714287,0.005030000000000001,,
0.8,0.55,0.9,50,1000,lang_reiczigel,500,0,500,0.972,0.3986536944262124,0.3697402782179895,0.005030000000000001,,
0.8,0.55,0.9,50,1000,wilson_known,500,0,500,0.368,0.10352084272244974,0.11943078629460435,0.005030000000000001,,
0.8,0.55,0.9,50,1000,point_rogan_gladen,500,0,500,,,,,-0.010314633277762478,0.10761000728226193
0.8,0.55,0.9,100,100,judgy,500,0,500,0.77,0.25379544482969885,0.25999106907016994,0.000121,,
0.8,0.55,0.9,100,100,skill,500,0,500,0.768,0.25428133217355703,0.26155643577654875,0.000121,,
0.8,0.55,0.9,100,100,repo,500,0,500,0.944,0.3985270331347357,0.39373161983245225,0.000121,,
0.8,0.55,0.9,100,100,stratified,500,0,500,0.948,0.39851694623891404,0.38805596285435,0.000121,,
0.8,0.55,0.9,100,100,lang_reiczigel,500,0,500,0.966,0.4241775728566599,0.41965967666318776,0.000121,,
0.8,0.55,0.9,100,100,wilson_known,500,0,500,0.838,0.3389646849964444,0.3524396782571928,0.000121,,
0.8,0.55,0.9,100,100,point_rogan_gladen,500,0,500,,,,,-0.02434641946912515,0.12747640455093667
0.8,0.55,0.9,100,1000,judgy,500,0,500,0.914,0.25856618029347556,0.26492526210031697,8.999999999999999e-05,,
0.8,0.55,0.9,100,1000,skill,500,0,500,0.91,0.25966584569415513,0.2665212975641914,8.999999999999999e-05,,
0.8,0.55,0.9,100,1000,repo,500,0,500,0.928,0.276607041196908,0.2812147131618879,8.999999999999999e-05,,
0.8,0.55,0.9,100,1000,stratified,500,0,500,0.924,0.27673445192993423,0.2814208754208755,8.999999999999999e-05,,
0.8,0.55,0.9,100,1000,lang_reiczigel,500,0,500,0.95,0.29346781509760855,0.29619446973978647,8.999999999999999e-05,,
0.8,0.55,0.9,100,1000,wilson_known,500,0,500,0.494,0.1149376808904624,0.128859409358012,8.999999999999999e-05,,
0.8,0.55,0.9,100,1000,point_rogan_gladen,500,0,500,,,,,-0.005983524111847175,0.08942077333978683
0.8,0.55,0.9,200,100,judgy,500,0,500,0.7,0.19639770431445386,0.21314598669700208,0.0,,
0.8,0.55,0.9,200,100,skill,500,0,500,0.692,0.19627667501108056,0.21141164652843492,0.0,,
0.8,0.55,0.9,200,100,repo,500,0,500,0.956,0.3708239183126592,0.37264937236179324,0.0,,
0.8,0.55,0.9,200,100,stratified,500,0,500,0.96,0.37225074211103626,0.3706728918275911,0.0,,
0.8,0.55,0.9,200,100,lang_reiczigel,500,0,500,0.964,0.39245947286258676,0.39468026767667885,0.0,,
0.8,0.55,0.9,200,100,wilson_known,500,0,500,0.91,0.35033454307663886,0.3579182110583572,0.0,,
0.8,0.55,0.9,200,100,point_rogan_gladen,500,0,500,,,,,-0.019364765401588886,0.1150153295575939
0.8,0.55,0.9,200,1000,judgy,500,0,500,0.908,0.20957318002502817,0.21800457841853932,0.0,,
0.8,0.55,0.9,200,1000,skill,500,0,500,0.91,0.20945677584006922,0.2170453839304412,0.0,,
0.8,0.55,0.9,200,1000,repo,500,0,500,0.946,0.23347858863686538,0.2395455137662707,0.0,,
0.8,0.55,0.9,200,1000,stratified,500,0,500,0.948,0.23324878858416537,0.24125480937037674,0.0,,
0.8,0.55,0.9,200,1000,lang_reiczigel,500,0,500,0.962,0.24212105303662257,0.2476485971807057,0.0,,
0.8,0.55,0.9,200,1000,wilson_known,500,0,500,0.642,0.12608108947212285,0.1389286177039678,0.0,,
0.8,0.55,0.9,200,1000,point_rogan_gladen,500,0,500,,,,,-0.0005868404261709084,0.07135873211500707
0.95,0.2,0.1,10,100,judgy,500,135,365,0.9698630136986301,0.7127130861787813,0.6919999999999997,0.18393561643835615,,
0.95,0.2,0.1,10,100,skill,500,135,365,0.9835616438356164,0.7192730672571842,0.6912500000000001,0.18393561643835615,,
0.95,0.2,0.1,10,100,repo,500,135,365,0.989041095890411,0.7581174493714047,0.7400000000000002,0.18393561643835615,,
0.95,0.2,0.1,10,100,stratified,500,135,365,0.9780821917808219,0.7502704337899543,0.7348958333333333,0.18393561643835615,,
0.95,0.2,0.1,10,100,lang_reiczigel,500,135,365,0.8931506849315068,0.9719133262040889,1.0,0.18393561643835615,,
0.95,0.2,0.1,10,100,wilson_known,500,135,365,0.5068493150684932,0.39898263925405403,0.4270897663230647,0.18393561643835615,,
0.95,0.2,0.1,10,100,point_rogan_gladen,500,135,365,,,,,0.18453881278538814,0.345764060289857
0.95,0.2,0.1,10,1000,judgy,500,119,381,0.9763779527559056,0.7162498797105489,0.6583333333333332,0.18039375330709975,,
0.95,0.2,0.1,10,1000,skill,500,119,381,0.9868766404199475,0.7171567871984752,0.6619999999999999,0.18039375330709975,,
0.95,0.2,0.1,10,1000,repo,500,119,381,0.984251968503937,0.7230468473992833,0.6651999999999997,0.18039375330709975,,
0.95,0.2,0.1,10,1000,stratified,500,119,381,0.9816272965879265,0.7105957109527975,0.6600000000000001,0.18039375330709975,,
0.95,0.2,0.1,10,1000,lang_reiczigel,500,119,381,0.8608923884514436,0.9592157965698382,1.0,0.18039375330709975,,
0.95,0.2,0.1,10,1000,wilson_known,500,119,381,0.35170603674540685,0.15519813066063892,0.16230357371027615,0.18039375330709975,,
0.95,0.2,0.1,10,1000,point_rogan_gladen,500,119,381,,,,,0.16141119860017497,0.32106794219509854
0.95,0.2,0.1,20,100,judgy,500,43,457,0.9212253829321663,0.6665335452385669,0.6542857142857146,0.10303829321663019,,
0.95,0.2,0.1,20,100,skill,500,43,457,0.9409190371991247,0.7734119496610258,1.0,0.10303829321663019,,
0.95,0.2,0.1,20,100,repo,500,43,457,0.9540481400437637,0.8099703701722905,1.0,0.10303829321663019,,
0.95,0.2,0.1,20,100,stratified,500,43,457,0.9474835886214442,0.8037066822066822,1.0,0.10303829321663019,,
0.95,0.2,0.1,20,100,lang_reiczigel,500,43,457,0.9168490153172867,0.9631892853690065,1.0,0.10303829321663019,,
0.95,0.2,0.1,20,100,wilson_known,500,43,457,0.6258205689277899,0.44973877175144955,0.47749936334884846,0.10303829321663019,,
0.95,0.2,0.1,20,100,point_rogan_gladen,500,43,457,,,,,0.13491073599388703,0.2969282812357727
0.95,0.2,0.1,20,1000,judgy,500,50,450,0.9533333333333334,0.6675262399256197,0.6411097729789589,0.10323222222222221,,
0.95,0.2,0.1,20,1000,skill,500,50,450,0.9555555555555556,0.7757830368970172,1.0,0.10323222222222221,,
0.95,0.2,0.1,20,1000,repo,500,50,450,0.9555555555555556,0.779918129478218,0.9969970785440614,0.10323222222222221,,
0.95,0.2,0.1,20,1000,stratified,500,50,450,0.9555555555555556,0.7680193537758537,0.9047678571428568,0.10323222222222221,,
0.95,0.2,0.1,20,1000,lang_reiczigel,500,50,450,0.8733333333333333,0.9367241979170132,1.0,0.10323222222222221,,
0.95,0.2,0.1,20,1000,wilson_known,500,50,450,0.2644444444444444,0.1655240660734299,0.16813211699957936,0.10323222222222221,,
0.95,0.2,0.1,20,1000,point_rogan_gladen,500,50,450,,,,,0.11599497354497353,0.256445659958822
0.95,0.2,0.1,50,100,judgy,500,5,495,0.8868686868686869,0.5266053547575165,0.5333333333333334,0.038394949494949496,,
0.95,0.2,0.1,50,100,skill,500,5,495,0.9494949494949495,0.686188768870999,0.645555555555557,0.038394949494949496,,
0.95,0.2,0.1,50,100,repo,500,5,495,0.9737373737373738,0.7933334726202582,0.8291748251748253,0.038394949494949496,,
0.95,0.2,0.1,50,100,stratified,500,5,495,0.9696969696969697,0.7758687942879955,0.7999999999999998,0.038394949494949496,,
0.95,0.2,0.1,50,100,lang_reiczigel,500,5,495,0.9494949494949495,0.9034103553213444,0.9476960951026833,0.038394949494949496,,
0.95,0.2,0.1,50,100,wilson_known,500,5,495,0.7737373737373737,0.4813613359594271,0.5263142411144921,0.038394949494949496,,
0.95,0.2,0.1,50,100,point_rogan_gladen,500,5,495,,,,,0.09634322888110775,0.24209629914901043
0.95,0.2,0.1,50,1000,judgy,500,5,495,0.9656565656565657,0.524712038849367,0.5195312345145493,0.03642727272727273,,
0.95,0.2,0.1,50,1000,skill,500,5,495,0.9777777777777777,0.6948344919114523,0.6217912395153773,0.03642727272727273,,
0.95,0.2,0.1,50,1000,repo,500,5,495,0.9818181818181818,0.7063276330089447,0.6437710904546169,0.03642727272727273,,
0.95,0.2,0.1,50,1000,stratified,500,5,495,0.9818181818181818,0.6765670216531378,0.6200434782608695,0.03642727272727273,,
0.95,0.2,0.1,50,1000,lang_reiczigel,500,5,495,0.9030303030303031,0.8244443930923249,0.8103401376928562,0.03642727272727273,,
0.95,0.2,0.1,50,1000,wilson_known,500,5,495,0.3797979797979798,0.1672461751716247,0.19395654711771187,0.03642727272727273,,
0.95,0.2,0.1,50,1000,point_rogan_gladen,500,5,495,,,,,0.05424961741027974,0.1787028021917839
0.95,0.2,0.1,100,100,judgy,500,0,500,0.81,0.4104608041049671,0.4224300553954283,0.008194,,
0.95,0.2,0.1,100,100,skill,500,0,500,0.838,0.47462647628806787,0.4591330701529496,0.008194,,
0.95,0.2,0.1,100,100,repo,500,0,500,0.958,0.6835265501927663,0.6888598642669934,0.008194,,
0.95,0.2,0.1,100,100,stratified,500,0,500,0.956,0.676875590432802,0.6858552631578956,0.008194,,
0.95,0.2,0.1,100,100,lang_reiczigel,500,0,500,0.946,0.7947068776934304,0.8016698237807924,0.008194,,
0.95,0.2,0.1,100,100,wilson_known,500,0,500,0.828,0.49300911625778226,0.5219649163170965,0.008194,,
0.95,0.2,0.1,100,100,point_rogan_gladen,500,0,500,,,,,0.08168766131637495,0.228879903644279
0.95,0.2,0.1,100,1000,judgy,500,0,500,0.93,0.4153428802542356,0.43159460468987954,0.007688,,
0.95,0.2,0.1,100,1000,skill,500,0,500,0.952,0.48127360764830895,0.46145296658389384,0.007688,,
0.95,0.2,0.1,100,1000,repo,500,0,500,0.96,0.5087732435933059,0.49150459939755864,0.007688,,
0.95,0.2,0.1,100,1000,stratified,500,0,500,0.962,0.4953993420387366,0.48697010869565255,0.007688,,
0.95,0.2,0.1,100,1000,lang_reiczigel,500,0,500,0.93,0.6435315955950068,0.6159976985794267,0.007688,,
0.95,0.2,0.1,100,1000,wilson_known,500,0,500,0.48,0.18470046662226935,0.2173252481055506,0.007688,,
0.95,0.2,0.1,100,1000,point_rogan_gladen,500,0,500,,,,,0.03958400744559945,0.15144464462510424
0.95,0.2,0.1,200,100,judgy,500,0,500,0.73,0.3100059569022807,0.3242748663150977,0.000352,,
0.95,0.2,0.1,200,100,skill,500,0,500,0.742,0.3129423612103038,0.32701330150803576,0.000352,,
0.95,0.2,0.1,200,100,repo,500,0,500,0.964,0.6036378782414713,0.6113888131004387,0.000352,,
0.95,0.2,0.1,200,100,stratified,500,0,500,0.964,0.6022304994852069,0.6056718500797451,0.000352,,
0.95,0.2,0.1,200,100,lang_reiczigel,500,0,500,0.976,0.6609112162824017,0.6646864009938604,0.000352,,
0.95,0.2,0.1,200,100,wilson_known,500,0,500,0.912,0.4940654261290534,0.5070955923960048,0.000352,,
0.95,0.2,0.1,200,100,point_rogan_gladen,500,0,500,,,,,0.05483486833600304,0.1964672334920907
0.95,0.2,0.1,200,1000,judgy,500,0,500,0.928,0.3382760660540967,0.35638869536323936,0.000264,,
0.95,0.2,0.1,200,1000,skill,500,0,500,0.934,0.34091878735255804,0.35507363945630743,0.000264,,
0.95,0.2,0.1,200,1000,repo,500,0,500,0.952,0.37818584665774163,0.38947348163742557,0.000264,,
0.95,0.2,0.1,200,1000,stratified,500,0,500,0.954,0.3782324970665126,0.3910456042104169,0.000264,,
0.95,0.2,0.1,200,1000,lang_reiczigel,500,0,500,0.948,0.47183699333063467,0.4755870621692204,0.000264,,
0.95,0.2,0.1,200,1000,wilson_known,500,0,500,0.568,0.19822794265735313,0.23449085567695022,0.000264,,
0.95,0.2,0.1,200,1000,point_rogan_gladen,500,0,500,,,,,0.028979639242146586,0.12815783621655424
0.95,0.2,0.3,10,100,judgy,500,128,372,0.9811827956989247,0.7573040680447247,0.7400000000000002,0.18312927700409345,,
0.95,0.2,0.3,10,100,skill,500,128,372,0.9946236559139785,0.7674243588923023,0.7400000000000002,0.18312927700409345,,
0.95,0.2,0.3,10,100,repo,500,128,372,0.9946236559139785,0.808091209806055,0.7999999999999998,0.18312927700409345,,
0.95,0.2,0.3,10,100,stratified,500,128,372,0.9946236559139785,0.803229177334016,0.7999999999999998,0.18312927700409345,,
0.95,0.2,0.3,10,100,lang_reiczigel,500,128,372,0.9516129032258065,0.9530928857097266,1.0,0.18312927700409345,,
0.95,0.2,0.3,10,100,wilson_known,500,128,372,0.6021505376344086,0.46085948450905745,0.455321694297003,0.18312927700409345,,
0.95,0.2,0.3,10,100,point_rogan_gladen,500,128,372,,,,,0.0801120071684588,0.32088881426914606
0.95,0.2,0.3,10,1000,judgy,500,113,387,0.9819121447028424,0.7577710865184555,0.725,0.18077274748485356,,
0.95,0.2,0.3,10,1000,skill,500,113,387,0.9922480620155039,0.7658394321397809,0.7263999999999999,0.18077274748485356,,
0.95,0.2,0.3,10,1000,repo,500,113,387,0.9948320413436692,0.7706382931311079,0.7359999999999998,0.18077274748485356,,
0.95,0.2,0.3,10,1000,stratified,500,113,387,0.9948320413436692,0.7603021105061316,0.7299999999999998,0.18077274748485356,,
0.95,0.2,0.3,10,1000,lang_reiczigel,500,113,387,0.8940568475452196,0.9241692667804079,1.0,0.18077274748485356,,
0.95,0.2,0.3,10,1000,wilson_known,500,113,387,0.29457364341085274,0.1753470067237801,0.15331522824737115,0.18077274748485356,,
0.95,0.2,0.3,10,1000,point_rogan_gladen,500,113,387,,,,,0.07899483204134355,0.29198186659799596
0.95,0.2,0.3,20,100,judgy,500,57,443,0.9209932279909706,0.7391614377172545,0.7327272727272729,0.11009932279909707,,
0.95,0.2,0.3,20,100,skill,500,57,443,0.945823927765237,0.8126012551085094,1.0,0.11009932279909707,,
0.95,0.2,0.3,20,100,repo,500,57,443,0.9706546275395034,0.8496241299186166,1.0,0.11009932279909707,,
0.95,0.2,0.3,20,100,stratified,500,57,443,0.9683972911963883,0.844827317340297,1.0,0.11009932279909707,,
0.95,0.2,0.3,20,100,lang_reiczigel,500,57,443,0.9548532731376975,0.9537717524647906,1.0,0.11009932279909707,,
0.95,0.2,0.3,20,100,wilson_known,500,57,443,0.6681715575620768,0.5162635285986543,0.5347007358171686,0.11009932279909707,,
0.95,0.2,0.3,20,100,point_rogan_gladen,500,57,443,,,,,0.0320858862732453,0.30835625280818507
0.95,0.2,0.3,20,1000,judgy,500,52,448,0.9508928571428571,0.7491885488969311,0.7316376262626261,0.10169196428571428,,
0.95,0.2,0.3,20,1000,skill,500,52,448,0.9553571428571429,0.8059435125132619,1.0,0.10169196428571428,,
0.95,0.2,0.3,20,1000,repo,500,52,448,0.9598214285714286,0.8087354460295347,1.0,0.10169196428571428,,
0.95,0.2,0.3,20,1000,stratified,500,52,448,0.9575892857142857,0.8033811625285676,1.0,0.10169196428571428,,
0.95,0.2,0.3,20,1000,lang_reiczigel,500,52,448,0.8727678571428571,0.9085552064016232,1.0,0.10169196428571428,,
0.95,0.2,0.3,20,1000,wilson_known,500,52,448,0.2700892857142857,0.1835001873651727,0.17937512692444846,0.10169196428571428,,
0.95,0.2,0.3,20,1000,point_rogan_gladen,500,52,448,,,,,0.024199759070294702,0.2845870704661476
0.95,0.2,0.3,50,100,judgy,500,7,493,0.8701825557809331,0.631692469173567,0.6206451612903225,0.033780933062880325,,
0.95,0.2,0.3,50,100,skill,500,7,493,0.9411764705882353,0.751714445353699,0.7671931522593907,0.033780933062880325,,
0.95,0.2,0.3,50,100,repo,500,7,493,0.9716024340770791,0.8560703085625633,0.9881451987909787,0.033780933062880325,,
0.95,0.2,0.3,50,100,stratified,500,7,493,0.9695740365111561,0.8437582519548681,0.9374999999999987,0.033780933062880325,,
0.95,0.2,0.3,50,100,lang_reiczigel,500,7,493,0.9716024340770791,0.9159263588744083,0.9871219361070118,0.033780933062880325,,
0.95,0.2,0.3,50,100,wilson_known,500,7,493,0.8316430020283976,0.5859128280748861,0.6109711111206988,0.033780933062880325,,
0.95,0.2,0.3,50,100,point_rogan_gladen,500,7,493,,,,,0.01722281483646487,0.26985044378336315
0.95,0.2,0.3,50,1000,judgy,500,7,493,0.9594320486815415,0.6725349691015461,0.6510011872800934,0.03773123732251522,,
0.95,0.2,0.3,50,1000,skill,500,7,493,0.9878296146044625,0.7721849106713021,0.7609658588051391,0.03773123732251522,,
0.95,0.2,0.3,50,1000,repo,500,7,493,0.9878296146044625,0.7846313762866131,0.7821733173711906,0.03773123732251522,,
0.95,0.2,0.3,50,1000,stratified,500,7,493,0.9878296146044625,0.7656466977196116,0.7499999999999992,0.03773123732251522,,
0.95,0.2,0.3,50,1000,lang_reiczigel,500,7,493,0.9350912778904665,0.8340837333666844,0.8461695105145142,0.03773123732251522,,
0.95,0.2,0.3,50,1000,wilson_known,500,7,493,0.4239350912778905,0.235092269907243,0.23969643990406792,0.03773123732251522,,
0.95,0.2,0.3,50,1000,point_rogan_gladen,500,7,493,,,,,-0.009111659594185244,0.21459066338638577
0.95,0.2,0.3,100,100,judgy,500,0,500,0.77,0.5135720018160019,0.5120747461158356,0.008564,,
0.95,0.2,0.3,100,100,skill,500,0,500,0.806,0.5486589280184508,0.5345523706903301,0.008564,,
0.95,0.2,0.3,100,100,repo,500,0,500,0.946,0.7731461151383824,0.7813715339649887,0.008564,,
0.95,0.2,0.3,100,100,stratified,500,0,500,0.942,0.771851282560994,0.7780753968253973,0.008564,,
0.95,0.2,0.3,100,100,lang_reiczigel,500,0,500,0.956,0.8387852648030857,0.8441881879671146,0.008564,,
0.95,0.2,0.3,100,100,wilson_known,500,0,500,0.86,0.6127218366746747,0.6360508222282295,0.008564,,
0.95,0.2,0.3,100,100,point_rogan_gladen,500,0,500,,,,,0.0066129672757264755,0.2510214127364588
0.95,0.2,0.3,100,1000,judgy,500,0,500,0.94,0.5546936135265785,0.5555703641209591,0.006544,,
0.95,0.2,0.3,100,1000,skill,500,0,500,0.956,0.5929602681419129,0.5738970142507687,0.006544,,
0.95,0.2,0.3,100,1000,repo,500,0,500,0.97,0.6282210450740481,0.6066420765610013,0.006544,,
0.95,0.2,0.3,100,1000,stratified,500,0,500,0.972,0.6197609723701871,0.6049835480379833,0.006544,,
0.95,0.2,0.3,100,1000,lang_reiczigel,500,0,500,0.948,0.69226533821482,0.6789147911986751,0.006544,,
0.95,0.2,0.3,100,1000,wilson_known,500,0,500,0.54,0.25165121952064756,0.2624549361197226,0.006544,,
0.95,0.2,0.3,100,1000,point_rogan_gladen,500,0,500,,,,,-0.019462587650106927,0.1850874196510561
0.95,0.2,0.3,200,100,judgy,500,0,500,0.674,0.39683393893562596,0.41613336248108784,0.00023300000000000005,,
0.95,0.2,0.3,200,100,skill,500,0,500,0.684,0.39779499563491866,0.4116375279869745,0.00023300000000000005,,
0.95,0.2,0.3,200,100,repo,500,0,500,0.948,0.7334915825099161,0.7445307718634787,0.00023300000000000005,,
0.95,0.2,0.3,200,100,stratified,500,0,500,0.948,0.7334510372356122,0.7407936507936512,0.00023300000000000005,,
0.95,0.2,0.3,200,100,lang_reiczigel,500,0,500,0.976,0.7638982095861168,0.7725247790127358,0.00023300000000000005,,
0.95,0.2,0.3,200,100,wilson_known,500,0,500,0.918,0.6300066613390973,0.6515640515340253,0.00023300000000000005,,
0.95,0.2,0.3,200,100,point_rogan_gladen,500,0,500,,,,,-0.0021046609600031164,0.2234878249804232
0.95,0.2,0.3,200,1000,judgy,500,0,500,0.936,0.4543833490882253,0.45775866273033394,0.00040300000000000004,,
0.95,0.2,0.3,200,1000,skill,500,0,500,0.93,0.4581428355900796,0.4590298681036219,0.00040300000000000004,,
0.95,0.2,0.3,200,1000,repo,500,0,500,0.958,0.5088358130484693,0.511462337907303,0.00040300000000000004,,
0.95,0.2,0.3,200,1000,stratified,500,0,500,0.964,0.5089194723974044,0.5111352657004826,0.00040300000000000004,,
0.95,0.2,0.3,200,1000,lang_reiczigel,500,0,500,0.964,0.5479063297711538,0.5405653212853333,0.00040300000000000004,,
0.95,0.2,0.3,200,1000,wilson_known,500,0,500,0.716,0.2769859604436507,0.27603319475292293,0.00040300000000000004,,
0.95,0.2,0.3,200,1000,point_rogan_gladen,500,0,500,,,,,-0.022275566920901553,0.14393589874996898
0.95,0.2,0.5,10,100,judgy,500,121,379,0.9498680738786279,0.7744373403275117,0.7677777777777779,0.17966360818931892,,
0.95,0.2,0.5,10,100,skill,500,121,379,0.9630606860158312,0.8060067745633873,0.7800000000000002,0.17966360818931892,,
0.95,0.2,0.5,10,100,repo,500,121,379,0.9815303430079155,0.8483951665849174,0.8483333333333332,0.17966360818931892,,
0.95,0.2,0.5,10,100,stratified,500,121,379,0.9762532981530343,0.8435512417807932,0.8499999999999999,0.17966360818931892,,
0.95,0.2,0.5,10,100,lang_reiczigel,500,121,379,0.9762532981530343,0.9162895841702374,1.0,0.17966360818931892,,
0.95,0.2,0.5,10,100,wilson_known,500,121,379,0.5804749340369393,0.46955983608874224,0.45369481836749,0.17966360818931892,,
0.95,0.2,0.5,10,100,point_rogan_gladen,500,121,379,,,,,0.028170624450307876,0.3317429739455529
0.95,0.2,0.5,10,1000,judgy,500,134,366,0.9863387978142076,0.7856481337550957,0.7710000000000001,0.1799318532216928,,
0.95,0.2,0.5,10,1000,skill,500,134,366,0.9972677595628415,0.8059858975192993,0.7788999999999994,0.1799318532216928,,
0.95,0.2,0.5,10,1000,repo,500,134,366,0.9972677595628415,0.8119379400858705,0.7849415178571428,0.1799318532216928,,
0.95,0.2,0.5,10,1000,stratified,500,134,366,0.994535519125683,0.8020089692297684,0.7794583333333331,0.1799318532216928,,
0.95,0.2,0.5,10,1000,lang_reiczigel,500,134,366,0.9644808743169399,0.8994607641584402,1.0,0.1799318532216928,,
0.95,0.2,0.5,10,1000,wilson_known,500,134,366,0.19398907103825136,0.16325962798794053,0.1442383829100224,0.1799318532216928,,
0.95,0.2,0.5,10,1000,point_rogan_gladen,500,134,366,,,,,0.002716757741347862,0.32025165162785707
0.95,0.2,0.5,20,100,judgy,500,54,446,0.8677130044843049,0.772641082213054,0.7940456349206348,0.1143195067264574,,
0.95,0.2,0.5,20,100,skill,500,54,446,0.899103139013453,0.8279707723607754,1.0,0.1143195067264574,,
0.95,0.2,0.5,20,100,repo,500,54,446,0.9506726457399103,0.8682542775735607,1.0,0.1143195067264574,,
0.95,0.2,0.5,20,100,stratified,500,54,446,0.9484304932735426,0.860526706446269,1.0,0.1143195067264574,,
0.95,0.2,0.5,20,100,lang_reiczigel,500,54,446,0.968609865470852,0.9103556100591027,1.0,0.1143195067264574,,
0.95,0.2,0.5,20,100,wilson_known,500,54,446,0.6300448430493274,0.5445625284281643,0.5444337820409881,0.1143195067264574,,
0.95,0.2,0.5,20,100,point_rogan_gladen,500,54,446,,,,,-0.015337390561605692,0.3449903444642687
0.95,0.2,0.5,20,1000,judgy,500,52,448,0.9486607142857143,0.8247110176080292,0.9441891414141418,0.11215736607142857,,
0.95,0.2,0.5,20,1000,skill,500,52,448,0.9642857142857143,0.8442864425160034,1.0,0.11215736607142857,,
0.95,0.2,0.5,20,1000,repo,500,52,448,0.9665178571428571,0.847864213459738,1.0,0.11215736607142857,,
0.95,0.2,0.5,20,1000,stratified,500,52,448,0.9620535714285714,0.8413681100676357,1.0,0.11215736607142857,,
0.95,0.2,0.5,20,1000,lang_reiczigel,500,52,448,0.9620535714285714,0.8863870076066037,1.0,0.11215736607142857,,
0.95,0.2,0.5,20,1000,wilson_known,500,52,448,0.33035714285714285,0.231628867878084,0.20508803796878475,0.11215736607142857,,
0.95,0.2,0.5,20,1000,point_rogan_gladen,500,52,448,,,,,-0.03935046414399101,0.29025913717639595
0.95,0.2,0.5,50,100,judgy,500,10,490,0.8489795918367347,0.7058227521506348,0.6916996666689066,0.034626530612244896,,
0.95,0.2,0.5,50,100,skill,500,10,490,0.9020408163265307,0.7836708096430475,0.8033578482016468,0.034626530612244896,,
0.95,0.2,0.5,50,100,repo,500,10,490,0.9775510204081632,0.8887400666717716,1.0,0.034626530612244896,,
0.95,0.2,0.5,50,100,stratified,500,10,490,0.9775510204081632,0.8810619308665766,1.0,0.034626530612244896,,
0.95,0.2,0.5,50,100,lang_reiczigel,500,10,490,0.9877551020408163,0.9034918424931992,0.9989412175272442,0.034626530612244896,,
0.95,0.2,0.5,50,100,wilson_known,500,10,490,0.863265306122449,0.6622722281363812,0.6521123908998477,0.034626530612244896,,
0.95,0.2,0.5,50,100,point_rogan_gladen,500,10,490,,,,,-0.0412947610779241,0.2927402642567024
0.95,0.2,0.5,50,1000,judgy,500,9,491,0.9205702647657841,0.7578615161823222,0.747999999999997,0.0380437881873727,,
0.95,0.2,0.5,50,1000,skill,500,9,491,0.9714867617107943,0.8105440943826189,0.8468437992495312,0.0380437881873727,,
0.95,0.2,0.5,50,1000,repo,500,9,491,0.9775967413441955,0.8251739301216,0.880037844036697,0.0380437881873727,,
0.95,0.2,0.5,50,1000,stratified,500,9,491,0.9674134419551935,0.8106516661996712,0.8511538461538459,0.0380437881873727,,
0.95,0.2,0.5,50,1000,lang_reiczigel,500,9,491,0.9470468431771895,0.7813153053487808,0.804085401598246,0.0380437881873727,,
0.95,0.2,0.5,50,1000,wilson_known,500,9,491,0.45213849287169044,0.2616880010508092,0.24644339597759146,0.0380437881873727,,
0.95,0.2,0.5,50,1000,point_rogan_gladen,500,9,491,,,,,-0.016805464629083902,0.24618184631581463
0.95,0.2,0.5,100,100,judgy,500,1,499,0.7074148296593187,0.5659984902401437,0.5554575492831538,0.008916833667334671,,
0.95,0.2,0.5,100,100,skill,500,1,499,0.749498997995992,0.5992812191446811,0.5795848263854856,0.008916833667334671,,
0.95,0.2,0.5,100,100,repo,500,1,499,0.9378757515030061,0.8243962216383495,0.8689221860736144,0.008916833667334671,,
0.95,0.2,0.5,100,100,stratified,500,1,499,0.9338677354709419,0.8219763642335728,0.8637121212121207,0.008916833667334671,,
0.95,0.2,0.5,100,100,lang_reiczigel,500,1,499,0.9679358717434869,0.8480486293414393,0.87590057382949,0.008916833667334671,,
0.95,0.2,0.5,100,100,wilson_known,500,1,499,0.8697394789579158,0.6837594484790607,0.6924296225959554,0.008916833667334671,,
0.95,0.2,0.5,100,100,point_rogan_gladen,500,1,499,,,,,-0.009600222295091453,0.26522264422117925
0.95,0.2,0.5,100,1000,judgy,500,0,500,0.924,0.644401573328028,0.6315180129139221,0.007129000000000001,,
0.95,0.2,0.5,100,1000,skill,500,0,500,0.934,0.6622917661974353,0.6409525918814694,0.007129000000000001,,
0.95,0.2,0.5,100,1000,repo,500,0,500,0.962,0.7033635271735809,0.6897524915690314,0.007129000000000001,,
0.95,0.2,0.5,100,1000,stratified,500,0,500,0.962,0.6965448969975542,0.6867267156862746,0.007129000000000001,,
0.95,0.2,0.5,100,1000,lang_reiczigel,500,0,500,0.942,0.6605725258446736,0.6535335234990916,0.007129000000000001,,
0.95,0.2,0.5,100,1000,wilson_known,500,0,500,0.598,0.2817418650218696,0.26680351120345047,0.007129000000000001,,
0.95,0.2,0.5,100,1000,point_rogan_gladen,500,0,500,,,,,-0.010249905430442909,0.1782308839928154
0.95,0.2,0.5,200,100,judgy,500,0,500,0.566,0.4249670780179103,0.4199308371662377,0.00037600000000000003,,
0.95,0.2,0.5,200,100,skill,500,0,500,0.572,0.42726936014991557,0.4222766723940008,0.00037600000000000003,,
0.95,0.2,0.5,200,100,repo,500,0,500,0.944,0.7843385105100563,0.804155636064789,0.00037600000000000003,,
0.95,0.2,0.5,200,100,stratified,500,0,500,0.946,0.7835635702150067,0.7932911491399063,0.00037600000000000003,,
0.95,0.2,0.5,200,100,lang_reiczigel,500,0,500,0.978,0.8062088367030863,0.8166718988634148,0.00037600000000000003,,
0.95,0.2,0.5,200,100,wilson_known,500,0,500,0.916,0.7076629808141076,0.7200474850384406,0.00037600000000000003,,
0.95,0.2,0.5,200,100,point_rogan_gladen,500,0,500,,,,,-0.0065039783456040615,0.2558380682720046
0.95,0.2,0.5,200,1000,judgy,500,0,500,0.88,0.48303383159327484,0.47837498042618165,0.000231,,
0.95,0.2,0.5,200,1000,skill,500,0,500,0.88,0.4841107689970245,0.48023671640943066,0.000231,,
0.95,0.2,0.5,200,1000,repo,500,0,500,0.932,0.5571778646205472,0.5496367998187859,0.000231,,
0.95,0.2,0.5,200,1000,stratified,500,0,500,0.932,0.5567166963837786,0.5516370483418578,0.000231,,
0.95,0.2,0.5,200,1000,lang_reiczigel,500,0,500,0.946,0.5313044882629402,0.5196350329350391,0.000231,,
0.95,0.2,0.5,200,1000,wilson_known,500,0,500,0.704,0.2844398664226957,0.2750859744702044,0.000231,,
0.95,0.2,0.5,200,1000,point_rogan_gladen,500,0,500,,,,,-0.023269709240438117,0.14614020180289888
0.95,0.2,0.7,10,100,judgy,500,113,387,0.8811369509043928,0.7034017495693367,0.7400000000000002,0.16690133438812427,,
0.95,0.2,0.7,10,100,skill,500,113,387,0.9095607235142119,0.7700201335055986,0.7800000000000002,0.16690133438812427,,
0.95,0.2,0.7,10,100,repo,500,113,387,0.9844961240310077,0.8433008390600929,0.8671999999999997,0.16690133438812427,,
0.95,0.2,0.7,10,100,stratified,500,113,387,0.9819121447028424,0.837164656904967,0.8499999999999999,0.16690133438812427,,
0.95,0.2,0.7,10,100,lang_reiczigel,500,113,387,0.9974160206718347,0.8810411058558542,1.0,0.16690133438812427,,
0.95,0.2,0.7,10,100,wilson_known,500,113,387,0.5736434108527132,0.4395922598967961,0.43156482515401506,0.16690133438812427,,
0.95,0.2,0.7,10,100,point_rogan_gladen,500,113,387,,,,,-0.06906976744186034,0.3215813148512227
0.95,0.2,0.7,10,1000,judgy,500,119,381,0.9711286089238845,0.7691331910274035,0.7960000000000003,0.17792666018048395,,
0.95,0.2,0.7,10,1000,skill,500,119,381,0.958005249343832,0.8139149823448641,0.8079999999999998,0.17792666018048395,,
0.95,0.2,0.7,10,1000,repo,500,119,381,0.984251968503937,0.8205047530469675,0.8133041666666665,0.17792666018048395,,
0.95,0.2,0.7,10,1000,stratified,500,119,381,0.9501312335958005,0.8160928256363787,0.806,0.17792666018048395,,
0.95,0.2,0.7,10,1000,lang_reiczigel,500,119,381,0.9973753280839895,0.847934994687997,0.9585920472104644,0.17792666018048395,,
0.95,0.2,0.7,10,1000,wilson_known,500,119,381,0.15223097112860892,0.1394128602409548,0.12992932395087542,0.17792666018048395,,
0.95,0.2,0.7,10,1000,point_rogan_gladen,500,119,381,,,,,-0.0761994750656166,0.3467942575534268
0.95,0.2,0.7,20,100,judgy,500,54,446,0.8318385650224215,0.7536592701035253,0.7692857142857146,0.09703811659192824,,
0.95,0.2,0.7,20,100,skill,500,54,446,0.8542600896860987,0.8180096247123776,0.9721666666666662,0.09703811659192824,,
0.95,0.2,0.7,20,100,repo,500,54,446,0.9439461883408071,0.8682448251347511,1.0,0.09703811659192824,,
0.95,0.2,0.7,20,100,stratified,500,54,446,0.9282511210762332,0.8597982298282185,0.95,0.09703811659192824,,
0.95,0.2,0.7,20,100,lang_reiczigel,500,54,446,1.0,0.8635766173476809,1.0,0.09703811659192824,,
0.95,0.2,0.7,20,100,wilson_known,500,54,446,0.6995515695067265,0.5504128955997365,0.5311501323560681,0.09703811659192824,,
0.95,0.2,0.7,20,100,point_rogan_gladen,500,54,446,,,,,-0.07373158231902596,0.3083816790731919
0.95,0.2,0.7,20,1000,judgy,500,47,453,0.8852097130242825,0.8021168750391825,0.7950000000000004,0.11105298013245034,,
0.95,0.2,0.7,20,1000,skill,500,47,453,0.8874172185430463,0.8466284497105947,1.0,0.11105298013245034,,
0.95,0.2,0.7,20,1000,repo,500,47,453,0.8940397350993378,0.8511013482477474,1.0,0.11105298013245034,,
0.95,0.2,0.7,20,1000,stratified,500,47,453,0.8940397350993378,0.8432378161941074,1.0,0.11105298013245034,,
0.95,0.2,0.7,20,1000,lang_reiczigel,500,47,453,0.9977924944812362,0.8197281919258591,0.898498062636539,0.11105298013245034,,
0.95,0.2,0.7,20,1000,wilson_known,500,47,453,0.31346578366445915,0.20500863021771337,0.18204602607602383,0.11105298013245034,,
0.95,0.2,0.7,20,1000,point_rogan_gladen,500,47,453,,,,,-0.06547424576894743,0.29991222315281163
0.95,0.2,0.7,50,100,judgy,500,7,493,0.7789046653144016,0.6556660995611621,0.6632682563338299,0.03761764705882353,,
0.95,0.2,0.7,50,100,skill,500,7,493,0.8620689655172413,0.7489392359596769,0.7785588235294127,0.03761764705882353,,
0.95,0.2,0.7,50,100,repo,500,7,493,0.9634888438133874,0.8598937842646495,1.0,0.03761764705882353,,
0.95,0.2,0.7,50,100,stratified,500,7,493,0.9594320486815415,0.8492703632150115,1.0,0.03761764705882353,,
0.95,0.2,0.7,50,100,lang_reiczigel,500,7,493,1.0,0.8366173796940468,0.9149733669557321,0.03761764705882353,,
0.95,0.2,0.7,50,100,wilson_known,500,7,493,0.821501014198783,0.6315795766287768,0.6391383032947691,0.03761764705882353,,
0.95,0.2,0.7,50,100,point_rogan_gladen,500,7,493,,,,,-0.03924010562016135,0.2762614513835823
0.95,0.2,0.7,50,1000,judgy,500,9,491,0.9063136456211812,0.7216039417953105,0.7396695142572941,0.04418737270875763,,
0.95,0.2,0.7,50,1000,skill,500,9,491,0.9266802443991853,0.776598197220622,0.8169740640798441,0.04418737270875763,,
0.95,0.2,0.7,50,1000,repo,500,9,491,0.945010183299389,0.789885421701381,0.8347899653657083,0.04418737270875763,,
0.95,0.2,0.7,50,1000,stratified,500,9,491,0.9348268839103869,0.7759114455309345,0.8101666666666664,0.04418737270875763,,
0.95,0.2,0.7,50,1000,lang_reiczigel,500,9,491,0.9959266802443992,0.6913553685929748,0.6437920405224882,0.04418737270875763,,
0.95,0.2,0.7,50,1000,wilson_known,500,9,491,0.4419551934826884,0.2425924083720645,0.21484699092598153,0.04418737270875763,,
0.95,0.2,0.7,50,1000,point_rogan_gladen,500,9,491,,,,,-0.028566577827015473,0.23247947979987518
0.95,0.2,0.7,100,100,judgy,500,0,500,0.69,0.5168891480182601,0.5041146553514224,0.006727,,
0.95,0.2,0.7,100,100,skill,500,0,500,0.722,0.5465357992429506,0.5161161363547685,0.006727,,
0.95,0.2,0.7,100,100,repo,500,0,500,0.948,0.7637715977653031,0.8058925714365028,0.006727,,
0.95,0.2,0.7,100,100,stratified,500,0,500,0.95,0.7622832141034938,0.8,0.006727,,
0.95,0.2,0.7,100,100,lang_reiczigel,500,0,500,0.984,0.7775254199449829,0.8044065547040108,0.006727,,
0.95,0.2,0.7,100,100,wilson_known,500,0,500,0.892,0.6589823067306984,0.6615143904437824,0.006727,,
0.95,0.2,0.7,100,100,point_rogan_gladen,500,0,500,,,,,-0.025101683029781916,0.2434458739765267
0.95,0.2,0.7,100,1000,judgy,500,0,500,0.912,0.5811012946827564,0.5530512312253238,0.007823,,
0.95,0.2,0.7,100,1000,skill,500,0,500,0.922,0.6083428406845751,0.5678512051549653,0.007823,,
0.95,0.2,0.7,100,1000,repo,500,0,500,0.948,0.6507971560696783,0.6165800903952174,0.007823,,
0.95,0.2,0.7,100,1000,stratified,500,0,500,0.946,0.6420586771719581,0.6182499999999992,0.007823,,
0.95,0.2,0.7,100,1000,lang_reiczigel,500,0,500,0.992,0.5654122143975729,0.530880765332405,0.007823,,
0.95,0.2,0.7,100,1000,wilson_known,500,0,500,0.612,0.25246548844727335,0.23359977774358676,0.007823,,
0.95,0.2,0.7,100,1000,point_rogan_gladen,500,0,500,,,,,-0.013397351827539214,0.16377874727061123
0.95,0.2,0.7,200,100,judgy,500,0,500,0.57,0.3744940086493447,0.3649814644720568,0.000446,,
0.95,0.2,0.7,200,100,skill,500,0,500,0.576,0.37707003044555326,0.36672946197007933,0.000446,,
0.95,0.2,0.7,200,100,repo,500,0,500,0.948,0.7116608883340764,0.7512686677430371,0.000446,,
0.95,0.2,0.7,200,100,stratified,500,0,500,0.948,0.7139502985104844,0.754960440155698,0.000446,,
0.95,0.2,0.7,200,100,lang_reiczigel,500,0,500,0.984,0.7498735914136566,0.7776090980344614,0.000446,,
0.95,0.2,0.7,200,100,wilson_known,500,0,500,0.934,0.6798074346991532,0.6920581122702897,0.000446,,
0.95,0.2,0.7,200,100,point_rogan_gladen,500,0,500,,,,,-0.003438876097737897,0.21338230528417604
0.95,0.2,0.7,200,1000,judgy,500,0,500,0.898,0.42011698095228894,0.40005357582939893,0.000358,,
0.95,0.2,0.7,200,1000,skill,500,0,500,0.904,0.4224299724040237,0.4032417973972666,0.000358,,
0.95,0.2,0.7,200,1000,repo,500,0,500,0.95,0.49246144837492173,0.47871404740912743,0.000358,,
0.95,0.2,0.7,200,1000,stratified,500,0,500,0.948,0.4907200932557212,0.4782352734922854,0.000358,,
0.95,0.2,0.7,200,1000,lang_reiczigel,500,0,500,0.988,0.45378501362096485,0.44126639223247044,0.000358,,
0.95,0.2,0.7,200,1000,wilson_known,500,0,500,0.74,0.2542756427324197,0.24791702782914837,0.000358,,
0.95,0.2,0.7,200,1000,point_rogan_gladen,500,0,500,,,,,-0.0008704079001200666,0.11627364781793835
0.95,0.2,0.9,10,100,judgy,500,129,371,0.5121293800539084,0.5732108180379072,0.6000000000000011,0.17716592190974195,,
0.95,0.2,0.9,10,100,skill,500,129,371,0.5175202156334232,0.693110845847773,0.7000000000000003,0.17716592190974195,,
0.95,0.2,0.9,10,100,repo,500,129,371,0.7897574123989218,0.8047550172742052,0.8654999999999992,0.17716592190974195,,
0.95,0.2,0.9,10,100,stratified,500,129,371,0.7250673854447439,0.7979444257262652,0.8341666666666658,0.17716592190974195,,
0.95,0.2,0.9,10,100,lang_reiczigel,500,129,371,1.0,0.8560794676210343,1.0,0.17716592190974195,,
0.95,0.2,0.9,10,100,wilson_known,500,129,371,0.3665768194070081,0.3792747895072138,0.3745803642935438,0.17716592190974195,,
0.95,0.2,0.9,10,100,point_rogan_gladen,500,129,371,,,,,-0.1664375561545373,0.32050792414533535
0.95,0.2,0.9,10,1000,judgy,500,122,378,0.4126984126984127,0.6197311323393316,0.6416249999999996,0.18149643538700566,,
0.95,0.2,0.9,10,1000,skill,500,122,378,0.4126984126984127,0.7386893926629293,0.7026666666666677,0.18149643538700566,,
0.95,0.2,0.9,10,1000,repo,500,122,378,0.4576719576719577,0.7603506791053962,0.7452625,0.18149643538700566,,
0.95,0.2,0.9,10,1000,stratified,500,122,378,0.42592592592592593,0.7004942995716801,0.6331937499999994,0.18149643538700566,,
0.95,0.2,0.9,10,1000,lang_reiczigel,500,122,378,1.0,0.8296390844143656,0.8850824162676757,0.18149643538700566,,
0.95,0.2,0.9,10,1000,wilson_known,500,122,378,0.015873015873015872,0.1290362304557449,0.10749643537273923,0.18149643538700566,,
0.95,0.2,0.9,10,1000,point_rogan_gladen,500,122,378,,,,,-0.17265784832451492,0.29479582757048783
0.95,0.2,0.9,20,100,judgy,500,55,445,0.651685393258427,0.6423734942889054,0.6699999999999998,0.10065505617977528,,
0.95,0.2,0.9,20,100,skill,500,55,445,0.6561797752808989,0.7838576656116188,0.8424999999999998,0.10065505617977528,,
0.95,0.2,0.9,20,100,repo,500,55,445,0.8067415730337079,0.8438147594323872,0.9299999999999999,0.10065505617977528,,
0.95,0.2,0.9,20,100,stratified,500,55,445,0.7932584269662921,0.8223556369036704,0.911111111111111,0.10065505617977528,,
0.95,0.2,0.9,20,100,lang_reiczigel,500,55,445,1.0,0.8002949159333113,0.9010295773545763,0.10065505617977528,,
0.95,0.2,0.9,20,100,wilson_known,500,55,445,0.5865168539325842,0.44826809356800495,0.4127035452938488,0.10065505617977528,,
0.95,0.2,0.9,20,100,point_rogan_gladen,500,55,445,,,,,-0.13683574103798804,0.3115319849310804
0.95,0.2,0.9,20,1000,judgy,500,44,456,0.6118421052631579,0.6974195408081536,0.7619062499999998,0.10511513157894736,,
0.95,0.2,0.9,20,1000,skill,500,44,456,0.6206140350877193,0.805543238476801,0.8584444444444443,0.10511513157894736,,
0.95,0.2,0.9,20,1000,repo,500,44,456,0.6337719298245614,0.8152358102762363,0.8723669642857153,0.10511513157894736,,
0.95,0.2,0.9,20,1000,stratified,500,44,456,0.6337719298245614,0.781880135559494,0.8333333333333333,0.10511513157894736,,
0.95,0.2,0.9,20,1000,lang_reiczigel,500,44,456,1.0,0.7335779238773967,0.7652763567722372,0.10511513157894736,,
0.95,0.2,0.9,20,1000,wilson_known,500,44,456,0.3442982456140351,0.17121652437123464,0.1456202287510282,0.10511513157894736,,
0.95,0.2,0.9,20,1000,point_rogan_gladen,500,44,456,,,,,-0.11169818643831775,0.24516022990664654
0.95,0.2,0.9,50,100,judgy,500,4,496,0.8104838709677419,0.5101416114744689,0.4655305885348836,0.0333366935483871,,
0.95,0.2,0.9,50,100,skill,500,4,496,0.8487903225806451,0.6316951142246195,0.6279707792207797,0.0333366935483871,,
0.95,0.2,0.9,50,100,repo,500,4,496,0.9294354838709677,0.7439921968387,0.824089042207792,0.0333366935483871,,
0.95,0.2,0.9,50,100,stratified,500,4,496,0.9274193548387096,0.7270999093447273,0.7873015873015878,0.0333366935483871,,
0.95,0.2,0.9,50,100,lang_reiczigel,500,4,496,0.9959677419354839,0.7139213564825612,0.7001721316384624,0.0333366935483871,,
0.95,0.2,0.9,50,100,wilson_known,500,4,496,0.8004032258064516,0.5170688110833587,0.4994593431282069,0.0333366935483871,,
0.95,0.2,0.9,50,100,point_rogan_gladen,500,4,496,,,,,-0.08734943651778314,0.2379455623379604
0.95,0.2,0.9,50,1000,judgy,500,5,495,0.9191919191919192,0.523979102421727,0.4504021974885841,0.04323333333333333,,
0.95,0.2,0.9,50,1000,skill,500,5,495,0.9313131313131313,0.6654274234460769,0.6204983182456678,0.04323333333333333,,
0.95,0.2,0.9,50,1000,repo,500,5,495,0.9393939393939394,0.6810171586033266,0.681469516129032,0.04323333333333333,,
0.95,0.2,0.9,50,1000,stratified,500,5,495,0.9373737373737374,0.6537480508533654,0.6,0.04323333333333333,,
0.95,0.2,0.9,50,1000,lang_reiczigel,500,5,495,1.0,0.5768054907691996,0.5045286254397372,0.04323333333333333,,
0.95,0.2,0.9,50,1000,wilson_known,500,5,495,0.3898989898989899,0.15133560538923882,0.14237001688390616,0.04323333333333333,,
0.95,0.2,0.9,50,1000,point_rogan_gladen,500,5,495,,,,,-0.033039833070804416,0.1517032533226853
0.95,0.2,0.9,100,100,judgy,500,0,500,0.762,0.37555464778576436,0.33549782333332406,0.008888,,
0.95,0.2,0.9,100,100,skill,500,0,500,0.784,0.42356650252217243,0.37159124276146765,0.008888,,
0.95,0.2,0.9,100,100,repo,500,0,500,0.952,0.6162194901742785,0.597527008444702,0.008888,,
0.95,0.2,0.9,100,100,stratified,500,0,500,0.956,0.6115332752684871,0.5859926470588233,0.008888,,
0.95,0.2,0.9,100,100,lang_reiczigel,500,0,500,0.988,0.6535481916146295,0.62952837770029,0.008888,,
0.95,0.2,0.9,100,100,wilson_known,500,0,500,0.846,0.5351416933040255,0.5374247133124812,0.008888,,
0.95,0.2,0.9,100,100,point_rogan_gladen,500,0,500,,,,,-0.062513939033327,0.1937182659127795
0.95,0.2,0.9,100,1000,judgy,500,1,499,0.9318637274549099,0.3773486425486108,0.33514933812227954,0.007054108216432866,,
0.95,0.2,0.9,100,1000,skill,500,1,499,0.9378757515030061,0.42232412767643285,0.3539047521406805,0.007054108216432866,,
0.95,0.2,0.9,100,1000,repo,500,1,499,0.9579158316633266,0.45039084555398673,0.38477277385589126,0.007054108216432866,,
0.95,0.2,0.9,100,1000,stratified,500,1,499,0.9579158316633266,0.44028650890066856,0.381951871657753,0.007054108216432866,,
0.95,0.2,0.9,100,1000,lang_reiczigel,500,1,499,0.9879759519038076,0.41677329622030385,0.37907753428481616,0.007054108216432866,,
0.95,0.2,0.9,100,1000,wilson_known,500,1,499,0.5470941883767535,0.16968337660561086,0.16792318760834668,0.007054108216432866,,
0.95,0.2,0.9,100,1000,point_rogan_gladen,500,1,499,,,,,-0.023968390430815816,0.11133402289648092
0.95,0.2,0.9,200,100,judgy,500,0,500,0.66,0.25093458217384296,0.24899691148209352,0.000397,,
0.95,0.2,0.9,200,100,skill,500,0,500,0.652,0.2553764085996661,0.25050968853141364,0.000397,,
0.95,0.2,0.9,200,100,repo,500,0,500,0.92,0.5059067893533534,0.4956366128099722,0.000397,,
0.95,0.2,0.9,200,100,stratified,500,0,500,0.922,0.5059934998907892,0.5,0.000397,,
0.95,0.2,0.9,200,100,lang_reiczigel,500,0,500,0.976,0.5887456438532255,0.5808402553484975,0.000397,,
0.95,0.2,0.9,200,100,wilson_known,500,0,500,0.898,0.5219258137099162,0.5300372929592021,0.000397,,
0.95,0.2,0.9,200,100,point_rogan_gladen,500,0,500,,,,,-0.03821956727040272,0.1590658350282409
0.95,0.2,0.9,200,1000,judgy,500,0,500,0.934,0.2672108717223084,0.25556981821357416,0.00042400000000000006,,
0.95,0.2,0.9,200,1000,skill,500,0,500,0.938,0.27303508227315526,0.2575555820917412,0.00042400000000000006,,
0.95,0.2,0.9,200,1000,repo,500,0,500,0.964,0.31117324298725985,0.2946144981149796,0.00042400000000000006,,
0.95,0.2,0.9,200,1000,stratified,500,0,500,0.964,0.3087216972510292,0.2929586144535002,0.00042400000000000006,,
0.95,0.2,0.9,200,1000,lang_reiczigel,500,0,500,0.982,0.31268082736271513,0.30150072585490906,0.00042400000000000006,,
0.95,0.2,0.9,200,1000,wilson_known,500,0,500,0.702,0.1717121195293205,0.17428663697774782,0.00042400000000000006,,
0.95,0.2,0.9,200,1000,point_rogan_gladen,500,0,500,,,,,-0.011627324437877942,0.08807119918523854
0.95,0.3,0.1,10,100,judgy,500,37,463,0.9546436285097192,0.6555993296356798,0.62875,0.11194721442794832,,
0.95,0.3,0.1,10,100,skill,500,37,463,0.9654427645788337,0.7048902454227107,0.65,0.11194721442794832,,
0.95,0.3,0.1,10,100,repo,500,37,463,0.978401727861771,0.7321795647192381,0.6964666666666666,0.11194721442794832,,
0.95,0.3,0.1,10,100,stratified,500,37,463,0.9654427645788337,0.7261105561555076,0.6875,0.11194721442794832,,
0.95,0.3,0.1,10,100,lang_reiczigel,500,37,463,0.8984881209503239,0.956032898528424,1.0,0.11194721442794832,,
0.95,0.3,0.1,10,100,wilson_known,500,37,463,0.48596112311015116,0.33011583050513776,0.3741783221838591,0.11194721442794832,,
0.95,0.3,0.1,10,100,point_rogan_gladen,500,37,463,,,,,0.1272842744009051,0.26797072660043797
0.95,0.3,0.1,10,1000,judgy,500,53,447,0.9753914988814317,0.653966877977577,0.61775,0.1187930648769575,,
0.95,0.3,0.1,10,1000,skill,500,53,447,0.9821029082774049,0.6810941671924893,0.6191999999999998,0.1187930648769575,,
0.95,0.3,0.1,10,1000,repo,500,53,447,0.9865771812080537,0.683980014301434,0.6259935714285714,0.1187930648769575,,
0.95,0.3,0.1,10,1000,stratified,500,53,447,0.9776286353467561,0.6745634809665849,0.6228571428571428,0.1187930648769575,,
0.95,0.3,0.1,10,1000,lang_reiczigel,500,53,447,0.8926174496644296,0.9440429030983666,1.0,0.1187930648769575,,
0.95,0.3,0.1,10,1000,wilson_known,500,53,447,0.2371364653243848,0.10628914448111494,0.1178076846438003,0.1187930648769575,,
0.95,0.3,0.1,10,1000,point_rogan_gladen,500,53,447,,,,,0.09642253471112526,0.23799638119545516
0.95,0.3,0.1,20,100,judgy,500,12,488,0.9364754098360656,0.5518868642268313,0.5523145251801165,0.04816290983606557,,
0.95,0.3,0.1,20,100,skill,500,12,488,0.9590163934426229,0.7043088658769089,0.6626799175824177,0.04816290983606557,,
0.95,0.3,0.1,20,100,repo,500,12,488,0.9754098360655737,0.7511947575313828,0.7413926829014355,0.04816290983606557,,
0.95,0.3,0.1,20,100,stratified,500,12,488,0.9733606557377049,0.728033156222193,0.7002884615384624,0.04816290983606557,,
0.95,0.3,0.1,20,100,lang_reiczigel,500,12,488,0.9323770491803278,0.891636314581409,0.9327129187116369,0.04816290983606557,,
0.95,0.3,0.1,20,100,wilson_known,500,12,488,0.639344262295082,0.3557973964334289,0.3995761214536485,0.04816290983606557,,
0.95,0.3,0.1,20,100,point_rogan_gladen,500,12,488,,,,,0.08317294727130795,0.21471043642545587
0.95,0.3,0.1,20,1000,judgy,500,11,489,0.9631901840490797,0.5366409192248088,0.5280000000000001,0.04421370143149284,,
0.95,0.3,0.1,20,1000,skill,500,11,489,0.967280163599182,0.680787744539561,0.6241899326818223,0.04421370143149284,,
0.95,0.3,0.1,20,1000,repo,500,11,489,0.9754601226993865,0.6851828734027768,0.6315625000000002,0.04421370143149284,,
0.95,0.3,0.1,20,1000,stratified,500,11,489,0.9693251533742331,0.650323824442078,0.5824875000000003,0.04421370143149284,,
0.95,0.3,0.1,20,1000,lang_reiczigel,500,11,489,0.8997955010224948,0.8360213067036945,0.8245682711375897,0.04421370143149284,,
0.95,0.3,0.1,20,1000,wilson_known,500,11,489,0.24539877300613497,0.11230141144762719,0.13770626947934744,0.04421370143149284,,
0.95,0.3,0.1,20,1000,point_rogan_gladen,500,11,489,,,,,0.05910752573942753,0.18634978468763877
0.95,0.3,0.1,50,100,judgy,500,0,500,0.87,0.394787676811176,0.40974090207120395,0.006208999999999999,,
0.95,0.3,0.1,50,100,skill,500,0,500,0.896,0.4364788671807064,0.42519230769230765,0.006208999999999999,,
0.95,0.3,0.1,50,100,repo,500,0,500,0.972,0.5572370916491104,0.5488674436466008,0.006208999999999999,,
0.95,0.3,0.1,50,100,stratified,500,0,500,0.972,0.5493680281798292,0.5477678571428568,0.006208999999999999,,
0.95,0.3,0.1,50,100,lang_reiczigel,500,0,500,0.946,0.688238586434987,0.6747159819376979,0.006208999999999999,,
0.95,0.3,0.1,50,100,wilson_known,500,0,500,0.76,0.3599881502883967,0.3968370841101657,0.006208999999999999,,
0.95,0.3,0.1,50,100,point_rogan_gladen,500,0,500,,,,,0.050819413270767826,0.18115192030081353
0.95,0.3,0.1,50,1000,judgy,500,0,500,0.936,0.3917150657118205,0.40758810193857276,0.005778,,
0.95,0.3,0.1,50,1000,skill,500,0,500,0.952,0.437953764988495,0.42519826555023893,0.005778,,
0.95,0.3,0.1,50,1000,repo,500,0,500,0.962,0.45074931441352506,0.4360602500378058,0.005778,,
0.95,0.3,0.1,50,1000,stratified,500,0,500,0.958,0.4380110341460805,0.4346033335270866,0.005778,,
0.95,0.3,0.1,50,1000,lang_reiczigel,500,0,500,0.93,0.5894443909803381,0.5663489751248865,0.005778,,
0.95,0.3,0.1,50,1000,wilson_known,500,0,500,0.394,0.12386317044617852,0.15257793593086771,0.005778,,
0.95,0.3,0.1,50,1000,point_rogan_gladen,500,0,500,,,,,0.023041260931508774,0.1379474170324154
0.95,0.3,0.1,100,100,judgy,500,0,500,0.834,0.31302063090972104,0.33860018524835733,0.00013000000000000002,,
0.95,0.3,0.1,100,100,skill,500,0,500,0.822,0.3135976940098785,0.3382825006280408,0.00013000000000000002,,
0.95,0.3,0.1,100,100,repo,500,0,500,0.95,0.4766587505671951,0.4950382281553396,0.00013000000000000002,,
0.95,0.3,0.1,100,100,stratified,500,0,500,0.95,0.47588153480744105,0.4858928571428558,0.00013000000000000002,,
0.95,0.3,0.1,100,100,lang_reiczigel,500,0,500,0.968,0.5483963413593581,0.5545399762965575,0.00013000000000000002,,
0.95,0.3,0.1,100,100,wilson_known,500,0,500,0.858,0.37602973498616177,0.40599180604992696,0.00013000000000000002,,
0.95,0.3,0.1,100,100,point_rogan_gladen,500,0,500,,,,,0.03455012828681701,0.15306168569710088
0.95,0.3,0.1,100,1000,judgy,500,0,500,0.914,0.3257337522212476,0.3429749112840847,7.6e-05,,
0.95,0.3,0.1,100,1000,skill,500,0,500,0.908,0.3255820342494541,0.34052121163757515,7.6e-05,,
0.95,0.3,0.1,100,1000,repo,500,0,500,0.926,0.34533708949062625,0.3577492370619083,7.6e-05,,
0.95,0.3,0.1,100,1000,stratified,500,0,500,0.926,0.34476937195468654,0.35821872107949987,7.6e-05,,
0.95,0.3,0.1,100,1000,lang_reiczigel,500,0,500,0.936,0.4281085733218124,0.43235026208176996,7.6e-05,,
0.95,0.3,0.1,100,1000,wilson_known,500,0,500,0.482,0.14318419590113007,0.1739632415137603,7.6e-05,,
0.95,0.3,0.1,100,1000,point_rogan_gladen,500,0,500,,,,,0.020033130325994693,0.11850123703677157
0.95,0.3,0.1,200,100,judgy,500,0,500,0.716,0.2532260973568387,0.2788572763459566,0.0,,
0.95,0.3,0.1,200,100,skill,500,0,500,0.714,0.25447444942734876,0.27883778141082377,0.0,,
0.95,0.3,0.1,200,100,repo,500,0,500,0.95,0.46450445379343025,0.47268367909188025,0.0,,
0.95,0.3,0.1,200,100,stratified,500,0,500,0.942,0.4647219129560183,0.47203179289264136,0.0,,
0.95,0.3,0.1,200,100,lang_reiczigel,500,0,500,0.958,0.48523219728604317,0.4912381077001815,0.0,,
0.95,0.3,0.1,200,100,wilson_known,500,0,500,0.894,0.39894683051651053,0.41316822606902653,0.0,,
0.95,0.3,0.1,200,100,point_rogan_gladen,500,0,500,,,,,0.04556833788433802,0.15411436541003587
0.95,0.3,0.1,200,1000,judgy,500,0,500,0.914,0.2714237058181115,0.2867133763920261,0.0,,
0.95,0.3,0.1,200,1000,skill,500,0,500,0.92,0.27237736759566233,0.28809643433745474,0.0,,
0.95,0.3,0.1,200,1000,repo,500,0,500,0.944,0.29958392061767675,0.3141059926060996,0.0,,
0.95,0.3,0.1,200,1000,stratified,500,0,500,0.942,0.2994113902519363,0.31148909218562304,0.0,,
0.95,0.3,0.1,200,1000,lang_reiczigel,500,0,500,0.954,0.34053713609466013,0.351381436114756,0.0,,
0.95,0.3,0.1,200,1000,wilson_known,500,0,500,0.646,0.16007457354013147,0.18743732870367014,0.0,,
0.95,0.3,0.1,200,1000,point_rogan_gladen,500,0,500,,,,,0.01062695641706769,0.09455194588043196
0.95,0.3,0.3,10,100,judgy,500,58,442,0.9343891402714932,0.7041752155104001,0.678,0.10539253393665159,,
0.95,0.3,0.3,10,100,skill,500,58,442,0.9479638009049773,0.721215157504637,0.6833333333333335,0.10539253393665159,,
0.95,0.3,0.3,10,100,repo,500,58,442,0.9705882352941176,0.7546826244441205,0.7321160714285715,0.10539253393665159,,
0.95,0.3,0.3,10,100,stratified,500,58,442,0.9570135746606335,0.746975472240178,0.7224374999999997,0.10539253393665159,,
0.95,0.3,0.3,10,100,lang_reiczigel,500,58,442,0.9276018099547512,0.9330065534503423,1.0,0.10539253393665159,,
0.95,0.3,0.3,10,100,wilson_known,500,58,442,0.5542986425339367,0.3897005154140983,0.4135252698216425,0.10539253393665159,,
0.95,0.3,0.3,10,100,point_rogan_gladen,500,58,442,,,,,0.03534502262443445,0.27697842979233617
0.95,0.3,0.3,10,1000,judgy,500,43,457,0.9715536105032823,0.711822179986781,0.6681999999999999,0.11047423164536316,,
0.95,0.3,0.3,10,1000,skill,500,43,457,0.973741794310722,0.7160424532845716,0.6709999999999999,0.11047423164536316,,
0.95,0.3,0.3,10,1000,repo,500,43,457,0.9824945295404814,0.7201517340292245,0.6750250000000001,0.11047423164536316,,
0.95,0.3,0.3,10,1000,stratified,500,43,457,0.9606126914660832,0.7110049831110418,0.6683333333333332,0.11047423164536316,,
0.95,0.3,0.3,10,1000,lang_reiczigel,500,43,457,0.9080962800875274,0.9289988383822088,1.0,0.11047423164536316,,
0.95,0.3,0.3,10,1000,wilson_known,500,43,457,0.24507658643326038,0.11749233244168696,0.12739895230487575,0.11047423164536316,,
0.95,0.3,0.3,10,1000,point_rogan_gladen,500,43,457,,,,,-0.0035406376992809787,0.2564010244014463
0.95,0.3,0.3,20,100,judgy,500,7,493,0.9046653144016227,0.6388134365773944,0.6295520231213875,0.047989858012170386,,
0.95,0.3,0.3,20,100,skill,500,7,493,0.9310344827586207,0.7466083710740292,0.7368286447407852,0.047989858012170386,,
0.95,0.3,0.3,20,100,repo,500,7,493,0.9594320486815415,0.7987131643489145,0.8292074458564525,0.047989858012170386,,
0.95,0.3,0.3,20,100,stratified,500,7,493,0.9594320486815415,0.7776920816111992,0.7910389610389612,0.047989858012170386,,
0.95,0.3,0.3,20,100,lang_reiczigel,500,7,493,0.9614604462474645,0.9012218129050851,0.9635011658442981,0.047989858012170386,,
0.95,0.3,0.3,20,100,wilson_known,500,7,493,0.6632860040567952,0.4233348387882644,0.4498367821363326,0.047989858012170386,,
0.95,0.3,0.3,20,100,point_rogan_gladen,500,7,493,,,,,-0.008430640803865897,0.24771841438515121
0.95,0.3,0.3,20,1000,judgy,500,13,487,0.9568788501026694,0.6722632300972338,0.6455060606060611,0.05068377823408624,,
0.95,0.3,0.3,20,1000,skill,500,13,487,0.971252566735113,0.7701877237422554,0.7810089285714286,0.05068377823408624,,
0.95,0.3,0.3,20,1000,repo,500,13,487,0.973305954825462,0.7759089301786677,0.789930795310884,0.05068377823408624,,
0.95,0.3,0.3,20,1000,stratified,500,13,487,0.9650924024640657,0.7543570272230051,0.751448863636364,0.05068377823408624,,
0.95,0.3,0.3,20,1000,lang_reiczigel,500,13,487,0.9342915811088296,0.8651078181308601,0.9118008820355227,0.05068377823408624,,
0.95,0.3,0.3,20,1000,wilson_known,500,13,487,0.30184804928131415,0.1484614768906904,0.16635803499628488,0.05068377823408624,,
0.95,0.3,0.3,20,1000,point_rogan_gladen,500,13,487,,,,,-0.023781680104061963,0.22787865636767707
0.95,0.3,0.3,50,100,judgy,500,0,500,0.86,0.519295977909025,0.5210042421314309,0.0058460000000000005,,
0.95,0.3,0.3,50,100,skill,500,0,500,0.876,0.5479760045000649,0.5318781643404483,0.0058460000000000005,,
0.95,0.3,0.3,50,100,repo,500,0,500,0.958,0.685395667063265,0.6783310509518022,0.0058460000000000005,,
0.95,0.3,0.3,50,100,stratified,500,0,500,0.95,0.6781012160730862,0.6666666666666671,0.0058460000000000005,,
0.95,0.3,0.3,50,100,lang_reiczigel,500,0,500,0.958,0.7672657802704548,0.7534690042107759,0.0058460000000000005,,
0.95,0.3,0.3,50,100,wilson_known,500,0,500,0.816,0.4819096492326746,0.4990085583658545,0.0058460000000000005,,
0.95,0.3,0.3,50,100,point_rogan_gladen,500,0,500,,,,,-0.018681602715310035,0.21768627509165445
0.95,0.3,0.3,50,1000,judgy,500,0,500,0.95,0.5336856695200966,0.5249491607698737,0.006717,,
0.95,0.3,0.3,50,1000,skill,500,0,500,0.972,0.5685134432479413,0.5405407872252519,0.006717,,
0.95,0.3,0.3,50,1000,repo,500,0,500,0.98,0.5874048711133253,0.5574601348666395,0.006717,,
0.95,0.3,0.3,50,1000,stratified,500,0,500,0.974,0.5777287766880197,0.5541881127450979,0.006717,,
0.95,0.3,0.3,50,1000,lang_reiczigel,500,0,500,0.936,0.648367226661571,0.635057378117087,0.006717,,
0.95,0.3,0.3,50,1000,wilson_known,500,0,500,0.422,0.17338675153528976,0.18184635834992371,0.006717,,
0.95,0.3,0.3,50,1000,point_rogan_gladen,500,0,500,,,,,-0.020060628438898432,0.17652761675333975
0.95,0.3,0.3,100,100,judgy,500,0,500,0.796,0.4129766540028436,0.422338059646179,0.000246,,
0.95,0.3,0.3,100,100,skill,500,0,500,0.81,0.4164113348844563,0.42770233466447305,0.000246,,
0.95,0.3,0.3,100,100,repo,500,0,500,0.946,0.6248702038878858,0.6342287368549305,0.000246,,
0.95,0.3,0.3,100,100,stratified,500,0,500,0.942,0.623312693574032,0.6305729006656426,0.000246,,
0.95,0.3,0.3,100,100,lang_reiczigel,500,0,500,0.966,0.6625253306451239,0.6649291793812333,0.000246,,
0.95,0.3,0.3,100,100,wilson_known,500,0,500,0.88,0.507192961944538,0.5242763442557136,0.000246,,
0.95,0.3,0.3,100,100,point_rogan_gladen,500,0,500,,,,,-0.004101378453833675,0.18915862113411983
0.95,0.3,0.3,100,1000,judgy,500,0,500,0.928,0.44041082944857407,0.4443069500651914,0.000116,,
0.95,0.3,0.3,100,1000,skill,500,0,500,0.932,0.4410340297202822,0.4444524255381968,0.000116,,
0.95,0.3,0.3,100,1000,repo,500,0,500,0.948,0.4685011338840447,0.47052769395383054,0.000116,,
0.95,0.3,0.3,100,1000,stratified,500,0,500,0.952,0.4676080261916641,0.46849814518528793,0.000116,,
0.95,0.3,0.3,100,1000,lang_reiczigel,500,0,500,0.944,0.4961726880799009,0.49718256629261953,0.000116,,
0.95,0.3,0.3,100,1000,wilson_known,500,0,500,0.526,0.1944188423147055,0.1951460443357056,0.000116,,
0.95,0.3,0.3,100,1000,point_rogan_gladen,500,0,500,,,,,-0.01300095763898448,0.14054117077674005
0.95,0.3,0.3,200,100,judgy,500,0,500,0.682,0.3193673727763923,0.32989650229913564,0.0,,
0.95,0.3,0.3,200,100,skill,500,0,500,0.68,0.31930359365382904,0.33189279916747705,0.0,,
0.95,0.3,0.3,200,100,repo,500,0,500,0.96,0.5915262218913215,0.604974326601526,0.0,,
0.95,0.3,0.3,200,100,stratified,500,0,500,0.96,0.5917274532214376,0.60377358490566,0.0,,
0.95,0.3,0.3,200,100,lang_reiczigel,500,0,500,0.974,0.5986103217687523,0.6099213993880486,0.0,,
0.95,0.3,0.3,200,100,wilson_known,500,0,500,0.928,0.5203889962510088,0.5405653169986966,0.0,,
0.95,0.3,0.3,200,100,point_rogan_gladen,500,0,500,,,,,-0.008766697348425964,0.17217780648854691
0.95,0.3,0.3,200,1000,judgy,500,0,500,0.892,0.34784855091038036,0.3498008682481475,0.0,,
0.95,0.3,0.3,200,1000,skill,500,0,500,0.89,0.34833211199698577,0.3504188450915072,0.0,,
0.95,0.3,0.3,200,1000,repo,500,0,500,0.946,0.393117634432763,0.39610289215540656,0.0,,
0.95,0.3,0.3,200,1000,stratified,500,0,500,0.946,0.39193819500518834,0.3942112954562932,0.0,,
0.95,0.3,0.3,200,1000,lang_reiczigel,500,0,500,0.942,0.39836877036253066,0.3979871162632037,0.0,,
0.95,0.3,0.3,200,1000,wilson_known,500,0,500,0.634,0.20353252144816578,0.20178846824220562,0.0,,
0.95,0.3,0.3,200,1000,point_rogan_gladen,500,0,500,,,,,-0.010369085689038467,0.11353009965719385
0.95,0.3,0.5,10,100,judgy,500,44,456,0.9407894736842105,0.7487297925760784,0.7299305555555549,0.11298502979559955,,
0.95,0.3,0.5,10,100,skill,500,44,456,0.9495614035087719,0.7667805125780043,0.7439999999999998,0.11298502979559955,,
0.95,0.3,0.5,10,100,repo,500,44,456,0.9627192982456141,0.8031446614618165,0.7922499999999998,0.11298502979559955,,
0.95,0.3,0.5,10,100,stratified,500,44,456,0.9649122807017544,0.7979080405005569,0.7850297619047617,0.11298502979559955,,
0.95,0.3,0.5,10,100,lang_reiczigel,500,44,456,0.9627192982456141,0.8847283094935947,1.0,0.11298502979559955,,
0.95,0.3,0.5,10,100,wilson_known,500,44,456,0.5548245614035088,0.42923972252118686,0.4149887250526819,0.11298502979559955,,
0.95,0.3,0.5,10,100,point_rogan_gladen,500,44,456,,,,,-0.02162332915622387,0.30175843681666725
0.95,0.3,0.5,10,1000,judgy,500,59,441,0.9433106575963719,0.7611263148708811,0.736,0.11673622355395386,,
0.95,0.3,0.5,10,1000,skill,500,59,441,0.9433106575963719,0.7736803371850182,0.7427250000000002,0.11673622355395386,,
0.95,0.3,0.5,10,1000,repo,500,59,441,0.9591836734693877,0.7782687778187902,0.7482341269841263,0.11673622355395386,,
0.95,0.3,0.5,10,1000,stratified,500,59,441,0.9183673469387755,0.7655064853057625,0.7416666666666663,0.11673622355395386,,
0.95,0.3,0.5,10,1000,lang_reiczigel,500,59,441,0.9455782312925171,0.8594563606516714,0.9844110233908057,0.11673622355395386,,
0.95,0.3,0.5,10,1000,wilson_known,500,59,441,0.2494331065759637,0.16717600948717734,0.15441691375504363,0.11673622355395386,,
0.95,0.3,0.5,10,1000,point_rogan_gladen,500,59,441,,,,,-0.03517946226109503,0.2705875578576499
0.95,0.3,0.5,20,100,judgy,500,11,489,0.8916155419222904,0.7172694098507233,0.6888888888888891,0.049118609406952965,,
0.95,0.3,0.5,20,100,skill,500,11,489,0.8997955010224948,0.7683974539340274,0.746136359342528,0.049118609406952965,,
0.95,0.3,0.5,20,100,repo,500,11,489,0.9652351738241309,0.8208663475725542,0.8380999999999997,0.049118609406952965,,
0.95,0.3,0.5,20,100,stratified,500,11,489,0.9570552147239264,0.8129055263499282,0.8000000000000009,0.049118609406952965,,
0.95,0.3,0.5,20,100,lang_reiczigel,500,11,489,0.9488752556237219,0.8477084229033323,0.9180469977341763,0.049118609406952965,,
0.95,0.3,0.5,20,100,wilson_known,500,11,489,0.65439672801636,0.49290002426134705,0.4660319183591519,0.049118609406952965,,
0.95,0.3,0.5,20,100,point_rogan_gladen,500,11,489,,,,,-0.030663131460677465,0.2816114676185414
0.95,0.3,0.5,20,1000,judgy,500,9,491,0.9368635437881874,0.7511664305019391,0.7139135714285714,0.04331160896130346,,
0.95,0.3,0.5,20,1000,skill,500,9,491,0.9490835030549898,0.7956471886337892,0.8487390540081517,0.04331160896130346,,
0.95,0.3,0.5,20,1000,repo,500,9,491,0.9490835030549898,0.8014401552113041,0.8612749999999998,0.04331160896130346,,
0.95,0.3,0.5,20,1000,stratified,500,9,491,0.9511201629327902,0.7831147234964063,0.8142500000000008,0.04331160896130346,,
0.95,0.3,0.5,20,1000,lang_reiczigel,500,9,491,0.9633401221995926,0.7869292631916487,0.8141490154847641,0.04331160896130346,,
0.95,0.3,0.5,20,1000,wilson_known,500,9,491,0.3319755600814664,0.1770975215780508,0.1600037673665181,0.04331160896130346,,
0.95,0.3,0.5,20,1000,point_rogan_gladen,500,9,491,,,,,-0.031243148682049,0.24522550130597007
0.95,0.3,0.5,50,100,judgy,500,0,500,0.812,0.5759162267626939,0.5696886624405701,0.004287,,
0.95,0.3,0.5,50,100,skill,500,0,500,0.82,0.5964811695007008,0.5756795207528663,0.004287,,
0.95,0.3,0.5,50,100,repo,500,0,500,0.946,0.7519148875731496,0.7452360546415983,0.004287,,
0.95,0.3,0.5,50,100,stratified,500,0,500,0.95,0.7490729549183075,0.737633145363408,0.004287,,
0.95,0.3,0.5,50,100,lang_reiczigel,500,0,500,0.962,0.7739642475909239,0.7815707575251749,0.004287,,
0.95,0.3,0.5,50,100,wilson_known,500,0,500,0.826,0.5429703121505534,0.541493161622884,0.004287,,
0.95,0.3,0.5,50,100,point_rogan_gladen,500,0,500,,,,,-0.04041962012875318,0.22439144999371194
0.95,0.3,0.5,50,1000,judgy,500,1,499,0.9238476953907816,0.6104068614200787,0.6031680262859218,0.0041182364729458925,,
0.95,0.3,0.5,50,1000,skill,500,1,499,0.9378757515030061,0.6283007294068402,0.6075545698042474,0.0041182364729458925,,
0.95,0.3,0.5,50,1000,repo,500,1,499,0.9478957915831663,0.6486040523283089,0.6336996655868902,0.0041182364729458925,,
0.95,0.3,0.5,50,1000,stratified,500,1,499,0.9458917835671342,0.641700284345873,0.6294570707070708,0.0041182364729458925,,
0.95,0.3,0.5,50,1000,lang_reiczigel,500,1,499,0.9458917835671342,0.6185774250910179,0.6140764812966998,0.0041182364729458925,,
0.95,0.3,0.5,50,1000,wilson_known,500,1,499,0.4468937875751503,0.19174886213963624,0.18590557975147004,0.0041182364729458925,,
0.95,0.3,0.5,50,1000,point_rogan_gladen,500,1,499,,,,,-0.02054145554015259,0.17363166576342245
0.95,0.3,0.5,100,100,judgy,500,0,500,0.75,0.4369357840183542,0.4258679832341298,0.00015099999999999998,,
0.95,0.3,0.5,100,100,skill,500,0,500,0.748,0.43706449938399805,0.4283057568371102,0.00015099999999999998,,
0.95,0.3,0.5,100,100,repo,500,0,500,0.938,0.6945868710087391,0.6893726755277776,0.00015099999999999998,,
0.95,0.3,0.5,100,100,stratified,500,0,500,0.946,0.693672728931305,0.6923076923076921,0.00015099999999999998,,
0.95,0.3,0.5,100,100,lang_reiczigel,500,0,500,0.978,0.6953203597648369,0.6955604950510511,0.00015099999999999998,,
0.95,0.3,0.5,100,100,wilson_known,500,0,500,0.884,0.5634581566494946,0.5625238882217896,0.00015099999999999998,,
0.95,0.3,0.5,100,100,point_rogan_gladen,500,0,500,,,,,-0.010257084915305987,0.18915692902774292
0.95,0.3,0.5,100,1000,judgy,500,0,500,0.922,0.4621245399111333,0.45264385011831115,0.00015999999999999999,,
0.95,0.3,0.5,100,1000,skill,500,0,500,0.924,0.46357803715642865,0.45546354694170044,0.00015999999999999999,,
0.95,0.3,0.5,100,1000,repo,500,0,500,0.952,0.5014305625054495,0.49947661523504955,0.00015999999999999999,,
0.95,0.3,0.5,100,1000,stratified,500,0,500,0.954,0.5000270223993987,0.49286022167487664,0.00015999999999999999,,
0.95,0.3,0.5,100,1000,lang_reiczigel,500,0,500,0.968,0.47346034244331714,0.45781632614927326,0.00015999999999999999,,
0.95,0.3,0.5,100,1000,wilson_known,500,0,500,0.632,0.198439805229789,0.19038136149307583,0.00015999999999999999,,
0.95,0.3,0.5,100,1000,point_rogan_gladen,500,0,500,,,,,-0.023372144314657128,0.12365733970303418
0.95,0.3,0.5,200,100,judgy,500,0,500,0.576,0.30372061089863733,0.2936953415587573,0.0,,
0.95,0.3,0.5,200,100,skill,500,0,500,0.572,0.30386248575631336,0.2947447518930198,0.0,,
0.95,0.3,0.5,200,100,repo,500,0,500,0.952,0.6347892389162787,0.6299245920295513,0.0,,
0.95,0.3,0.5,200,100,stratified,500,0,500,0.95,0.6352834968086132,0.632481412321284,0.0,,
0.95,0.3,0.5,200,100,lang_reiczigel,500,0,500,0.972,0.6365189170516172,0.6313682646622129,0.0,,
0.95,0.3,0.5,200,100,wilson_known,500,0,500,0.92,0.5622123177936663,0.5584164721488294,0.0,,
0.95,0.3,0.5,200,100,point_rogan_gladen,500,0,500,,,,,-0.012186269906624742,0.17689059740877974
0.95,0.3,0.5,200,1000,judgy,500,0,500,0.902,0.31220211400771225,0.3029151625432449,0.0,,
0.95,0.3,0.5,200,1000,skill,500,0,500,0.898,0.3122628954904399,0.3012825773217722,0.0,,
0.95,0.3,0.5,200,1000,repo,500,0,500,0.96,0.3703751136628397,0.3598159100948681,0.0,,
0.95,0.3,0.5,200,1000,stratified,500,0,500,0.956,0.37003459804572447,0.36049685154969546,0.0,,
0.95,0.3,0.5,200,1000,lang_reiczigel,500,0,500,0.962,0.35476784932426686,0.34543503245792717,0.0,,
0.95,0.3,0.5,200,1000,wilson_known,500,0,500,0.718,0.19330380546600417,0.18867795737843204,0.0,,
0.95,0.3,0.5,200,1000,point_rogan_gladen,500,0,500,,,,,-0.008278011784676555,0.08989692511956132
0.95,0.3,0.7,10,100,judgy,500,43,457,0.8665207877461707,0.7274673255886467,0.7599999999999998,0.11181181619256017,,
0.95,0.3,0.7,10,100,skill,500,43,457,0.8774617067833698,0.7743577095740389,0.7800000000000001,0.11181181619256017,,
0.95,0.3,0.7,10,100,repo,500,43,457,0.9540481400437637,0.8175388882220637,0.8314857142857138,0.11181181619256017,,
0.95,0.3,0.7,10,100,stratified,500,43,457,0.936542669584245,0.8096004002987044,0.8250000000000004,0.11181181619256017,,
0.95,0.3,0.7,10,100,lang_reiczigel,500,43,457,0.9978118161925602,0.8176801213905566,0.9451730420186044,0.11181181619256017,,
0.95,0.3,0.7,10,100,wilson_known,500,43,457,0.6017505470459519,0.41635366703189236,0.39712174814746126,0.11181181619256017,,
0.95,0.3,0.7,10,100,point_rogan_gladen,500,43,457,,,,,-0.0729029905178701,0.2885562341699807
0.95,0.3,0.7,10,1000,judgy,500,56,444,0.9234234234234234,0.7484788150942837,0.7769999999999999,0.11024669541978195,,
0.95,0.3,0.7,10,1000,skill,500,56,444,0.9279279279279279,0.7938981398551712,0.7967708333333332,0.11024669541978195,,
0.95,0.3,0.7,10,1000,repo,500,56,444,0.9279279279279279,0.7970451450234263,0.8035380952380953,0.11024669541978195,,
0.95,0.3,0.7,10,1000,stratified,500,56,444,0.9211711711711712,0.7854069808647932,0.8047125000000002,0.11024669541978195,,
0.95,0.3,0.7,10,1000,lang_reiczigel,500,56,444,0.9954954954954955,0.7679222806979118,0.7339017297548618,0.11024669541978195,,
0.95,0.3,0.7,10,1000,wilson_known,500,56,444,0.25675675675675674,0.14159419471669799,0.1334017556017253,0.11024669541978195,,
0.95,0.3,0.7,10,1000,point_rogan_gladen,500,56,444,,,,,-0.04453818103818101,0.26458062910396923
0.95,0.3,0.7,20,100,judgy,500,9,491,0.8187372708757638,0.7000847472738297,0.7000000000000003,0.055274949083503055,,
0.95,0.3,0.7,20,100,skill,500,9,491,0.8431771894093686,0.7555506217914841,0.7599999999999998,0.055274949083503055,,
0.95,0.3,0.7,20,100,repo,500,9,491,0.9164969450101833,0.8137707980516935,0.8599999999999998,0.055274949083503055,,
0.95,0.3,0.7,20,100,stratified,500,9,491,0.9124236252545825,0.7980979730554576,0.8222222222222225,0.055274949083503055,,
0.95,0.3,0.7,20,100,lang_reiczigel,500,9,491,0.9938900203665988,0.7833158550614309,0.8346983498760707,0.055274949083503055,,
0.95,0.3,0.7,20,100,wilson_known,500,9,491,0.7169042769857433,0.48265143784010184,0.45369481836749,0.055274949083503055,,
0.95,0.3,0.7,20,100,point_rogan_gladen,500,9,491,,,,,-0.06747000114617209,0.28743232223752124
0.95,0.3,0.7,20,1000,judgy,500,14,486,0.8909465020576132,0.7230808075282,0.7226999999999999,0.045510288065843625,,
0.95,0.3,0.7,20,1000,skill,500,14,486,0.8930041152263375,0.7633155325181825,0.7500795454545457,0.045510288065843625,,
0.95,0.3,0.7,20,1000,repo,500,14,486,0.9074074074074074,0.7685383558135364,0.7534924242424241,0.045510288065843625,,
0.95,0.3,0.7,20,1000,stratified,500,14,486,0.9032921810699589,0.7546006848789641,0.7464062500000002,0.045510288065843625,,
0.95,0.3,0.7,20,1000,lang_reiczigel,500,14,486,0.9979423868312757,0.6896227991991124,0.6414998407828818,0.045510288065843625,,
0.95,0.3,0.7,20,1000,wilson_known,500,14,486,0.3148148148148148,0.15816608498859164,0.1414542129821602,0.045510288065843625,,
0.95,0.3,0.7,20,1000,point_rogan_gladen,500,14,486,,,,,-0.059094791239852916,0.24433551302109136
0.95,0.3,0.7,50,100,judgy,500,1,499,0.7895791583166333,0.5420819542893044,0.5218327695622527,0.005098196392785572,,
0.95,0.3,0.7,50,100,skill,500,1,499,0.8056112224448898,0.5584759665073065,0.5296683460272736,0.005098196392785572,,
0.95,0.3,0.7,50,100,repo,500,1,499,0.9438877755511023,0.7102110155210364,0.7149560117302052,0.005098196392785572,,
0.95,0.3,0.7,50,100,stratified,500,1,499,0.9418837675350702,0.7069855666369408,0.7058823529411763,0.005098196392785572,,
0.95,0.3,0.7,50,100,lang_reiczigel,500,1,499,0.9919839679358717,0.6856531559972469,0.6753796607979841,0.005098196392785572,,
0.95,0.3,0.7,50,100,wilson_known,500,1,499,0.8517034068136272,0.5192155726357564,0.4991990823991337,0.005098196392785572,,
0.95,0.3,0.7,50,100,point_rogan_gladen,500,1,499,,,,,-0.037112210286242,0.19963172473796675
0.95,0.3,0.7,50,1000,judgy,500,0,500,0.928,0.5609117941697315,0.5389441805668372,0.004614000000000001,,
0.95,0.3,0.7,50,1000,skill,500,0,500,0.94,0.5763739015274753,0.5501079158444298,0.004614000000000001,,
0.95,0.3,0.7,50,1000,repo,500,0,500,0.956,0.6011091315332667,0.5735790713724954,0.004614000000000001,,
0.95,0.3,0.7,50,1000,stratified,500,0,500,0.952,0.5927822830286322,0.5723763450091576,0.004614000000000001,,
0.95,0.3,0.7,50,1000,lang_reiczigel,500,0,500,0.996,0.5109283714068678,0.4870403610410614,0.004614000000000001,,
0.95,0.3,0.7,50,1000,wilson_known,500,0,500,0.526,0.17084498909609744,0.1619481515917295,0.004614000000000001,,
0.95,0.3,0.7,50,1000,point_rogan_gladen,500,0,500,,,,,-0.0181857798470878,0.1348837261492721
0.95,0.3,0.7,100,100,judgy,500,0,500,0.67,0.3686774423986068,0.35352656891998835,0.00011599999999999999,,
0.95,0.3,0.7,100,100,skill,500,0,500,0.666,0.36896710992914517,0.3535575709002274,0.00011599999999999999,,
0.95,0.3,0.7,100,100,repo,500,0,500,0.938,0.6107673234722921,0.6046981760603252,0.00011599999999999999,,
0.95,0.3,0.7,100,100,stratified,500,0,500,0.938,0.6112648926425075,0.6001086956521735,0.00011599999999999999,,
0.95,0.3,0.7,100,100,lang_reiczigel,500,0,500,0.972,0.6135753029909031,0.601671553321286,0.00011599999999999999,,
0.95,0.3,0.7,100,100,wilson_known,500,0,500,0.89,0.5124228283257359,0.5100318714205843,0.00011599999999999999,,
0.95,0.3,0.7,100,100,point_rogan_gladen,500,0,500,,,,,-0.021154487239275956,0.17335478713798536
0.95,0.3,0.7,100,1000,judgy,500,0,500,0.882,0.37441582306431576,0.35756402085214334,0.000141,,
0.95,0.3,0.7,100,1000,skill,500,0,500,0.888,0.3757593235395997,0.35639927043282804,0.000141,,
0.95,0.3,0.7,100,1000,repo,500,0,500,0.936,0.4119129053372753,0.3909562822415489,0.000141,,
0.95,0.3,0.7,100,1000,stratified,500,0,500,0.934,0.412018918744703,0.3905692355312028,0.000141,,
0.95,0.3,0.7,100,1000,lang_reiczigel,500,0,500,0.968,0.3829326362039113,0.373050273280212,0.000141,,
0.95,0.3,0.7,100,1000,wilson_known,500,0,500,0.594,0.16910698457733508,0.16407043037502778,0.000141,,
0.95,0.3,0.7,100,1000,point_rogan_gladen,500,0,500,,,,,0.006351280210362868,0.10464156824516205
0.95,0.3,0.7,200,100,judgy,500,0,500,0.572,0.25024785921272813,0.2412584220147131,0.0,,
0.95,0.3,0.7,200,100,skill,500,0,500,0.574,0.2499268797933274,0.24220758994337066,0.0,,
0.95,0.3,0.7,200,100,repo,500,0,500,0.952,0.5528258894189655,0.5591619642247208,0.0,,
0.95,0.3,0.7,200,100,stratified,500,0,500,0.952,0.5535877515730693,0.5560201529427514,0.0,,
0.95,0.3,0.7,200,100,lang_reiczigel,500,0,500,0.97,0.5688292669449851,0.5679312503811604,0.0,,
0.95,0.3,0.7,200,100,wilson_known,500,0,500,0.944,0.5104625412672875,0.5084297149227671,0.0,,
0.95,0.3,0.7,200,100,point_rogan_gladen,500,0,500,,,,,0.005328462865453018,0.14252759005993337
0.95,0.3,0.7,200,1000,judgy,500,0,500,0.884,0.25269890669910894,0.2426756877701779,0.0,,
0.95,0.3,0.7,200,1000,skill,500,0,500,0.884,0.25218448545377076,0.24317175051815879,0.0,,
0.95,0.3,0.7,200,1000,repo,500,0,500,0.948,0.305195676587379,0.294910206135374,0.0,,
0.95,0.3,0.7,200,1000,stratified,500,0,500,0.948,0.30535024445570097,0.2952189869758425,0.0,,
0.95,0.3,0.7,200,1000,lang_reiczigel,500,0,500,0.96,0.2954097547536134,0.28685124547122387,0.0,,
0.95,0.3,0.7,200,1000,wilson_known,500,0,500,0.732,0.16723564659332835,0.16392338222986058,0.0,,
0.95,0.3,0.7,200,1000,point_rogan_gladen,500,0,500,,,,,0.0008244258412493311,0.07321814430969034
0.95,0.3,0.9,10,100,judgy,500,50,450,0.5311111111111111,0.575615322777531,0.6000000000000011,0.12729901839808794,,
0.95,0.3,0.9,10,100,skill,500,50,450,0.5311111111111111,0.691833162357704,0.7499999999999998,0.12729901839808794,,
0.95,0.3,0.9,10,100,repo,500,50,450,0.7644444444444445,0.7734827315816899,0.8533333333333332,0.12729901839808794,,
0.95,0.3,0.9,10,100,stratified,500,50,450,0.72,0.7669098544973545,0.8499999999999999,0.12729901839808794,,
0.95,0.3,0.9,10,100,lang_reiczigel,500,50,450,1.0,0.7616517768610556,0.9092181938640076,0.12729901839808794,,
0.95,0.3,0.9,10,100,wilson_known,500,50,450,0.42444444444444446,0.3379175956772423,0.3229112754389059,0.12729901839808794,,
0.95,0.3,0.9,10,100,point_rogan_gladen,500,50,450,,,,,-0.13232063492063487,0.2809808675361914
0.95,0.3,0.9,10,1000,judgy,500,49,451,0.4811529933481153,0.6002551381569894,0.6536000000000003,0.11125166297117516,,
0.95,0.3,0.9,10,1000,skill,500,49,451,0.48558758314855877,0.7092234956709954,0.737,0.11125166297117516,,
0.95,0.3,0.9,10,1000,repo,500,49,451,0.5144124168514412,0.7228101265445873,0.768437499999999,0.11125166297117516,,
0.95,0.3,0.9,10,1000,stratified,500,49,451,0.5055432372505543,0.6988179132351385,0.7066666666666654,0.11125166297117516,,
0.95,0.3,0.9,10,1000,lang_reiczigel,500,49,451,1.0,0.6937205724995945,0.6791759109845552,0.11125166297117516,,
0.95,0.3,0.9,10,1000,wilson_known,500,49,451,0.024390243902439025,0.08809617842455746,0.08333862245084034,0.11125166297117516,,
0.95,0.3,0.9,10,1000,point_rogan_gladen,500,49,451,,,,,-0.09803085735402797,0.2240380534904748
0.95,0.3,0.9,20,100,judgy,500,4,496,0.7056451612903226,0.5215389655034716,0.4755624999999995,0.0481461693548387,,
0.95,0.3,0.9,20,100,skill,500,4,496,0.7116935483870968,0.6525947444370355,0.6913333333333329,0.0481461693548387,,
0.95,0.3,0.9,20,100,repo,500,4,496,0.8729838709677419,0.7196160531877503,0.8243194444444446,0.0481461693548387,,
0.95,0.3,0.9,20,100,stratified,500,4,496,0.8608870967741935,0.6903294340628009,0.7416666666666665,0.0481461693548387,,
0.95,0.3,0.9,20,100,lang_reiczigel,500,4,496,1.0,0.6382676786033412,0.5980919567721121,0.0481461693548387,,
0.95,0.3,0.9,20,100,wilson_known,500,4,496,0.6612903225806451,0.3529406019959877,0.3224714290591948,0.0481461693548387,,
0.95,0.3,0.9,20,100,point_rogan_gladen,500,4,496,,,,,-0.05608606223525569,0.1835720336435823
0.95,0.3,0.9,20,1000,judgy,500,13,487,0.6529774127310062,0.5361574630475836,0.4817310606060608,0.044058521560574944,,
0.95,0.3,0.9,20,1000,skill,500,13,487,0.6509240246406571,0.6382146841082995,0.6460000000000004,0.044058521560574944,,
0.95,0.3,0.9,20,1000,repo,500,13,487,0.6714579055441479,0.646461856764556,0.6401541666666666,0.044058521560574944,,
0.95,0.3,0.9,20,1000,stratified,500,13,487,0.6694045174537988,0.6110902514052795,0.6156944444444437,0.044058521560574944,,
0.95,0.3,0.9,20,1000,lang_reiczigel,500,13,487,1.0,0.5505107340316774,0.47296219552486896,0.044058521560574944,,
0.95,0.3,0.9,20,1000,wilson_known,500,13,487,0.3347022587268994,0.11278134225972239,0.10579428001663116,0.044058521560574944,,
0.95,0.3,0.9,20,1000,point_rogan_gladen,500,13,487,,,,,-0.055287914686271776,0.16060957566772613
0.95,0.3,0.9,50,100,judgy,500,0,500,0.806,0.32542215636963306,0.29154577310370794,0.006226000000000001,,
0.95,0.3,0.9,50,100,skill,500,0,500,0.824,0.36569641266555764,0.3017208452041795,0.006226000000000001,,
0.95,0.3,0.9,50,100,repo,500,0,500,0.94,0.4823929435389921,0.42765749257871183,0.006226000000000001,,
0.95,0.3,0.9,50,100,stratified,500,0,500,0.938,0.4728222218219774,0.4167467948717954,0.006226000000000001,,
0.95,0.3,0.9,50,100,lang_reiczigel,500,0,500,0.998,0.4876815977772674,0.44822096078758483,0.006226000000000001,,
0.95,0.3,0.9,50,100,wilson_known,500,0,500,0.812,0.3552405427970898,0.3504015424830542,0.006226000000000001,,
0.95,0.3,0.9,50,100,point_rogan_gladen,500,0,500,,,,,-0.01934722348309468,0.12389167766638896
0.95,0.3,0.9,50,1000,judgy,500,0,500,0.89,0.3377661696382797,0.3011399591569179,0.005475,,
0.95,0.3,0.9,50,1000,skill,500,0,500,0.9,0.37779353755766215,0.30897126415522386,0.005475,,
0.95,0.3,0.9,50,1000,repo,500,0,500,0.908,0.3917077026068039,0.3252173414590357,0.005475,,
0.95,0.3,0.9,50,1000,stratified,500,0,500,0.912,0.380301559596239,0.3250284090909088,0.005475,,
0.95,0.3,0.9,50,1000,lang_reiczigel,500,0,500,0.994,0.35963068640562496,0.3268905195360687,0.005475,,
0.95,0.3,0.9,50,1000,wilson_known,500,0,500,0.412,0.10720848124198677,0.1094951623180132,0.005475,,
0.95,0.3,0.9,50,1000,point_rogan_gladen,500,0,500,,,,,-0.01492627670617976,0.1062342446851826
0.95,0.3,0.9,100,100,judgy,500,0,500,0.79,0.23509266101985032,0.2219123150312895,0.000119,,
0.95,0.3,0.9,100,100,skill,500,0,500,0.792,0.23516511054783656,0.2237509265612858,0.000119,,
0.95,0.3,0.9,100,100,repo,500,0,500,0.952,0.38583496052095745,0.3620726660300088,0.000119,,
0.95,0.3,0.9,100,100,stratified,500,0,500,0.954,0.38529354854671355,0.3637340510366825,0.000119,,
0.95,0.3,0.9,100,100,lang_reiczigel,500,0,500,0.99,0.4241484098275622,0.4027580875792137,0.000119,,
0.95,0.3,0.9,100,100,wilson_known,500,0,500,0.922,0.3597728938061317,0.35550826810136943,0.000119,,
0.95,0.3,0.9,100,100,point_rogan_gladen,500,0,500,,,,,-0.01570209342422401,0.10835852145517151
0.95,0.3,0.9,100,1000,judgy,500,0,500,0.922,0.23580023822971385,0.2288451997537176,0.000112,,
0.95,0.3,0.9,100,1000,skill,500,0,500,0.918,0.23564348553601394,0.22827083037641727,0.000112,,
0.95,0.3,0.9,100,1000,repo,500,0,500,0.944,0.25629334537020243,0.2486146989308773,0.000112,,
0.95,0.3,0.9,100,1000,stratified,500,0,500,0.944,0.2560437689612868,0.24587966954022944,0.000112,,
0.95,0.3,0.9,100,1000,lang_reiczigel,500,0,500,0.99,0.2576542642642184,0.25097685878294274,0.000112,,
0.95,0.3,0.9,100,1000,wilson_known,500,0,500,0.556,0.11415126205487179,0.11895115463032746,0.000112,,
0.95,0.3,0.9,100,1000,point_rogan_gladen,500,0,500,,,,,-0.004687937398216276,0.07478397175022287
0.95,0.3,0.9,200,100,judgy,500,0,500,0.642,0.16685732376743295,0.17366236706757632,1e-06,,
0.95,0.3,0.9,200,100,skill,500,0,500,0.642,0.16710646988670322,0.17339502618239788,1e-06,,
0.95,0.3,0.9,200,100,repo,500,0,500,0.938,0.34322919169072386,0.3380723070074908,1e-06,,
0.95,0.3,0.9,200,100,stratified,500,0,500,0.94,0.3436098161685467,0.33333333333333404,1e-06,,
0.95,0.3,0.9,200,100,lang_reiczigel,500,0,500,0.972,0.3918580165410445,0.38797953467256496,1e-06,,
0.95,0.3,0.9,200,100,wilson_known,500,0,500,0.904,0.354619951457304,0.360904344686696,1e-06,,
0.95,0.3,0.9,200,100,point_rogan_gladen,500,0,500,,,,,-0.0112445373368333,0.10254121414587708
0.95,0.3,0.9,200,1000,judgy,500,0,500,0.898,0.18220847761022707,0.18233078284186327,0.0,,
0.95,0.3,0.9,200,1000,skill,500,0,500,0.894,0.18257471531729322,0.18244201435114493,0.0,,
0.95,0.3,0.9,200,1000,repo,500,0,500,0.94,0.2092121297778726,0.20906889822703084,0.0,,
0.95,0.3,0.9,200,1000,stratified,500,0,500,0.938,0.20967496599660038,0.20875143585537626,0.0,,
0.95,0.3,0.9,200,1000,lang_reiczigel,500,0,500,0.954,0.2119386410722337,0.21076613635169683,0.0,,
0.95,0.3,0.9,200,1000,wilson_known,500,0,500,0.678,0.12070020032082643,0.12206688295969781,0.0,,
0.95,0.3,0.9,200,1000,point_rogan_gladen,500,0,500,,,,,-0.0018066301208074262,0.06369935415335097
0.95,0.45,0.1,10,100,judgy,500,13,487,0.9260780287474333,0.5243864146982211,0.5166666666666667,0.05499506837607715,,
0.95,0.45,0.1,10,100,skill,500,13,487,0.9363449691991786,0.6254885086779648,0.55,0.05499506837607715,,
0.95,0.45,0.1,10,100,repo,500,13,487,0.9486652977412731,0.6545615981698257,0.5903499999999998,0.05499506837607715,,
0.95,0.45,0.1,10,100,stratified,500,13,487,0.9342915811088296,0.6387475290081809,0.5857142857142856,0.05499506837607715,,
0.95,0.45,0.1,10,100,lang_reiczigel,500,13,487,0.9342915811088296,0.834033126361289,0.8555458942107814,0.05499506837607715,,
0.95,0.45,0.1,10,100,wilson_known,500,13,487,0.486652977412731,0.2521640281134924,0.30199571189180335,0.05499506837607715,,
0.95,0.45,0.1,10,100,point_rogan_gladen,500,13,487,,,,,0.0715045141944526,0.1980138548889802
0.95,0.45,0.1,10,1000,judgy,500,10,490,0.9428571428571428,0.504962327319759,0.4987777777777778,0.05041645261406213,,
0.95,0.45,0.1,10,1000,skill,500,10,490,0.9489795918367347,0.5924154484111814,0.5192777777777777,0.05041645261406213,,
0.95,0.45,0.1,10,1000,repo,500,10,490,0.9489795918367347,0.59394390393065,0.5243930902777776,0.05041645261406213,,
0.95,0.45,0.1,10,1000,stratified,500,10,490,0.9469387755102041,0.579834219914156,0.5218750000000001,0.05041645261406213,,
0.95,0.45,0.1,10,1000,lang_reiczigel,500,10,490,0.9244897959183673,0.7861616833411297,0.7240712749908629,0.05041645261406213,,
0.95,0.45,0.1,10,1000,wilson_known,500,10,490,0.07346938775510205,0.07498620515692711,0.08719518922993164,0.05041645261406213,,
0.95,0.45,0.1,10,1000,point_rogan_gladen,500,10,490,,,,,0.06019601554907674,0.1882117892582933
0.95,0.45,0.1,20,100,judgy,500,1,499,0.9258517034068137,0.40902178723943344,0.41962686567164176,0.011470941883767535,,
0.95,0.45,0.1,20,100,skill,500,1,499,0.9458917835671342,0.4684603371522056,0.4500000000000001,0.011470941883767535,,
0.95,0.45,0.1,20,100,repo,500,1,499,0.9679358717434869,0.5308380166283508,0.5160256497948011,0.011470941883767535,,
0.95,0.45,0.1,20,100,stratified,500,1,499,0.9639278557114228,0.5108846940051027,0.5,0.011470941883767535,,
0.95,0.45,0.1,20,100,lang_reiczigel,500,1,499,0.9579158316633266,0.6521072604219792,0.6228952629518778,0.011470941883767535,,
0.95,0.45,0.1,20,100,wilson_known,500,1,499,0.6072144288577155,0.25831893946084283,0.3038389641800118,0.011470941883767535,,
0.95,0.45,0.1,20,100,point_rogan_gladen,500,1,499,,,,,0.04107620836077753,0.15660764867084084
0.95,0.45,0.1,20,1000,judgy,500,2,498,0.9457831325301205,0.4126048999631435,0.42219481797957326,0.010332329317269077,,
0.95,0.45,0.1,20,1000,skill,500,2,498,0.9598393574297188,0.48916498378148776,0.45657898166023136,0.010332329317269077,,
0.95,0.45,0.1,20,1000,repo,500,2,498,0.9618473895582329,0.4926461655607375,0.45342203697203687,0.010332329317269077,,
0.95,0.45,0.1,20,1000,stratified,500,2,498,0.9558232931726908,0.46453700285297544,0.4400755494505493,0.010332329317269077,,
0.95,0.45,0.1,20,1000,lang_reiczigel,500,2,498,0.9497991967871486,0.6118961592564935,0.5696754183644299,0.010332329317269077,,
0.95,0.45,0.1,20,1000,wilson_known,500,2,498,0.25903614457831325,0.08665705386047479,0.11053967314396604,0.010332329317269077,,
0.95,0.45,0.1,20,1000,point_rogan_gladen,500,2,498,,,,,0.025155339305941694,0.1410136013944049
0.95,0.45,0.1,50,100,judgy,500,0,500,0.906,0.3116786797178819,0.3223598464225032,5.4000000000000005e-05,,
0.95,0.45,0.1,50,100,skill,500,0,500,0.9,0.3121998013420364,0.32402893216920753,5.4000000000000005e-05,,
0.95,0.45,0.1,50,100,repo,500,0,500,0.958,0.4014304816079855,0.40423659532765516,5.4000000000000005e-05,,
0.95,0.45,0.1,50,100,stratified,500,0,500,0.962,0.40123768434772844,0.40384615384615374,5.4000000000000005e-05,,
0.95,0.45,0.1,50,100,lang_reiczigel,500,0,500,0.972,0.4616055535278797,0.46569123966557535,5.4000000000000005e-05,,
0.95,0.45,0.1,50,100,wilson_known,500,0,500,0.772,0.2863454826361249,0.31432422203917304,5.4000000000000005e-05,,
0.95,0.45,0.1,50,100,point_rogan_gladen,500,0,500,,,,,0.021270890649343236,0.13139073400530948
0.95,0.45,0.1,50,1000,judgy,500,0,500,0.93,0.3236973399965612,0.3352377697520955,8.4e-05,,
0.95,0.45,0.1,50,1000,skill,500,0,500,0.936,0.32430712487426844,0.33432753187542885,8.4e-05,,
0.95,0.45,0.1,50,1000,repo,500,0,500,0.952,0.33393899952284534,0.3444207021163368,8.4e-05,,
0.95,0.45,0.1,50,1000,stratified,500,0,500,0.948,0.33385587676656553,0.3462806909194921,8.4e-05,,
0.95,0.45,0.1,50,1000,lang_reiczigel,500,0,500,0.942,0.3946861608545238,0.39701529111773415,8.4e-05,,
0.95,0.45,0.1,50,1000,wilson_known,500,0,500,0.346,0.10275058294010096,0.12581701454413913,8.4e-05,,
0.95,0.45,0.1,50,1000,point_rogan_gladen,500,0,500,,,,,0.023952397328927413,0.11745764242896638
0.95,0.45,0.1,100,100,judgy,500,0,500,0.82,0.24878706903760298,0.26585425773496285,0.0,,
0.95,0.45,0.1,100,100,skill,500,0,500,0.814,0.24863867491706554,0.26779885307398343,0.0,,
0.95,0.45,0.1,100,100,repo,500,0,500,0.956,0.3687505094231753,0.3860089527392516,0.0,,
0.95,0.45,0.1,100,100,stratified,500,0,500,0.954,0.3673170593079901,0.3818181818181819,0.0,,
0.95,0.45,0.1,100,100,lang_reiczigel,500,0,500,0.962,0.3926217099294324,0.40554037976642376,0.0,,
0.95,0.45,0.1,100,100,wilson_known,500,0,500,0.846,0.29827431422997575,0.32594246910146235,0.0,,
0.95,0.45,0.1,100,100,point_rogan_gladen,500,0,500,,,,,0.01860513369647136,0.12249533091867892
0.95,0.45,0.1,100,1000,judgy,500,0,500,0.936,0.2618215084309475,0.27282597281495236,0.0,,
0.95,0.45,0.1,100,1000,skill,500,0,500,0.946,0.26188927030105574,0.2733134007389699,0.0,,
0.95,0.45,0.1,100,1000,repo,500,0,500,0.952,0.2756074073657339,0.2858141344644477,0.0,,
0.95,0.45,0.1,100,1000,stratified,500,0,500,0.952,0.2755709738462848,0.285604967336585,0.0,,
0.95,0.45,0.1,100,1000,lang_reiczigel,500,0,500,0.96,0.3057520972549009,0.31492079424859043,0.0,,
0.95,0.45,0.1,100,1000,wilson_known,500,0,500,0.488,0.11256252703990663,0.13345144070230566,0.0,,
0.95,0.45,0.1,100,1000,point_rogan_gladen,500,0,500,,,,,0.0028834883888874743,0.08772647524955125
0.95,0.45,0.1,200,100,judgy,500,0,500,0.692,0.19479598904292286,0.21910746813557402,0.0,,
0.95,0.45,0.1,200,100,skill,500,0,500,0.694,0.1952502944037496,0.21821245919465762,0.0,,
0.95,0.45,0.1,200,100,repo,500,0,500,0.946,0.35142871719542407,0.3653028782968009,0.0,,
0.95,0.45,0.1,200,100,stratified,500,0,500,0.946,0.3518305333632728,0.3621429845614942,0.0,,
0.95,0.45,0.1,200,100,lang_reiczigel,500,0,500,0.95,0.36002983218552925,0.37109070342328687,0.0,,
0.95,0.45,0.1,200,100,wilson_known,500,0,500,0.882,0.3094571850714735,0.32580080914895604,0.0,,
0.95,0.45,0.1,200,100,point_rogan_gladen,500,0,500,,,,,0.019392155647034236,0.11617952289031877
0.95,0.45,0.1,200,1000,judgy,500,0,500,0.904,0.21164285800390628,0.2260596207329087,0.0,,
0.95,0.45,0.1,200,1000,skill,500,0,500,0.9,0.21172403938585888,0.2263639066415056,0.0,,
0.95,0.45,0.1,200,1000,repo,500,0,500,0.93,0.23245233583210648,0.2454766553285517,0.0,,
0.95,0.45,0.1,200,1000,stratified,500,0,500,0.932,0.2321053715767888,0.24629905042276243,0.0,,
0.95,0.45,0.1,200,1000,lang_reiczigel,500,0,500,0.954,0.2468343368687168,0.25872057501869905,0.0,,
0.95,0.45,0.1,200,1000,wilson_known,500,0,500,0.622,0.12014751011526797,0.1386606766734445,0.0,,
0.95,0.45,0.1,200,1000,point_rogan_gladen,500,0,500,,,,,-0.0027585508414313033,0.07479609992557017
0.95,0.45,0.3,10,100,judgy,500,12,488,0.9262295081967213,0.6403270714116267,0.5983241126830479,0.04590677562141727,,
0.95,0.45,0.3,10,100,skill,500,12,488,0.9282786885245902,0.6857920642356548,0.616,0.04590677562141727,,
0.95,0.45,0.3,10,100,repo,500,12,488,0.9528688524590164,0.7181143550232121,0.6611870300751879,0.04590677562141727,,
0.95,0.45,0.3,10,100,stratified,500,12,488,0.9508196721311475,0.7090883261774654,0.65,0.04590677562141727,,
0.95,0.45,0.3,10,100,lang_reiczigel,500,12,488,0.9262295081967213,0.8555554437743568,0.864698191693221,0.04590677562141727,,
0.95,0.45,0.3,10,100,wilson_known,500,12,488,0.5450819672131147,0.3279571816212285,0.34696686997469905,0.04590677562141727,,
0.95,0.45,0.3,10,100,point_rogan_gladen,500,12,488,,,,,0.0040243624772313335,0.23104342139846143
0.95,0.45,0.3,10,1000,judgy,500,11,489,0.9591002044989775,0.665504967718674,0.6088,0.04947471537404694,,
0.95,0.45,0.3,10,1000,skill,500,11,489,0.9611451942740287,0.7156044924319794,0.616,0.04947471537404694,,
0.95,0.45,0.3,10,1000,repo,500,11,489,0.9570552147239264,0.7178472193995634,0.6208622222222223,0.04947471537404694,,
0.95,0.45,0.3,10,1000,stratified,500,11,489,0.9570552147239264,0.7032482477602492,0.6187500000000001,0.04947471537404694,,
0.95,0.45,0.3,10,1000,lang_reiczigel,500,11,489,0.9386503067484663,0.8383114309393609,0.8218935270539042,0.04947471537404694,,
0.95,0.45,0.3,10,1000,wilson_known,500,11,489,0.1983640081799591,0.11066282121693885,0.11629064169197889,0.04947471537404694,,
0.95,0.45,0.3,10,1000,point_rogan_gladen,500,11,489,,,,,-0.0038898383484272394,0.21540961440941186
0.95,0.45,0.3,20,100,judgy,500,2,498,0.8995983935742972,0.5382851143610664,0.5362273788987735,0.005646586345381527,,
0.95,0.45,0.3,20,100,skill,500,2,498,0.9236947791164659,0.5674682288455646,0.5499999999999998,0.005646586345381527,,
0.95,0.45,0.3,20,100,repo,500,2,498,0.9497991967871486,0.6372586159114254,0.6210378003314003,0.005646586345381527,,
0.95,0.45,0.3,20,100,stratified,500,2,498,0.9497991967871486,0.6251796865489037,0.6160416666666666,0.005646586345381527,,
0.95,0.45,0.3,20,100,lang_reiczigel,500,2,498,0.9357429718875502,0.709959396087613,0.695161899206862,0.005646586345381527,,
0.95,0.45,0.3,20,100,wilson_known,500,2,498,0.6807228915662651,0.35862187323436057,0.36264220449644924,0.005646586345381527,,
0.95,0.45,0.3,20,100,point_rogan_gladen,500,2,498,,,,,0.007209129558527192,0.1973208583808832
0.95,0.45,0.3,20,1000,judgy,500,1,499,0.9078156312625251,0.5457285661436343,0.5382826334208222,0.009736472945891783,,
0.95,0.45,0.3,20,1000,skill,500,1,499,0.9258517034068137,0.5974219625551151,0.5579999999999998,0.009736472945891783,,
0.95,0.45,0.3,20,1000,repo,500,1,499,0.9318637274549099,0.6049838150122373,0.5681931066176471,0.009736472945891783,,
0.95,0.45,0.3,20,1000,stratified,500,1,499,0.9318637274549099,0.5829407181616248,0.5520666666666665,0.009736472945891783,,
0.95,0.45,0.3,20,1000,lang_reiczigel,500,1,499,0.9238476953907816,0.6650090742293234,0.6460835550172634,0.009736472945891783,,
0.95,0.45,0.3,20,1000,wilson_known,500,1,499,0.23046092184368738,0.11874706412235435,0.12719750687567863,0.009736472945891783,,
0.95,0.45,0.3,20,1000,point_rogan_gladen,500,1,499,,,,,-0.011972381993423984,0.19180864348628504
0.95,0.45,0.3,50,100,judgy,500,0,500,0.838,0.40918164299848986,0.4153815715713367,0.000112,,
0.95,0.45,0.3,50,100,skill,500,0,500,0.846,0.4097030788317512,0.41687501693770973,0.000112,,
0.95,0.45,0.3,50,100,repo,500,0,500,0.94,0.5342140725885431,0.5369140066680526,0.000112,,
0.95,0.45,0.3,50,100,stratified,500,0,500,0.94,0.5332765423928498,0.5357142857142858,0.000112,,
0.95,0.45,0.3,50,100,lang_reiczigel,500,0,500,0.956,0.56702269121861,0.5624717848084857,0.000112,,
0.95,0.45,0.3,50,100,wilson_known,500,0,500,0.812,0.39003257804820646,0.39930398189356897,0.000112,,
0.95,0.45,0.3,50,100,point_rogan_gladen,500,0,500,,,,,-0.008328271936166204,0.16057081527237063
0.95,0.45,0.3,50,1000,judgy,500,0,500,0.932,0.4248910838803479,0.43276350620215376,0.000152,,
0.95,0.45,0.3,50,1000,skill,500,0,500,0.932,0.4250527257198884,0.4317948315899119,0.000152,,
0.95,0.45,0.3,50,1000,repo,500,0,500,0.94,0.44025545348221357,0.4459417501641807,0.000152,,
0.95,0.45,0.3,50,1000,stratified,500,0,500,0.942,0.4387603288461213,0.4443553743961354,0.000152,,
0.95,0.45,0.3,50,1000,lang_reiczigel,500,0,500,0.946,0.4651452560017928,0.4720146726306596,0.000152,,
0.95,0.45,0.3,50,1000,wilson_known,500,0,500,0.416,0.13813328439605518,0.13865337307633935,0.000152,,
0.95,0.45,0.3,50,1000,point_rogan_gladen,500,0,500,,,,,-0.01500973819611887,0.13465314115451207
0.95,0.45,0.3,100,100,judgy,500,0,500,0.76,0.32034072827995125,0.32493358144043977,0.0,,
0.95,0.45,0.3,100,100,skill,500,0,500,0.76,0.3195600950224256,0.3251302434387856,0.0,,
0.95,0.45,0.3,100,100,repo,500,0,500,0.942,0.496901851177837,0.5101370045930465,0.0,,
0.95,0.45,0.3,100,100,stratified,500,0,500,0.936,0.49782351346647546,0.5095644779752881,0.0,,
0.95,0.45,0.3,100,100,lang_reiczigel,500,0,500,0.958,0.5053415962356839,0.5113390861777646,0.0,,
0.95,0.45,0.3,100,100,wilson_known,500,0,500,0.88,0.40704981610870133,0.41354054188991624,0.0,,
0.95,0.45,0.3,100,100,point_rogan_gladen,500,0,500,,,,,-0.00831034839600852,0.1451254502732143
0.95,0.45,0.3,100,1000,judgy,500,0,500,0.922,0.3417645094127895,0.34685057549017106,0.0,,
0.95,0.45,0.3,100,1000,skill,500,0,500,0.918,0.3415860053796295,0.34742873486574816,0.0,,
0.95,0.45,0.3,100,1000,repo,500,0,500,0.938,0.36616898497647854,0.37201429559970145,0.0,,
0.95,0.45,0.3,100,1000,stratified,500,0,500,0.94,0.36551942931880443,0.36926233482523463,0.0,,
0.95,0.45,0.3,100,1000,lang_reiczigel,500,0,500,0.964,0.3670404517254941,0.3677547770274785,0.0,,
0.95,0.45,0.3,100,1000,wilson_known,500,0,500,0.554,0.14441194911457292,0.14292662442690002,0.0,,
0.95,0.45,0.3,100,1000,point_rogan_gladen,500,0,500,,,,,-0.015709899376248185,0.10188844792173349
0.95,0.45,0.3,200,100,judgy,500,0,500,0.66,0.23914283738117517,0.2398452633174915,0.0,,
0.95,0.45,0.3,200,100,skill,500,0,500,0.66,0.23900376778548396,0.24072622565576351,0.0,,
0.95,0.45,0.3,200,100,repo,500,0,500,0.94,0.4700931403288462,0.47866132555450147,0.0,,
0.95,0.45,0.3,200,100,stratified,500,0,500,0.94,0.47036454503629577,0.47694552287042324,0.0,,
0.95,0.45,0.3,200,100,lang_reiczigel,500,0,500,0.944,0.4700407582274572,0.4772742873770599,0.0,,
0.95,0.45,0.3,200,100,wilson_known,500,0,500,0.916,0.41723989538285844,0.4239843977284982,0.0,,
0.95,0.45,0.3,200,100,point_rogan_gladen,500,0,500,,,,,-0.0028649323324704064,0.131653684890176
0.95,0.45,0.3,200,1000,judgy,500,0,500,0.914,0.25314499634136856,0.25245056032315716,0.0,,
0.95,0.45,0.3,200,1000,skill,500,0,500,0.91,0.25374428355981904,0.25044300854007634,0.0,,
0.95,0.45,0.3,200,1000,repo,500,0,500,0.95,0.2912348878474713,0.28885648852001,0.0,,
0.95,0.45,0.3,200,1000,stratified,500,0,500,0.946,0.29108863215889996,0.2903737040967107,0.0,,
0.95,0.45,0.3,200,1000,lang_reiczigel,500,0,500,0.968,0.2885611107120195,0.284737549140862,0.0,,
0.95,0.45,0.3,200,1000,wilson_known,500,0,500,0.684,0.14679746857517054,0.14458767084004895,0.0,,
0.95,0.45,0.3,200,1000,point_rogan_gladen,500,0,500,,,,,-0.008912879915016741,0.07542819030743592
0.95,0.45,0.5,10,100,judgy,500,9,491,0.9164969450101833,0.6935486380885907,0.6577777777777776,0.05144602902265796,,
0.95,0.45,0.5,10,100,skill,500,9,491,0.924643584521385,0.7089848622617377,0.6666666666666664,0.05144602902265796,,
0.95,0.45,0.5,10,100,repo,500,9,491,0.955193482688391,0.746910169794823,0.7125,0.05144602902265796,,
0.95,0.45,0.5,10,100,stratified,500,9,491,0.9429735234215886,0.7373438136456212,0.7000000000000001,0.05144602902265796,,
0.95,0.45,0.5,10,100,lang_reiczigel,500,9,491,0.9633401221995926,0.8455787055998837,0.9047435638377219,0.05144602902265796,,
0.95,0.45,0.5,10,100,wilson_known,500,9,491,0.5478615071283096,0.37499555574810595,0.36346198006629643,0.05144602902265796,,
0.95,0.45,0.5,10,100,point_rogan_gladen,500,9,491,,,,,-0.05685756312029222,0.2602903576746103
0.95,0.45,0.5,10,1000,judgy,500,9,491,0.9490835030549898,0.7154520562859024,0.6625,0.04989529948273525,,
0.95,0.45,0.5,10,1000,skill,500,9,491,0.955193482688391,0.7237867366012529,0.6695555555555557,0.04989529948273525,,
0.95,0.45,0.5,10,1000,repo,500,9,491,0.9470468431771895,0.7257113919412455,0.6704166666666669,0.04989529948273525,,
0.95,0.45,0.5,10,1000,stratified,500,9,491,0.9409368635437881,0.7151384106375068,0.6614285714285716,0.04989529948273525,,
0.95,0.45,0.5,10,1000,lang_reiczigel,500,9,491,0.9613034623217923,0.8090596716994023,0.8951355639935106,0.04989529948273525,,
0.95,0.45,0.5,10,1000,wilson_known,500,9,491,0.2606924643584521,0.1338377162010551,0.13219216009350948,0.04989529948273525,,
0.95,0.45,0.5,10,1000,point_rogan_gladen,500,9,491,,,,,-0.05035399088352249,0.23122211284439026
0.95,0.45,0.5,20,100,judgy,500,1,499,0.9018036072144289,0.6205637158079705,0.6000000000000001,0.008985971943887776,,
0.95,0.45,0.5,20,100,skill,500,1,499,0.9118236472945892,0.6442295355109006,0.6123076923076923,0.008985971943887776,,
0.95,0.45,0.5,20,100,repo,500,1,499,0.9559118236472945,0.7207872310633283,0.6978333333333331,0.008985971943887776,,
0.95,0.45,0.5,20,100,stratified,500,1,499,0.9539078156312625,0.7094092526250517,0.6933333333333334,0.008985971943887776,,
0.95,0.45,0.5,20,100,lang_reiczigel,500,1,499,0.9599198396793587,0.7381057516060331,0.7420404591531242,0.008985971943887776,,
0.95,0.45,0.5,20,100,wilson_known,500,1,499,0.6993987975951904,0.4099273308104644,0.3995761214536485,0.008985971943887776,,
0.95,0.45,0.5,20,100,point_rogan_gladen,500,1,499,,,,,-0.038811650384796656,0.20754569341410406
0.95,0.45,0.5,20,1000,judgy,500,0,500,0.92,0.6381032883787568,0.6288999350649351,0.009698,,
0.95,0.45,0.5,20,1000,skill,500,0,500,0.934,0.6694830197699504,0.6394761582430807,0.009698,,
0.95,0.45,0.5,20,1000,repo,500,0,500,0.94,0.6789673854126197,0.6541220934959351,0.009698,,
0.95,0.45,0.5,20,1000,stratified,500,0,500,0.938,0.6586422785732328,0.6331541666666669,0.009698,,
0.95,0.45,0.5,20,1000,lang_reiczigel,500,0,500,0.948,0.6621545773522723,0.6626567090755405,0.009698,,
0.95,0.45,0.5,20,1000,wilson_known,500,0,500,0.328,0.13787418563657605,0.13293409003520607,0.009698,,
0.95,0.45,0.5,20,1000,point_rogan_gladen,500,0,500,,,,,-0.04101448906648905,0.19792206171933158
0.95,0.45,0.5,50,100,judgy,500,0,500,0.8,0.42581510752686114,0.4276058192544916,5.9000000000000004e-05,,
0.95,0.45,0.5,50,100,skill,500,0,500,0.796,0.4260418370658725,0.4290976512461705,5.9000000000000004e-05,,
0.95,0.45,0.5,50,100,repo,500,0,500,0.956,0.5907746977446556,0.5897936561012862,5.9000000000000004e-05,,
0.95,0.45,0.5,50,100,stratified,500,0,500,0.958,0.5895139873161634,0.5883952153059497,5.9000000000000004e-05,,
0.95,0.45,0.5,50,100,lang_reiczigel,500,0,500,0.97,0.5860053043652449,0.5873492826400727,5.9000000000000004e-05,,
0.95,0.45,0.5,50,100,wilson_known,500,0,500,0.842,0.41911812976863916,0.41616617821512053,5.9000000000000004e-05,,
0.95,0.45,0.5,50,100,point_rogan_gladen,500,0,500,,,,,-0.019583700494277472,0.16288888446716415
0.95,0.45,0.5,50,1000,judgy,500,0,500,0.938,0.438572250924847,0.42693602772926065,8.6e-05,,
0.95,0.45,0.5,50,1000,skill,500,0,500,0.94,0.44049507165688295,0.4305454695474635,8.6e-05,,
0.95,0.45,0.5,50,1000,repo,500,0,500,0.952,0.46153253354691354,0.45585539537534103,8.6e-05,,
0.95,0.45,0.5,50,1000,stratified,500,0,500,0.946,0.45849662154566784,0.4539296642899582,8.6e-05,,
0.95,0.45,0.5,50,1000,lang_reiczigel,500,0,500,0.96,0.43265270931723593,0.4158826000804583,8.6e-05,,
0.95,0.45,0.5,50,1000,wilson_known,500,0,500,0.498,0.1386821656180407,0.13392882612319135,8.6e-05,,
0.95,0.45,0.5,50,1000,point_rogan_gladen,500,0,500,,,,,-0.01498642242815709,0.11151787484703977
0.95,0.45,0.5,100,100,judgy,500,0,500,0.686,0.2908335962142153,0.28021783490414054,0.0,,
0.95,0.45,0.5,100,100,skill,500,0,500,0.686,0.29084279062736895,0.2825099107032949,0.0,,
0.95,0.45,0.5,100,100,repo,500,0,500,0.948,0.5137974206609094,0.5115263316835944,0.0,,
0.95,0.45,0.5,100,100,stratified,500,0,500,0.954,0.5126946250012395,0.5058891884659371,0.0,,
0.95,0.45,0.5,100,100,lang_reiczigel,500,0,500,0.958,0.5086477171525514,0.49958258310868464,0.0,,
0.95,0.45,0.5,100,100,wilson_known,500,0,500,0.912,0.4172044847951739,0.40894252921484775,0.0,,
0.95,0.45,0.5,100,100,point_rogan_gladen,500,0,500,,,,,-0.005674803466753097,0.13141488454552178
0.95,0.45,0.5,100,1000,judgy,500,0,500,0.924,0.2973932454872328,0.2877804420188458,0.0,,
0.95,0.45,0.5,100,1000,skill,500,0,500,0.922,0.297669911860366,0.2890252670356436,0.0,,
0.95,0.45,0.5,100,1000,repo,500,0,500,0.942,0.3294056525137092,0.3197977238814078,0.0,,
0.95,0.45,0.5,100,1000,stratified,500,0,500,0.942,0.3288201277226682,0.3200533689328533,0.0,,
0.95,0.45,0.5,100,1000,lang_reiczigel,500,0,500,0.956,0.3159994752396317,0.3077131349692557,0.0,,
0.95,0.45,0.5,100,1000,wilson_known,500,0,500,0.626,0.1376584496526667,0.1351314461170572,0.0,,
0.95,0.45,0.5,100,1000,point_rogan_gladen,500,0,500,,,,,-0.008069854226581488,0.08280959890345505
0.95,0.45,0.5,200,100,judgy,500,0,500,0.564,0.1975000102053171,0.1928896660663553,0.0,,
0.95,0.45,0.5,200,100,skill,500,0,500,0.566,0.19797148563841732,0.19175839364686298,0.0,,
0.95,0.45,0.5,200,100,repo,500,0,500,0.94,0.4682137223342279,0.46824285306333485,0.0,,
0.95,0.45,0.5,200,100,stratified,500,0,500,0.944,0.46916615579448967,0.4664495644244332,0.0,,
0.95,0.45,0.5,200,100,lang_reiczigel,500,0,500,0.948,0.46522748032301775,0.46503724115827316,0.0,,
0.95,0.45,0.5,200,100,wilson_known,500,0,500,0.924,0.41521611633804034,0.417378470918971,0.0,,
0.95,0.45,0.5,200,100,point_rogan_gladen,500,0,500,,,,,-4.0684260000897865e-05,0.12110371710746387
0.95,0.45,0.5,200,1000,judgy,500,0,500,0.854,0.19906269954283742,0.19441408870152027,0.0,,
0.95,0.45,0.5,200,1000,skill,500,0,500,0.86,0.19939884353135365,0.19495875843818258,0.0,,
0.95,0.45,0.5,200,1000,repo,500,0,500,0.93,0.24249304918653067,0.23806599563000855,0.0,,
0.95,0.45,0.5,200,1000,stratified,500,0,500,0.94,0.24217395043167403,0.23878400495774382,0.0,,
0.95,0.45,0.5,200,1000,lang_reiczigel,500,0,500,0.944,0.23830374514468883,0.23357866936604402,0.0,,
0.95,0.45,0.5,200,1000,wilson_known,500,0,500,0.722,0.13570169118117595,0.1339649508155586,0.0,,
0.95,0.45,0.5,200,1000,point_rogan_gladen,500,0,500,,,,,-0.004322396467636651,0.06423315833286336
0.95,0.45,0.7,10,100,judgy,500,8,492,0.8800813008130082,0.6650741559163212,0.7000000000000002,0.048373044754084354,,
0.95,0.45,0.7,10,100,skill,500,8,492,0.8800813008130082,0.6985277523732033,0.7231249999999998,0.048373044754084354,,
0.95,0.45,0.7,10,100,repo,500,8,492,0.9532520325203252,0.7483540362466942,0.7765714285714285,0.048373044754084354,,
0.95,0.45,0.7,10,100,stratified,500,8,492,0.9471544715447154,0.7278149841915085,0.7625312499999997,0.048373044754084354,,
0.95,0.45,0.7,10,100,lang_reiczigel,500,8,492,0.9898373983739838,0.7180338712329631,0.7046169769082522,0.048373044754084354,,
0.95,0.45,0.7,10,100,wilson_known,500,8,492,0.6626016260162602,0.3586485533778971,0.3262223428514064,0.048373044754084354,,
0.95,0.45,0.7,10,100,point_rogan_gladen,500,8,492,,,,,-0.019225948509485065,0.21394380718072825
0.95,0.45,0.7,10,1000,judgy,500,11,489,0.9222903885480572,0.6568480230169456,0.6930000000000003,0.046657510759469716,,
0.95,0.45,0.7,10,1000,skill,500,11,489,0.9263803680981595,0.684080061739257,0.7216666666666662,0.046657510759469716,,
0.95,0.45,0.7,10,1000,repo,500,11,489,0.9304703476482618,0.6923903834343036,0.7323449999999998,0.046657510759469716,,
0.95,0.45,0.7,10,1000,stratified,500,11,489,0.9263803680981595,0.6680763006378422,0.7066666666666664,0.046657510759469716,,
0.95,0.45,0.7,10,1000,lang_reiczigel,500,11,489,0.9897750511247444,0.6490858401589782,0.5820541359769447,0.046657510759469716,,
0.95,0.45,0.7,10,1000,wilson_known,500,11,489,0.278118609406953,0.11807101827379086,0.09852538434135205,0.046657510759469716,,
0.95,0.45,0.7,10,1000,point_rogan_gladen,500,11,489,,,,,-0.02931821501606781,0.20726642751010285
0.95,0.45,0.7,20,100,judgy,500,0,500,0.84,0.5400303558098142,0.5265727766815228,0.0070750000000000006,,
0.95,0.45,0.7,20,100,skill,500,0,500,0.842,0.5565722123287721,0.5269067550096963,0.0070750000000000006,,
0.95,0.45,0.7,20,100,repo,500,0,500,0.936,0.6447532796575128,0.6331031813063064,0.0070750000000000006,,
0.95,0.45,0.7,20,100,stratified,500,0,500,0.94,0.6340396022841537,0.6092307692307692,0.0070750000000000006,,
0.95,0.45,0.7,20,100,lang_reiczigel,500,0,500,0.984,0.607180620006346,0.5717221533453862,0.0070750000000000006,,
0.95,0.45,0.7,20,100,wilson_known,500,0,500,0.752,0.36458653151340253,0.33920208598434776,0.0070750000000000006,,
0.95,0.45,0.7,20,100,point_rogan_gladen,500,0,500,,,,,-0.02085842712842707,0.17975598642431947
0.95,0.45,0.7,20,1000,judgy,500,0,500,0.916,0.5892455421146078,0.5776595833333338,0.011345,,
0.95,0.45,0.7,20,1000,skill,500,0,500,0.92,0.6083552546527979,0.5923275000000001,0.011345,,
0.95,0.45,0.7,20,1000,repo,500,0,500,0.934,0.6191532325822998,0.5976808243243248,0.011345,,
0.95,0.45,0.7,20,1000,stratified,500,0,500,0.932,0.6013423427237237,0.5856589285714285,0.011345,,
0.95,0.45,0.7,20,1000,lang_reiczigel,500,0,500,0.978,0.5319995934156039,0.49637231496854584,0.011345,,
0.95,0.45,0.7,20,1000,wilson_known,500,0,500,0.396,0.12241365267423648,0.11594892159040443,0.011345,,
0.95,0.45,0.7,20,1000,point_rogan_gladen,500,0,500,,,,,-0.013169181374181394,0.15984775605695073
0.95,0.45,0.7,50,100,judgy,500,0,500,0.798,0.3468921122918678,0.326264044345688,0.00010400000000000001,,
0.95,0.45,0.7,50,100,skill,500,0,500,0.794,0.3468003764911583,0.32451657229864594,0.00010400000000000001,,
0.95,0.45,0.7,50,100,repo,500,0,500,0.952,0.5081575530619421,0.48759926479498084,0.00010400000000000001,,
0.95,0.45,0.7,50,100,stratified,500,0,500,0.95,0.5066408096946446,0.48568172883188376,0.00010400000000000001,,
0.95,0.45,0.7,50,100,lang_reiczigel,500,0,500,0.974,0.4967746567027934,0.4785995181338665,0.00010400000000000001,,
0.95,0.45,0.7,50,100,wilson_known,500,0,500,0.876,0.3694396943532718,0.3581245225116365,0.00010400000000000001,,
0.95,0.45,0.7,50,100,point_rogan_gladen,500,0,500,,,,,-0.0038675976675673213,0.12446140065243654
0.95,0.45,0.7,50,1000,judgy,500,0,500,0.916,0.35507387808947233,0.3373403915946831,7.8e-05,,
0.95,0.45,0.7,50,1000,skill,500,0,500,0.916,0.3552186528426229,0.3358113591399866,7.8e-05,,
0.95,0.45,0.7,50,1000,repo,500,0,500,0.942,0.3774633104531641,0.3554057969424459,7.8e-05,,
0.95,0.45,0.7,50,1000,stratified,500,0,500,0.94,0.37468605352930195,0.3559966153127916,7.8e-05,,
0.95,0.45,0.7,50,1000,lang_reiczigel,500,0,500,0.972,0.35347250552909604,0.3426590542012251,7.8e-05,,
0.95,0.45,0.7,50,1000,wilson_known,500,0,500,0.548,0.12097632712357273,0.11635617330840409,7.8e-05,,
0.95,0.45,0.7,50,1000,point_rogan_gladen,500,0,500,,,,,-0.008059967331010116,0.08803738903776805
0.95,0.45,0.7,100,100,judgy,500,0,500,0.604,0.2321065512543829,0.22439383153906606,1e-06,,
0.95,0.45,0.7,100,100,skill,500,0,500,0.598,0.23193492498415075,0.22247344748811448,1e-06,,
0.95,0.45,0.7,100,100,repo,500,0,500,0.928,0.4350496619640464,0.4271773916601881,1e-06,,
0.95,0.45,0.7,100,100,stratified,500,0,500,0.924,0.43432833538852605,0.42694199429205504,1e-06,,
0.95,0.45,0.7,100,100,lang_reiczigel,500,0,500,0.95,0.4364258232353805,0.42839345485103564,1e-06,,
0.95,0.45,0.7,100,100,wilson_known,500,0,500,0.89,0.36494466639379736,0.3594162448221493,1e-06,,
0.95,0.45,0.7,100,100,point_rogan_gladen,500,0,500,,,,,-0.0051683915788134594,0.12162303605790796
0.95,0.45,0.7,100,1000,judgy,500,0,500,0.906,0.23434581066343385,0.22789380574888357,0.0,,
0.95,0.45,0.7,100,1000,skill,500,0,500,0.906,0.23461881497314485,0.2286749228665573,0.0,,
0.95,0.45,0.7,100,1000,repo,500,0,500,0.952,0.26520309758690086,0.26005967232150995,0.0,,
0.95,0.45,0.7,100,1000,stratified,500,0,500,0.95,0.2636927976392286,0.2579109847161783,0.0,,
0.95,0.45,0.7,100,1000,lang_reiczigel,500,0,500,0.962,0.2587403887106957,0.2526203131310675,0.0,,
0.95,0.45,0.7,100,1000,wilson_known,500,0,500,0.642,0.11891645660248876,0.11764924674697247,0.0,,
0.95,0.45,0.7,100,1000,point_rogan_gladen,500,0,500,,,,,-0.0008735173867676316,0.06473823708475351
0.95,0.45,0.7,200,100,judgy,500,0,500,0.536,0.1584580530128449,0.15507077786973822,0.0,,
0.95,0.45,0.7,200,100,skill,500,0,500,0.536,0.15846463372089517,0.15656862185527354,0.0,,
0.95,0.45,0.7,200,100,repo,500,0,500,0.94,0.40109606785878216,0.3991433972932063,0.0,,
0.95,0.45,0.7,200,100,stratified,500,0,500,0.94,0.4013731248870375,0.3980143812142809,0.0,,
0.95,0.45,0.7,200,100,lang_reiczigel,500,0,500,0.96,0.40577623253062106,0.4031861808700077,0.0,,
0.95,0.45,0.7,200,100,wilson_known,500,0,500,0.932,0.3657380902389528,0.36505202164278994,0.0,,
0.95,0.45,0.7,200,100,point_rogan_gladen,500,0,500,,,,,0.0013306892708798749,0.1015291812655946
0.95,0.45,0.7,200,1000,judgy,500,0,500,0.882,0.15452357472171885,0.15250474567556138,0.0,,
0.95,0.45,0.7,200,1000,skill,500,0,500,0.878,0.15445566437301583,0.1512362115238784,0.0,,
0.95,0.45,0.7,200,1000,repo,500,0,500,0.952,0.19480965957461588,0.19103376944287254,0.0,,
0.95,0.45,0.7,200,1000,stratified,500,0,500,0.95,0.19440431892759072,0.19185287501623555,0.0,,
0.95,0.45,0.7,200,1000,lang_reiczigel,500,0,500,0.956,0.19355138840662603,0.19063558605053743,0.0,,
0.95,0.45,0.7,200,1000,wilson_known,500,0,500,0.786,0.11690793757044697,0.11530657841841763,0.0,,
0.95,0.45,0.7,200,1000,point_rogan_gladen,500,0,500,,,,,-0.005216486952494165,0.049915064715796
0.95,0.45,0.9,10,100,judgy,500,10,490,0.5571428571428572,0.46789268227096015,0.42087499999999994,0.04963885003726353,,
0.95,0.45,0.9,10,100,skill,500,10,490,0.5551020408163265,0.5742285850853258,0.5975694444444439,0.04963885003726353,,
0.95,0.45,0.9,10,100,repo,500,10,490,0.7938775510204081,0.6363855278278828,0.6536666666666662,0.04963885003726353,,
0.95,0.45,0.9,10,100,stratified,500,10,490,0.7612244897959184,0.6194456855361191,0.6333333333333333,0.04963885003726353,,
0.95,0.45,0.9,10,100,lang_reiczigel,500,10,490,1.0,0.5725256318755186,0.5059456619549825,0.04963885003726353,,
0.95,0.45,0.9,10,100,wilson_known,500,10,490,0.46530612244897956,0.24543988492422153,0.22618219218881153,0.04963885003726353,,
0.95,0.45,0.9,10,100,point_rogan_gladen,500,10,490,,,,,-0.06104616132167151,0.1705331284773693
0.95,0.45,0.9,10,1000,judgy,500,10,490,0.49387755102040815,0.4849533694856728,0.389451944444444,0.05232252912170371,,
0.95,0.45,0.9,10,1000,skill,500,10,490,0.4959183673469388,0.563969561366213,0.525,0.05232252912170371,,
0.95,0.45,0.9,10,1000,repo,500,10,490,0.5693877551020409,0.5708045970244324,0.5455125000000003,0.05232252912170371,,
0.95,0.45,0.9,10,1000,stratified,500,10,490,0.5510204081632653,0.568524087706511,0.5076874999999997,0.05232252912170371,,
0.95,0.45,0.9,10,1000,lang_reiczigel,500,10,490,1.0,0.5167837129032988,0.4298082724099249,0.05232252912170371,,
0.95,0.45,0.9,10,1000,wilson_known,500,10,490,0.07142857142857142,0.07041427665664546,0.0680028437819793,0.05232252912170371,,
0.95,0.45,0.9,10,1000,point_rogan_gladen,500,10,490,,,,,-0.04431178328474244,0.14867142195557068
0.95,0.45,0.9,20,100,judgy,500,0,500,0.71,0.3236523735767114,0.2688749999999994,0.008760000000000002,,
0.95,0.45,0.9,20,100,skill,500,0,500,0.712,0.37434325062495394,0.28142857142857103,0.008760000000000002,,
0.95,0.45,0.9,20,100,repo,500,0,500,0.868,0.45101254213103115,0.36672916666666694,0.008760000000000002,,
0.95,0.45,0.9,20,100,stratified,500,0,500,0.858,0.4342837926939331,0.3599999999999994,0.008760000000000002,,
0.95,0.45,0.9,20,100,lang_reiczigel,500,0,500,1.0,0.43015976418383184,0.38749882964609383,0.008760000000000002,,
0.95,0.45,0.9,20,100,wilson_known,500,0,500,0.682,0.24091533142986504,0.23295881307214872,0.008760000000000002,,
0.95,0.45,0.9,20,100,point_rogan_gladen,500,0,500,,,,,-0.022192501942501875,0.11979757358188868
0.95,0.45,0.9,20,1000,judgy,500,2,498,0.6325301204819277,0.33976003916274317,0.28302152777777756,0.008897590361445785,,
0.95,0.45,0.9,20,1000,skill,500,2,498,0.6365461847389559,0.3819925378770787,0.29455738095238104,0.008897590361445785,,
0.95,0.45,0.9,20,1000,repo,500,2,498,0.6666666666666666,0.3881608939458309,0.30213705433455434,0.008897590361445785,,
0.95,0.45,0.9,20,1000,stratified,500,2,498,0.6686746987951807,0.37551033769668785,0.2943208333333332,0.008897590361445785,,
0.95,0.45,0.9,20,1000,lang_reiczigel,500,2,498,1.0,0.3626267007087866,0.3199884145545103,0.008897590361445785,,
0.95,0.45,0.9,20,1000,wilson_known,500,2,498,0.2791164658634538,0.07462827310919772,0.07449551862800724,0.008897590361445785,,
0.95,0.45,0.9,20,1000,point_rogan_gladen,500,2,498,,,,,-0.02402129929025738,0.10554615119159776
0.95,0.45,0.9,50,100,judgy,500,0,500,0.812,0.21605378404653555,0.20564830403856255,9.1e-05,,
0.95,0.45,0.9,50,100,skill,500,0,500,0.808,0.21595635635579702,0.2014353781196323,9.1e-05,,
0.95,0.45,0.9,50,100,repo,500,0,500,0.93,0.3114478453095404,0.29533577668606625,9.1e-05,,
0.95,0.45,0.9,50,100,stratified,500,0,500,0.93,0.3107630867815122,0.2950160676311988,9.1e-05,,
0.95,0.45,0.9,50,100,lang_reiczigel,500,0,500,0.976,0.32997348808073296,0.3175608669707687,9.1e-05,,
0.95,0.45,0.9,50,100,wilson_known,500,0,500,0.844,0.2536535073628655,0.25846608012632605,9.1e-05,,
0.95,0.45,0.9,50,100,point_rogan_gladen,500,0,500,,,,,-0.010830838194486827,0.09141454438067097
0.95,0.45,0.9,50,1000,judgy,500,0,500,0.868,0.2159413684112737,0.2064263572472258,0.000126,,
0.95,0.45,0.9,50,1000,skill,500,0,500,0.874,0.21592077231758977,0.20577216880341886,0.000126,,
0.95,0.45,0.9,50,1000,repo,500,0,500,0.888,0.22837901350164758,0.21814703555764392,0.000126,,
0.95,0.45,0.9,50,1000,stratified,500,0,500,0.882,0.2277815150044499,0.2172390660809776,0.000126,,
0.95,0.45,0.9,50,1000,lang_reiczigel,500,0,500,0.986,0.2337251266722194,0.2250282453046769,0.000126,,
0.95,0.45,0.9,50,1000,wilson_known,500,0,500,0.424,0.08095709883114278,0.0828931085832918,0.000126,,
0.95,0.45,0.9,50,1000,point_rogan_gladen,500,0,500,,,,,-0.0063078325604796846,0.07168723851713366
0.95,0.45,0.9,100,100,judgy,500,0,500,0.712,0.158682252366106,0.15841883526875628,0.0,,
0.95,0.45,0.9,100,100,skill,500,0,500,0.706,0.15875954085195093,0.1596303866352175,0.0,,
0.95,0.45,0.9,100,100,repo,500,0,500,0.928,0.27178064319990786,0.2673465238572578,0.0,,
0.95,0.45,0.9,100,100,stratified,500,0,500,0.926,0.27114085250580533,0.2667320369149634,0.0,,
0.95,0.45,0.9,100,100,lang_reiczigel,500,0,500,0.968,0.2956394132055223,0.29240548156355894,0.0,,
0.95,0.45,0.9,100,100,wilson_known,500,0,500,0.872,0.2536693409927146,0.25681766449571164,0.0,,
0.95,0.45,0.9,100,100,point_rogan_gladen,500,0,500,,,,,-0.0070535410696347875,0.08320041004032921
0.95,0.45,0.9,100,1000,judgy,500,0,500,0.894,0.1662206432344053,0.1643312558659329,0.0,,
0.95,0.45,0.9,100,1000,skill,500,0,500,0.896,0.16632631976606485,0.16534979895754026,0.0,,
0.95,0.45,0.9,100,1000,repo,500,0,500,0.918,0.18273328106270573,0.18114012238203775,0.0,,
0.95,0.45,0.9,100,1000,stratified,500,0,500,0.924,0.1824852237018723,0.18130310359929913,0.0,,
0.95,0.45,0.9,100,1000,lang_reiczigel,500,0,500,0.956,0.1859954650553359,0.18418828173260116,0.0,,
0.95,0.45,0.9,100,1000,wilson_known,500,0,500,0.568,0.08430091023553521,0.08585369818777389,0.0,,
0.95,0.45,0.9,100,1000,point_rogan_gladen,500,0,500,,,,,-0.002830801373848779,0.05526745174061637
0.95,0.45,0.9,200,100,judgy,500,0,500,0.564,0.11556101002795065,0.12065323727343635,0.0,,
0.95,0.45,0.9,200,100,skill,500,0,500,0.56,0.11542403204216838,0.12090407274524939,0.0,,
0.95,0.45,0.9,200,100,repo,500,0,500,0.934,0.24720375396406485,0.25059622393078007,0.0,,
0.95,0.45,0.9,200,100,stratified,500,0,500,0.926,0.24744099524929788,0.25000540190146925,0.0,,
0.95,0.45,0.9,200,100,lang_reiczigel,500,0,500,0.948,0.27419444776405844,0.2780949926794235,0.0,,
0.95,0.45,0.9,200,100,wilson_known,500,0,500,0.914,0.24949880459692897,0.2589924444439965,0.0,,
0.95,0.45,0.9,200,100,point_rogan_gladen,500,0,500,,,,,4.274089591454455e-05,0.0781357426816063
0.95,0.45,0.9,200,1000,judgy,500,0,500,0.91,0.13138216935466362,0.13100771880776924,0.0,,
0.95,0.45,0.9,200,1000,skill,500,0,500,0.914,0.13171204168127654,0.1317163511943722,0.0,,
0.95,0.45,0.9,200,1000,repo,500,0,500,0.962,0.15406188794736916,0.1558137626221761,0.0,,
0.95,0.45,0.9,200,1000,stratified,500,0,500,0.964,0.15368807538590964,0.15586462184448102,0.0,,
0.95,0.45,0.9,200,1000,lang_reiczigel,500,0,500,0.974,0.155848719940112,0.15726996659692494,0.0,,
0.95,0.45,0.9,200,1000,wilson_known,500,0,500,0.708,0.08718043584991278,0.08774372858995111,0.0,,
0.95,0.45,0.9,200,1000,point_rogan_gladen,500,0,500,,,,,0.002277893613238828,0.04156490994505511
0.95,0.55,0.1,10,100,judgy,500,1,499,0.9338677354709419,0.4401979158885709,0.43999999999999995,0.02696693386773547,,
0.95,0.55,0.1,10,100,skill,500,1,499,0.9338677354709419,0.5306566596583673,0.4750000000000001,0.02696693386773547,,
0.95,0.55,0.1,10,100,repo,500,1,499,0.9498997995991983,0.5668186033983141,0.5166666666666667,0.02696693386773547,,
0.95,0.55,0.1,10,100,stratified,500,1,499,0.9378757515030061,0.54132001503006,0.5,0.02696693386773547,,
0.95,0.55,0.1,10,100,lang_reiczigel,500,1,499,0.9498997995991983,0.683696049146552,0.634655806106072,0.02696693386773547,,
0.95,0.55,0.1,10,100,wilson_known,500,1,499,0.501002004008016,0.209620353774282,0.24037486419414605,0.02696693386773547,,
0.95,0.55,0.1,10,100,point_rogan_gladen,500,1,499,,,,,0.043649441740624094,0.1636071467573529
0.95,0.55,0.1,10,1000,judgy,500,3,497,0.9396378269617707,0.43044311779601657,0.4333333333333335,0.029474849094567403,,
0.95,0.55,0.1,10,1000,skill,500,3,497,0.9537223340040242,0.5279555933506243,0.48,0.029474849094567403,,
0.95,0.55,0.1,10,1000,repo,500,3,497,0.959758551307847,0.5298530804966789,0.4750000000000001,0.029474849094567403,,
0.95,0.55,0.1,10,1000,stratified,500,3,497,0.9557344064386318,0.5110177254000191,0.46902499999999975,0.029474849094567403,,
0.95,0.55,0.1,10,1000,lang_reiczigel,500,3,497,0.9496981891348089,0.6545880596157327,0.596050766825887,0.029474849094567403,,
0.95,0.55,0.1,10,1000,wilson_known,500,3,497,0.12072434607645875,0.06510205496369117,0.08575120678051151,0.029474849094567403,,
0.95,0.55,0.1,10,1000,point_rogan_gladen,500,3,497,,,,,0.03087154674076201,0.15167720799464127
0.95,0.55,0.1,20,100,judgy,500,0,500,0.898,0.35607470328972535,0.37,0.002154,,
0.95,0.55,0.1,20,100,skill,500,0,500,0.912,0.3750767246036786,0.375,0.002154,,
0.95,0.55,0.1,20,100,repo,500,0,500,0.944,0.42827314913633735,0.4292867734399747,0.002154,,
0.95,0.55,0.1,20,100,stratified,500,0,500,0.934,0.4176198389943818,0.42354779411764676,0.002154,,
0.95,0.55,0.1,20,100,lang_reiczigel,500,0,500,0.952,0.5091271399914243,0.5007931866742756,0.002154,,
0.95,0.55,0.1,20,100,wilson_known,500,0,500,0.568,0.22898561976559667,0.2730397613194566,0.002154,,
0.95,0.55,0.1,20,100,point_rogan_gladen,500,0,500,,,,,0.03485644786585963,0.14451957279552194
0.95,0.55,0.1,20,1000,judgy,500,0,500,0.95,0.360868159924967,0.3700676020408159,0.0026720000000000003,,
0.95,0.55,0.1,20,1000,skill,500,0,500,0.962,0.3772246748608091,0.3738655521824744,0.0026720000000000003,,
0.95,0.55,0.1,20,1000,repo,500,0,500,0.964,0.38545257660509347,0.3818446144674086,0.0026720000000000003,,
0.95,0.55,0.1,20,1000,stratified,500,0,500,0.954,0.3721924556251667,0.37572777777777755,0.0026720000000000003,,
0.95,0.55,0.1,20,1000,lang_reiczigel,500,0,500,0.96,0.4610827425058364,0.4461438038536202,0.0026720000000000003,,
0.95,0.55,0.1,20,1000,wilson_known,500,0,500,0.248,0.07583226778399775,0.09522469471906267,0.0026720000000000003,,
0.95,0.55,0.1,20,1000,point_rogan_gladen,500,0,500,,,,,0.018898235356147132,0.12256634011937861
0.95,0.55,0.1,50,100,judgy,500,0,500,0.838,0.2718794872424018,0.29328365884191926,3e-06,,
0.95,0.55,0.1,50,100,skill,500,0,500,0.84,0.2723739510399796,0.29192760314731586,3e-06,,
0.95,0.55,0.1,50,100,repo,500,0,500,0.942,0.3500184239892126,0.3693943062892775,3e-06,,
0.95,0.55,0.1,50,100,stratified,500,0,500,0.94,0.3488670036903703,0.3694535818713449,3e-06,,
0.95,0.55,0.1,50,100,lang_reiczigel,500,0,500,0.956,0.3789690815739977,0.39253479820811404,3e-06,,
0.95,0.55,0.1,50,100,wilson_known,500,0,500,0.732,0.25229182772734354,0.2901519065248269,3e-06,,
0.95,0.55,0.1,50,100,point_rogan_gladen,500,0,500,,,,,0.022955287683200966,0.12012270005908858
0.95,0.55,0.1,50,1000,judgy,500,0,500,0.944,0.2786677082907165,0.29394191268953695,2e-06,,
0.95,0.55,0.1,50,1000,skill,500,0,500,0.944,0.2787724934695196,0.2918974568699113,2e-06,,
0.95,0.55,0.1,50,1000,repo,500,0,500,0.954,0.2871311220429543,0.3013292586202847,2e-06,,
0.95,0.55,0.1,50,1000,stratified,500,0,500,0.95,0.2863935072485324,0.30144709967320266,2e-06,,
0.95,0.55,0.1,50,1000,lang_reiczigel,500,0,500,0.97,0.3165806980072729,0.32556088255255433,2e-06,,
0.95,0.55,0.1,50,1000,wilson_known,500,0,500,0.374,0.08897889825673089,0.10665516921532578,2e-06,,
0.95,0.55,0.1,50,1000,point_rogan_gladen,500,0,500,,,,,0.006950899556704605,0.09368221205591096
0.95,0.55,0.1,100,100,judgy,500,0,500,0.828,0.2236156509115474,0.24058928926250553,0.0,,
0.95,0.55,0.1,100,100,skill,500,0,500,0.822,0.22311178848379704,0.23981998506554864,0.0,,
0.95,0.55,0.1,100,100,repo,500,0,500,0.954,0.32667129285144203,0.3392640069999599,0.0,,
0.95,0.55,0.1,100,100,stratified,500,0,500,0.958,0.3273715818057923,0.33945838948787055,0.0,,
0.95,0.55,0.1,100,100,lang_reiczigel,500,0,500,0.962,0.3396126747031136,0.3534001726157465,0.0,,
0.95,0.55,0.1,100,100,wilson_known,500,0,500,0.866,0.2705484019787225,0.29549772997889867,0.0,,
0.95,0.55,0.1,100,100,point_rogan_gladen,500,0,500,,,,,0.014115192881300875,0.10393002954347773
0.95,0.55,0.1,100,1000,judgy,500,0,500,0.936,0.23202734274568082,0.24311269151824735,0.0,,
0.95,0.55,0.1,100,1000,skill,500,0,500,0.932,0.2319003545770536,0.24284931214952332,0.0,,
0.95,0.55,0.1,100,1000,repo,500,0,500,0.95,0.2447189639382293,0.2559254033211271,0.0,,
0.95,0.55,0.1,100,1000,stratified,500,0,500,0.952,0.24394938537363717,0.2552562743479164,0.0,,
0.95,0.55,0.1,100,1000,lang_reiczigel,500,0,500,0.954,0.25750474852061406,0.26669397181093923,0.0,,
0.95,0.55,0.1,100,1000,wilson_known,500,0,500,0.512,0.10066263349231988,0.1143714423369045,0.0,,
0.95,0.55,0.1,100,1000,point_rogan_gladen,500,0,500,,,,,0.0028486027332153517,0.07753296329235188
0.95,0.55,0.1,200,100,judgy,500,0,500,0.7,0.17604909162930527,0.1956886440372796,0.0,,
0.95,0.55,0.1,200,100,skill,500,0,500,0.696,0.17583760926352693,0.19598277288352095,0.0,,
0.95,0.55,0.1,200,100,repo,500,0,500,0.964,0.3097078444781315,0.32192439865687755,0.0,,
0.95,0.55,0.1,200,100,stratified,500,0,500,0.96,0.3097856817830261,0.32161729792527843,0.0,,
0.95,0.55,0.1,200,100,lang_reiczigel,500,0,500,0.958,0.31432830216723257,0.32648194449067913,0.0,,
0.95,0.55,0.1,200,100,wilson_known,500,0,500,0.926,0.27746792695143757,0.2971472916960025,0.0,,
0.95,0.55,0.1,200,100,point_rogan_gladen,500,0,500,,,,,0.011887798977817788,0.09439460501523753
0.95,0.55,0.1,200,1000,judgy,500,0,500,0.92,0.18971707830235207,0.20285892529648797,0.0,,
0.95,0.55,0.1,200,1000,skill,500,0,500,0.93,0.18989867139482697,0.20282172185688124,0.0,,
0.95,0.55,0.1,200,1000,repo,500,0,500,0.948,0.20853880214660483,0.22156294120512127,0.0,,
0.95,0.55,0.1,200,1000,stratified,500,0,500,0.95,0.20826554740076306,0.21994055290297918,0.0,,
0.95,0.55,0.1,200,1000,lang_reiczigel,500,0,500,0.962,0.2144221559643595,0.22719625156928397,0.0,,
0.95,0.55,0.1,200,1000,wilson_known,500,0,500,0.6,0.10609619188847895,0.11671825663306214,0.0,,
0.95,0.55,0.1,200,1000,point_rogan_gladen,500,0,500,,,,,-0.0004085435708015954,0.06397490895502689
0.95,0.55,0.3,10,100,judgy,500,4,496,0.905241935483871,0.5720455537018786,0.5555902777777778,0.025709677419354836,,
0.95,0.55,0.3,10,100,skill,500,4,496,0.9112903225806451,0.6164460037301325,0.5666666666666667,0.025709677419354836,,
0.95,0.55,0.3,10,100,repo,500,4,496,0.9354838709677419,0.6596508732058199,0.6115801587301588,0.025709677419354836,,
0.95,0.55,0.3,10,100,stratified,500,4,496,0.9254032258064516,0.641430697564644,0.6000000000000001,0.025709677419354836,,
0.95,0.55,0.3,10,100,lang_reiczigel,500,4,496,0.9435483870967742,0.7612040391605549,0.7390925969222731,0.025709677419354836,,
0.95,0.55,0.3,10,100,wilson_known,500,4,496,0.5201612903225806,0.28448863433009547,0.3099518314122095,0.025709677419354836,,
0.95,0.55,0.3,10,100,point_rogan_gladen,500,4,496,,,,,-0.004739263312852027,0.20908830672038528
0.95,0.55,0.3,10,1000,judgy,500,3,497,0.9537223340040242,0.590532946439183,0.5633333333333336,0.021311896894121104,,
0.95,0.55,0.3,10,1000,skill,500,3,497,0.9577464788732394,0.6291801982389679,0.5736249999999999,0.021311896894121104,,
0.95,0.55,0.3,10,1000,repo,500,3,497,0.9537223340040242,0.6322274446922584,0.5734045454545451,0.021311896894121104,,
0.95,0.55,0.3,10,1000,stratified,500,3,497,0.9496981891348089,0.6168157524512151,0.5670249999999998,0.021311896894121104,,
0.95,0.55,0.3,10,1000,lang_reiczigel,500,3,497,0.9537223340040242,0.7230259259626682,0.6829584661331971,0.021311896894121104,,
0.95,0.55,0.3,10,1000,wilson_known,500,3,497,0.19517102615694165,0.09918127490875019,0.10115013247377885,0.021311896894121104,,
0.95,0.55,0.3,10,1000,point_rogan_gladen,500,3,497,,,,,-0.005677749033885894,0.18854248882821956
0.95,0.55,0.3,20,100,judgy,500,0,500,0.914,0.4796198953034058,0.475,0.001709,,
0.95,0.55,0.3,20,100,skill,500,0,500,0.91,0.48730131731099074,0.48041241192084894,0.001709,,
0.95,0.55,0.3,20,100,repo,500,0,500,0.96,0.5600831873790119,0.5469064382678781,0.001709,,
0.95,0.55,0.3,20,100,stratified,500,0,500,0.954,0.5513852898365823,0.5384807692307694,0.001709,,
0.95,0.55,0.3,20,100,lang_reiczigel,500,0,500,0.954,0.6114323842207332,0.6025577835418204,0.001709,,
0.95,0.55,0.3,20,100,wilson_known,500,0,500,0.708,0.32677079277519316,0.33812927063150106,0.001709,,
0.95,0.55,0.3,20,100,point_rogan_gladen,500,0,500,,,,,-0.023272014097014064,0.1731844668497209
0.95,0.55,0.3,20,1000,judgy,500,0,500,0.928,0.48608348945632035,0.4894438642208951,0.0024980000000000002,,
0.95,0.55,0.3,20,1000,skill,500,0,500,0.94,0.49933377178830873,0.4941183574207886,0.0024980000000000002,,
0.95,0.55,0.3,20,1000,repo,500,0,500,0.95,0.5090942467327458,0.500235382074979,0.0024980000000000002,,
0.95,0.55,0.3,20,1000,stratified,500,0,500,0.94,0.4979546461333815,0.49434973262032056,0.0024980000000000002,,
0.95,0.55,0.3,20,1000,lang_reiczigel,500,0,500,0.958,0.5597531086962988,0.5562434448357365,0.0024980000000000002,,
0.95,0.55,0.3,20,1000,wilson_known,500,0,500,0.3,0.10942436155695531,0.11120445809308843,0.0024980000000000002,,
0.95,0.55,0.3,20,1000,point_rogan_gladen,500,0,500,,,,,-0.027422521423021432,0.1586254072359782
0.95,0.55,0.3,50,100,judgy,500,0,500,0.83,0.3610332473419636,0.3682008084943158,1.3e-05,,
0.95,0.55,0.3,50,100,skill,500,0,500,0.828,0.3608996723307453,0.36511684469848726,1.3e-05,,
0.95,0.55,0.3,50,100,repo,500,0,500,0.96,0.48112345819091673,0.48246661565841287,1.3e-05,,
0.95,0.55,0.3,50,100,stratified,500,0,500,0.954,0.48006368719415093,0.482142857142857,1.3e-05,,
0.95,0.55,0.3,50,100,lang_reiczigel,500,0,500,0.956,0.4921380963718781,0.485415659430573,1.3e-05,,
0.95,0.55,0.3,50,100,wilson_known,500,0,500,0.808,0.35040574601172936,0.3528020727162513,1.3e-05,,
0.95,0.55,0.3,50,100,point_rogan_gladen,500,0,500,,,,,0.0007600649565870008,0.1397040465084677
0.95,0.55,0.3,50,1000,judgy,500,0,500,0.914,0.3725129763297574,0.3766837555901578,2.6000000000000002e-05,,
0.95,0.55,0.3,50,1000,skill,500,0,500,0.916,0.3726222004009704,0.3807198421496538,2.6000000000000002e-05,,
0.95,0.55,0.3,50,1000,repo,500,0,500,0.934,0.38762153924113807,0.3952675977199712,2.6000000000000002e-05,,
0.95,0.55,0.3,50,1000,stratified,500,0,500,0.932,0.3856850459883067,0.39208461250610904,2.6000000000000002e-05,,
0.95,0.55,0.3,50,1000,lang_reiczigel,500,0,500,0.942,0.3952348724545185,0.3985035664053097,2.6000000000000002e-05,,
0.95,0.55,0.3,50,1000,wilson_known,500,0,500,0.428,0.11954545771997781,0.11760273343270088,2.6000000000000002e-05,,
0.95,0.55,0.3,50,1000,point_rogan_gladen,500,0,500,,,,,-0.016338017370552356,0.11585980144564252
0.95,0.55,0.3,100,100,judgy,500,0,500,0.776,0.27884767776837693,0.2823480023375535,0.0,,
0.95,0.55,0.3,100,100,skill,500,0,500,0.772,0.27917188879253385,0.2801473360134164,0.0,,
0.95,0.55,0.3,100,100,repo,500,0,500,0.958,0.4438164155353403,0.4461841034592326,0.0,,
0.95,0.55,0.3,100,100,stratified,500,0,500,0.958,0.44497287775992755,0.4456247904116476,0.0,,
0.95,0.55,0.3,100,100,lang_reiczigel,500,0,500,0.962,0.44617672330128966,0.44981613509543894,0.0,,
0.95,0.55,0.3,100,100,wilson_known,500,0,500,0.902,0.36565077168829996,0.3674656684286278,0.0,,
0.95,0.55,0.3,100,100,point_rogan_gladen,500,0,500,,,,,-0.002348206031747318,0.11621664614844177
0.95,0.55,0.3,100,1000,judgy,500,0,500,0.91,0.2862852523924712,0.2867070711519112,0.0,,
0.95,0.55,0.3,100,1000,skill,500,0,500,0.922,0.28623487742170606,0.2855298736153784,0.0,,
0.95,0.55,0.3,100,1000,repo,500,0,500,0.948,0.3100063554279725,0.3078864594067577,0.0,,
0.95,0.55,0.3,100,1000,stratified,500,0,500,0.952,0.30842844081204407,0.3076960784313726,0.0,,
0.95,0.55,0.3,100,1000,lang_reiczigel,500,0,500,0.954,0.30666858107153483,0.30435772109711473,0.0,,
0.95,0.55,0.3,100,1000,wilson_known,500,0,500,0.544,0.12243614773410967,0.12089338566774632,0.0,,
0.95,0.55,0.3,100,1000,point_rogan_gladen,500,0,500,,,,,-0.010166215074855767,0.08183287000659535
0.95,0.55,0.3,200,100,judgy,500,0,500,0.63,0.19485312558598641,0.19623846185211463,0.0,,
0.95,0.55,0.3,200,100,skill,500,0,500,0.628,0.19494344551930107,0.1956594953869856,0.0,,
0.95,0.55,0.3,200,100,repo,500,0,500,0.942,0.409382139305683,0.41232572427415537,0.0,,
0.95,0.55,0.3,200,100,stratified,500,0,500,0.934,0.40984357100096175,0.4129388443285805,0.0,,
0.95,0.55,0.3,200,100,lang_reiczigel,500,0,500,0.944,0.4068963779169224,0.40996142567499066,0.0,,
0.95,0.55,0.3,200,100,wilson_known,500,0,500,0.918,0.36201978175425575,0.36491944368515605,0.0,,
0.95,0.55,0.3,200,100,point_rogan_gladen,500,0,500,,,,,0.00035998555896248763,0.10943982519751728
0.95,0.55,0.3,200,1000,judgy,500,0,500,0.922,0.2038742216314454,0.20103752923948792,0.0,,
0.95,0.55,0.3,200,1000,skill,500,0,500,0.924,0.2039055118014212,0.19941959971012066,0.0,,
0.95,0.55,0.3,200,1000,repo,500,0,500,0.96,0.23827937337775545,0.23670627628887753,0.0,,
0.95,0.55,0.3,200,1000,stratified,500,0,500,0.96,0.23781691318801984,0.2361531749294157,0.0,,
0.95,0.55,0.3,200,1000,lang_reiczigel,500,0,500,0.96,0.2357534939858177,0.2330557707226884,0.0,,
0.95,0.55,0.3,200,1000,wilson_known,500,0,500,0.724,0.12217389230144005,0.1215240406507796,0.0,,
0.95,0.55,0.3,200,1000,point_rogan_gladen,500,0,500,,,,,-0.005130754568311874,0.056672966832015545
0.95,0.55,0.5,10,100,judgy,500,4,496,0.9012096774193549,0.6572771552920074,0.6300000000000001,0.027235895669609,,
0.95,0.55,0.5,10,100,skill,500,4,496,0.9092741935483871,0.6818735055062111,0.6393020833333327,0.027235895669609,,
0.95,0.55,0.5,10,100,repo,500,4,496,0.9334677419354839,0.72170441648701,0.6858071428571431,0.027235895669609,,
0.95,0.55,0.5,10,100,stratified,500,4,496,0.9435483870967742,0.7098338033634152,0.6812083333333332,0.027235895669609,,
0.95,0.55,0.5,10,100,lang_reiczigel,500,4,496,0.9556451612903226,0.7793541129529914,0.7940345210476392,0.027235895669609,,
0.95,0.55,0.5,10,100,wilson_known,500,4,496,0.6270161290322581,0.3445568588989914,0.33302624401030057,0.027235895669609,,
0.95,0.55,0.5,10,100,point_rogan_gladen,500,4,496,,,,,-0.04053403417818744,0.22078519452618275
0.95,0.55,0.5,10,1000,judgy,500,3,497,0.9356136820925554,0.6716029486331206,0.6388750000000001,0.024181157480148523,,
0.95,0.55,0.5,10,1000,skill,500,3,497,0.937625754527163,0.6887133145510416,0.6437500000000002,0.024181157480148523,,
0.95,0.55,0.5,10,1000,repo,500,3,497,0.9416498993963782,0.6931206597386488,0.6462946428571428,0.024181157480148523,,
0.95,0.55,0.5,10,1000,stratified,500,3,497,0.9275653923541247,0.6812374778432501,0.6387500000000002,0.024181157480148523,,
0.95,0.55,0.5,10,1000,lang_reiczigel,500,3,497,0.9436619718309859,0.7258955920315678,0.759611525988821,0.024181157480148523,,
0.95,0.55,0.5,10,1000,wilson_known,500,3,497,0.2112676056338028,0.1132474247936324,0.11174790435729332,0.024181157480148523,,
0.95,0.55,0.5,10,1000,point_rogan_gladen,500,3,497,,,,,-0.039430519625690726,0.2124676376806801
0.95,0.55,0.5,20,100,judgy,500,0,500,0.876,0.5263717896338794,0.520116504854369,0.0017040000000000002,,
0.95,0.55,0.5,20,100,skill,500,0,500,0.88,0.5323460766180872,0.5197752659574467,0.0017040000000000002,,
0.95,0.55,0.5,20,100,repo,500,0,500,0.944,0.6214691727145962,0.6038772261351182,0.0017040000000000002,,
0.95,0.55,0.5,20,100,stratified,500,0,500,0.944,0.6137272944104397,0.5993452380952379,0.0017040000000000002,,
0.95,0.55,0.5,20,100,lang_reiczigel,500,0,500,0.972,0.625204009893516,0.6241061340417421,0.0017040000000000002,,
0.95,0.55,0.5,20,100,wilson_known,500,0,500,0.738,0.3485722740107991,0.33812927063150106,0.0017040000000000002,,
0.95,0.55,0.5,20,100,point_rogan_gladen,500,0,500,,,,,-0.01698886835386836,0.17350359710693664
0.95,0.55,0.5,20,1000,judgy,500,0,500,0.938,0.5466939281964085,0.5489781089743591,0.0022150000000000004,,
0.95,0.55,0.5,20,1000,skill,500,0,500,0.942,0.5530528681540968,0.55070101552257,0.0022150000000000004,,
0.95,0.55,0.5,20,1000,repo,500,0,500,0.948,0.5639034107306696,0.5586451278409096,0.0022150000000000004,,
0.95,0.55,0.5,20,1000,stratified,500,0,500,0.944,0.5518452760390452,0.5500386904761903,0.0022150000000000004,,
0.95,0.55,0.5,20,1000,lang_reiczigel,500,0,500,0.944,0.5464941055260758,0.5297743843035687,0.0022150000000000004,,
0.95,0.55,0.5,20,1000,wilson_known,500,0,500,0.364,0.11826253913830294,0.11260927991162939,0.0022150000000000004,,
0.95,0.55,0.5,20,1000,point_rogan_gladen,500,0,500,,,,,-0.015913814169490666,0.1436929741159799
0.95,0.55,0.5,50,100,judgy,500,0,500,0.81,0.3405957629635543,0.33370401625714086,1e-06,,
0.95,0.55,0.5,50,100,skill,500,0,500,0.81,0.34084161138898955,0.3319036282048371,1e-06,,
0.95,0.55,0.5,50,100,repo,500,0,500,0.96,0.4997971064766212,0.49480277780179965,1e-06,,
0.95,0.55,0.5,50,100,stratified,500,0,500,0.964,0.4972366954886569,0.49517465538847116,1e-06,,
0.95,0.55,0.5,50,100,lang_reiczigel,500,0,500,0.97,0.4916595906143124,0.48565111686129137,1e-06,,
0.95,0.55,0.5,50,100,wilson_known,500,0,500,0.872,0.35724036111330726,0.3511682759216771,1e-06,,
0.95,0.55,0.5,50,100,point_rogan_gladen,500,0,500,,,,,-0.008238097704210886,0.12027625873853548
0.95,0.55,0.5,50,1000,judgy,500,0,500,0.932,0.34246789573052955,0.32908781454248365,1e-06,,
0.95,0.55,0.5,50,1000,skill,500,0,500,0.928,0.34285971609394356,0.32879498772455823,1e-06,,
0.95,0.55,0.5,50,1000,repo,500,0,500,0.95,0.36358004645195874,0.34972810371412055,1e-06,,
0.95,0.55,0.5,50,1000,stratified,500,0,500,0.948,0.3611600109835182,0.34700736182154013,1e-06,,
0.95,0.55,0.5,50,1000,lang_reiczigel,500,0,500,0.956,0.34534665429766426,0.3332258499168687,1e-06,,
0.95,0.55,0.5,50,1000,wilson_known,500,0,500,0.506,0.11567170295175817,0.11321767389980675,1e-06,,
0.95,0.55,0.5,50,1000,point_rogan_gladen,500,0,500,,,,,-0.009131794845374628,0.08865391068531049
0.95,0.55,0.5,100,100,judgy,500,0,500,0.646,0.2354194703363823,0.22911056918333944,0.0,,
0.95,0.55,0.5,100,100,skill,500,0,500,0.648,0.2358642842006866,0.2299757309176695,0.0,,
0.95,0.55,0.5,100,100,repo,500,0,500,0.954,0.4379363262427986,0.43549149835113915,0.0,,
0.95,0.55,0.5,100,100,stratified,500,0,500,0.956,0.4373061315822735,0.43348683499031526,0.0,,
0.95,0.55,0.5,100,100,lang_reiczigel,500,0,500,0.96,0.4334293253218683,0.43061985481856235,0.0,,
0.95,0.55,0.5,100,100,wilson_known,500,0,500,0.926,0.3587677886509931,0.3556418682112872,0.0,,
0.95,0.55,0.5,100,100,point_rogan_gladen,500,0,500,,,,,-0.019489181902128398,0.11037976846560608
0.95,0.55,0.5,100,1000,judgy,500,0,500,0.922,0.23067997835497603,0.22476478647980705,0.0,,
0.95,0.55,0.5,100,1000,skill,500,0,500,0.92,0.23025594788997178,0.22395353098524756,0.0,,
0.95,0.55,0.5,100,1000,repo,500,0,500,0.952,0.2590188687140381,0.25104041868067206,0.0,,
0.95,0.55,0.5,100,1000,stratified,500,0,500,0.944,0.2585912374731258,0.25293130898712146,0.0,,
0.95,0.55,0.5,100,1000,lang_reiczigel,500,0,500,0.956,0.2528020284108093,0.24756916428823414,0.0,,
0.95,0.55,0.5,100,1000,wilson_known,500,0,500,0.662,0.11508923892579515,0.11316310111702466,0.0,,
0.95,0.55,0.5,100,1000,point_rogan_gladen,500,0,500,,,,,-0.007927273482554283,0.06327732317613853
0.95,0.55,0.5,200,100,judgy,500,0,500,0.536,0.15858185312562204,0.15581435015656503,0.0,,
0.95,0.55,0.5,200,100,skill,500,0,500,0.544,0.15890793008725024,0.156190395645889,0.0,,
0.95,0.55,0.5,200,100,repo,500,0,500,0.94,0.39654677231634755,0.3960990943097684,0.0,,
0.95,0.55,0.5,200,100,stratified,500,0,500,0.952,0.39683138634443743,0.39558431927184007,0.0,,
0.95,0.55,0.5,200,100,lang_reiczigel,500,0,500,0.954,0.39389022289075043,0.39359373277286147,0.0,,
0.95,0.55,0.5,200,100,wilson_known,500,0,500,0.91,0.3553275757006903,0.35403457412561756,0.0,,
0.95,0.55,0.5,200,100,point_rogan_gladen,500,0,500,,,,,-0.006594606217971449,0.10328690841493991
0.95,0.55,0.5,200,1000,judgy,500,0,500,0.854,0.15710686967780327,0.1546543059467975,0.0,,
0.95,0.55,0.5,200,1000,skill,500,0,500,0.856,0.1571702499881756,0.15481489361719267,0.0,,
0.95,0.55,0.5,200,1000,repo,500,0,500,0.93,0.19496815637740883,0.19266701115749058,0.0,,
0.95,0.55,0.5,200,1000,stratified,500,0,500,0.93,0.19493933353120055,0.1924131775936603,0.0,,
0.95,0.55,0.5,200,1000,lang_reiczigel,500,0,500,0.942,0.19374336169022305,0.19146933814533737,0.0,,
0.95,0.55,0.5,200,1000,wilson_known,500,0,500,0.728,0.11454801520838595,0.1138356005430376,0.0,,
0.95,0.55,0.5,200,1000,point_rogan_gladen,500,0,500,,,,,-0.0032179927996886567,0.0518464644806602
0.95,0.55,0.7,10,100,judgy,500,3,497,0.8571428571428571,0.5913461552218438,0.6044444444444441,0.02639668425762177,,
0.95,0.55,0.7,10,100,skill,500,3,497,0.8571428571428571,0.6175025798017831,0.6450000000000005,0.02639668425762177,,
0.95,0.55,0.7,10,100,repo,500,3,497,0.9416498993963782,0.6735962217801162,0.7066666666666672,0.02639668425762177,,
0.95,0.55,0.7,10,100,stratified,500,3,497,0.9295774647887324,0.6525014132413529,0.6835714285714285,0.02639668425762177,,
0.95,0.55,0.7,10,100,lang_reiczigel,500,3,497,0.9899396378269618,0.6680308589585194,0.6134254364796573,0.02639668425762177,,
0.95,0.55,0.7,10,100,wilson_known,500,3,497,0.7002012072434608,0.32107457476661694,0.2930887730708238,0.02639668425762177,,
0.95,0.55,0.7,10,100,point_rogan_gladen,500,3,497,,,,,-0.035036249241480584,0.19274464939058808
0.95,0.55,0.7,10,1000,judgy,500,5,495,0.907070707070707,0.6202473012874602,0.6666666666666664,0.027157583337123106,,
0.95,0.55,0.7,10,1000,skill,500,5,495,0.9111111111111111,0.6449752408834888,0.6919999999999997,0.027157583337123106,,
0.95,0.55,0.7,10,1000,repo,500,5,495,0.9171717171717172,0.6529738441889811,0.6981866666666665,0.027157583337123106,,
0.95,0.55,0.7,10,1000,stratified,500,5,495,0.907070707070707,0.6304379314975147,0.6766666666666667,0.027157583337123106,,
0.95,0.55,0.7,10,1000,lang_reiczigel,500,5,495,0.9878787878787879,0.6246520574466806,0.5951834698026145,0.027157583337123106,,
0.95,0.55,0.7,10,1000,wilson_known,500,5,495,0.2787878787878788,0.10400490191379201,0.0979582341170091,0.027157583337123106,,
0.95,0.55,0.7,10,1000,point_rogan_gladen,500,5,495,,,,,-0.023351803751803648,0.17129774567424244
0.95,0.55,0.7,20,100,judgy,500,0,500,0.814,0.4528703460510328,0.42248371259093875,0.003442,,
0.95,0.55,0.7,20,100,skill,500,0,500,0.822,0.4618537193618779,0.43541133431441964,0.003442,,
0.95,0.55,0.7,20,100,repo,500,0,500,0.938,0.5510339310301485,0.5227361878543083,0.003442,,
0.95,0.55,0.7,20,100,stratified,500,0,500,0.934,0.5439200812825804,0.5143571428571428,0.003442,,
0.95,0.55,0.7,20,100,lang_reiczigel,500,0,500,0.978,0.5354877747882972,0.5021625190771167,0.003442,,
0.95,0.55,0.7,20,100,wilson_known,500,0,500,0.758,0.3177534537630053,0.30004415426323217,0.003442,,
0.95,0.55,0.7,20,100,point_rogan_gladen,500,0,500,,,,,-0.007454541567823223,0.1547221125449588
0.95,0.55,0.7,20,1000,judgy,500,0,500,0.91,0.46822839760283524,0.4224979529616721,0.0022530000000000002,,
0.95,0.55,0.7,20,1000,skill,500,0,500,0.91,0.4734034679784787,0.42409887313704075,0.0022530000000000002,,
0.95,0.55,0.7,20,1000,repo,500,0,500,0.926,0.48566724796987887,0.43614241821020494,0.0022530000000000002,,
0.95,0.55,0.7,20,1000,stratified,500,0,500,0.922,0.47280219009411634,0.42212083333333317,0.0022530000000000002,,
0.95,0.55,0.7,20,1000,lang_reiczigel,500,0,500,0.982,0.4476460721462061,0.4155705542441879,0.0022530000000000002,,
0.95,0.55,0.7,20,1000,wilson_known,500,0,500,0.362,0.10399444419804832,0.09767119120640277,0.0022530000000000002,,
0.95,0.55,0.7,20,1000,point_rogan_gladen,500,0,500,,,,,-0.004478462958609908,0.11760530231630821
0.95,0.55,0.7,50,100,judgy,500,0,500,0.714,0.2669192472644688,0.2539872787940475,0.0,,
0.95,0.55,0.7,50,100,skill,500,0,500,0.72,0.2674094005934733,0.2543536909123307,0.0,,
0.95,0.55,0.7,50,100,repo,500,0,500,0.93,0.4142217712910422,0.3957919236375511,0.0,,
0.95,0.55,0.7,50,100,stratified,500,0,500,0.932,0.41293678534943673,0.39387095030374863,0.0,,
0.95,0.55,0.7,50,100,lang_reiczigel,500,0,500,0.956,0.4138877907456298,0.3970726472332009,0.0,,
0.95,0.55,0.7,50,100,wilson_known,500,0,500,0.848,0.3104543025866682,0.3020577248624133,0.0,,
0.95,0.55,0.7,50,100,point_rogan_gladen,500,0,500,,,,,-0.004460124431195848,0.11043974792969471
0.95,0.55,0.7,50,1000,judgy,500,0,500,0.914,0.27998662879588454,0.26275453664809184,3e-06,,
0.95,0.55,0.7,50,1000,skill,500,0,500,0.92,0.2798995531559668,0.2630027388391902,3e-06,,
0.95,0.55,0.7,50,1000,repo,500,0,500,0.932,0.2987570402525555,0.28129936047406673,3e-06,,
0.95,0.55,0.7,50,1000,stratified,500,0,500,0.93,0.29789906777776615,0.28170984652424874,3e-06,,
0.95,0.55,0.7,50,1000,lang_reiczigel,500,0,500,0.966,0.2921800869426796,0.2802640829062454,3e-06,,
0.95,0.55,0.7,50,1000,wilson_known,500,0,500,0.576,0.10259787520181816,0.09936549286020907,3e-06,,
0.95,0.55,0.7,50,1000,point_rogan_gladen,500,0,500,,,,,-0.004732064588075881,0.0715616591760003
0.95,0.55,0.7,100,100,judgy,500,0,500,0.672,0.18260730175303974,0.17660980674963833,0.0,,
0.95,0.55,0.7,100,100,skill,500,0,500,0.68,0.1822397565281968,0.17559128977403643,0.0,,
0.95,0.55,0.7,100,100,repo,500,0,500,0.96,0.36872292921490707,0.3596464619044754,0.0,,
0.95,0.55,0.7,100,100,stratified,500,0,500,0.964,0.36774148729579387,0.35816160004529607,0.0,,
0.95,0.55,0.7,100,100,lang_reiczigel,500,0,500,0.972,0.37051908902875114,0.36226153020281193,0.0,,
0.95,0.55,0.7,100,100,wilson_known,500,0,500,0.934,0.3132728325654579,0.30775692721830794,0.0,,
0.95,0.55,0.7,100,100,point_rogan_gladen,500,0,500,,,,,-0.0006060277312409187,0.08576871887809163
0.95,0.55,0.7,100,1000,judgy,500,0,500,0.884,0.18082588052915496,0.17798871589261728,0.0,,
0.95,0.55,0.7,100,1000,skill,500,0,500,0.876,0.18068839143664092,0.17789971541235639,0.0,,
0.95,0.55,0.7,100,1000,repo,500,0,500,0.924,0.20754751765910465,0.20355199342676644,0.0,,
0.95,0.55,0.7,100,1000,stratified,500,0,500,0.93,0.2073605603550193,0.20292297870947307,0.0,,
0.95,0.55,0.7,100,1000,lang_reiczigel,500,0,500,0.946,0.2073836296801773,0.20331839554964826,0.0,,
0.95,0.55,0.7,100,1000,wilson_known,500,0,500,0.64,0.10005399531723105,0.09857073832421115,0.0,,
0.95,0.55,0.7,100,1000,point_rogan_gladen,500,0,500,,,,,0.000234383371275092,0.05433419161530589
0.95,0.55,0.7,200,100,judgy,500,0,500,0.522,0.12436208041985093,0.12259374443223531,0.0,,
0.95,0.55,0.7,200,100,skill,500,0,500,0.52,0.12421862853179391,0.12255656647597984,0.0,,
0.95,0.55,0.7,200,100,repo,500,0,500,0.938,0.3369141387674249,0.33664875093895275,0.0,,
0.95,0.55,0.7,200,100,stratified,500,0,500,0.942,0.3373830939030256,0.337144538944541,0.0,,
0.95,0.55,0.7,200,100,lang_reiczigel,500,0,500,0.948,0.33988647482265316,0.3388441233555902,0.0,,
0.95,0.55,0.7,200,100,wilson_known,500,0,500,0.936,0.3097013711502942,0.30851449796928787,0.0,,
0.95,0.55,0.7,200,100,point_rogan_gladen,500,0,500,,,,,-0.0005124721521520894,0.0862169706924345
0.95,0.55,0.7,200,1000,judgy,500,0,500,0.866,0.12273033614156846,0.12105154483076935,0.0,,
0.95,0.55,0.7,200,1000,skill,500,0,500,0.856,0.12288369910557026,0.12228989010632763,0.0,,
0.95,0.55,0.7,200,1000,repo,500,0,500,0.936,0.15874308751995517,0.15735626899383798,0.0,,
0.95,0.55,0.7,200,1000,stratified,500,0,500,0.936,0.15872338060753893,0.15665213549115525,0.0,,
0.95,0.55,0.7,200,1000,lang_reiczigel,500,0,500,0.944,0.1590446242422664,0.15763430397650136,0.0,,
0.95,0.55,0.7,200,1000,wilson_known,500,0,500,0.798,0.09959797233526037,0.0988985940589242,0.0,,
0.95,0.55,0.7,200,1000,point_rogan_gladen,500,0,500,,,,,-0.0011200415735291575,0.03997688537897765
0.95,0.55,0.9,10,100,judgy,500,3,497,0.5432595573440644,0.3618254541135702,0.30874999999999997,0.023265597084256417,,
0.95,0.55,0.9,10,100,skill,500,3,497,0.5372233400402414,0.43090699530115295,0.33806249999999916,0.023265597084256417,,
0.95,0.55,0.9,10,100,repo,500,3,497,0.8229376257545271,0.4944033154799744,0.4260000000000004,0.023265597084256417,,
0.95,0.55,0.9,10,100,stratified,500,3,497,0.8169014084507042,0.4747087265657436,0.39999999999999936,0.023265597084256417,,
0.95,0.55,0.9,10,100,lang_reiczigel,500,3,497,0.9979879275653923,0.4527602184376289,0.3988878605556785,0.023265597084256417,,
0.95,0.55,0.9,10,100,wilson_known,500,3,497,0.5492957746478874,0.20766300618818598,0.19856087407373058,0.023265597084256417,,
0.95,0.55,0.9,10,100,point_rogan_gladen,500,3,497,,,,,-0.03926679122353168,0.12742323255165156
0.95,0.55,0.9,10,1000,judgy,500,1,499,0.503006012024048,0.3765066844385017,0.2902986111111109,0.030642284569138274,,
0.95,0.55,0.9,10,1000,skill,500,1,499,0.503006012024048,0.44725519305051986,0.34199999999999975,0.030642284569138274,,
0.95,0.55,0.9,10,1000,repo,500,1,499,0.5711422845691383,0.46165100553337773,0.34701666666666753,0.030642284569138274,,
0.95,0.55,0.9,10,1000,stratified,500,1,499,0.5751503006012024,0.44003268044024546,0.3049999999999998,0.030642284569138274,,
0.95,0.55,0.9,10,1000,lang_reiczigel,500,1,499,1.0,0.4249030645758592,0.3414509789801279,0.030642284569138274,,
0.95,0.55,0.9,10,1000,wilson_known,500,1,499,0.05410821643286573,0.060912900190423065,0.05982472631379221,0.030642284569138274,,
0.95,0.55,0.9,10,1000,point_rogan_gladen,500,1,499,,,,,-0.022272537137767605,0.12151286350418382
0.95,0.55,0.9,20,100,judgy,500,0,500,0.674,0.23676721745294083,0.20999999999999985,0.002731,,
0.95,0.55,0.9,20,100,skill,500,0,500,0.676,0.25041267007942,0.21008928571428553,0.002731,,
0.95,0.55,0.9,20,100,repo,500,0,500,0.88,0.3229885066890073,0.28766579899114875,0.002731,,
0.95,0.55,0.9,20,100,stratified,500,0,500,0.876,0.3170555887746584,0.2845238095238096,0.002731,,
0.95,0.55,0.9,20,100,lang_reiczigel,500,0,500,0.994,0.3384286301411231,0.3188313312554277,0.002731,,
0.95,0.55,0.9,20,100,wilson_known,500,0,500,0.698,0.20327858276789942,0.2041129609584782,0.002731,,
0.95,0.55,0.9,20,100,point_rogan_gladen,500,0,500,,,,,-0.011545127650127602,0.09759496022582707
0.95,0.55,0.9,20,1000,judgy,500,0,500,0.632,0.2383371674166457,0.21759618055555552,0.002516,,
0.95,0.55,0.9,20,1000,skill,500,0,500,0.632,0.2557281823024215,0.21839932692307673,0.002516,,
0.95,0.55,0.9,20,1000,repo,500,0,500,0.67,0.265092796394846,0.22590677083333338,0.002516,,
0.95,0.55,0.9,20,1000,stratified,500,0,500,0.664,0.25743730998869113,0.22399534632034634,0.002516,,
0.95,0.55,0.9,20,1000,lang_reiczigel,500,0,500,0.998,0.28112529420164084,0.2569939689494868,0.002516,,
0.95,0.55,0.9,20,1000,wilson_known,500,0,500,0.31,0.06329808850310316,0.06495585798580583,0.002516,,
0.95,0.55,0.9,20,1000,point_rogan_gladen,500,0,500,,,,,-0.00883700915750911,0.08020599843200717
0.95,0.55,0.9,50,100,judgy,500,0,500,0.76,0.17026725986656763,0.1679328306410906,1e-06,,
0.95,0.55,0.9,50,100,skill,500,0,500,0.75,0.17002676134911893,0.1687695494246787,1e-06,,
0.95,0.55,0.9,50,100,repo,500,0,500,0.912,0.2547444457206673,0.2510148678544767,1e-06,,
0.95,0.55,0.9,50,100,stratified,500,0,500,0.912,0.2544526296378679,0.2500000000000002,1e-06,,
0.95,0.55,0.9,50,100,lang_reiczigel,500,0,500,0.968,0.27389165085549644,0.2723361797127075,1e-06,,
0.95,0.55,0.9,50,100,wilson_known,500,0,500,0.812,0.21201584877992422,0.2199339644325261,1e-06,,
0.95,0.55,0.9,50,100,point_rogan_gladen,500,0,500,,,,,-0.005072732569630922,0.07955885539030522
0.95,0.55,0.9,50,1000,judgy,500,0,500,0.882,0.17976530324791462,0.17957599620493353,4e-06,,
0.95,0.55,0.9,50,1000,skill,500,0,500,0.874,0.17965774378202556,0.17954250770359492,4e-06,,
0.95,0.55,0.9,50,1000,repo,500,0,500,0.892,0.19097138964815946,0.18913125367699368,4e-06,,
0.95,0.55,0.9,50,1000,stratified,500,0,500,0.892,0.1905134818253722,0.1882604166666666,4e-06,,
0.95,0.55,0.9,50,1000,lang_reiczigel,500,0,500,0.98,0.19905639241704307,0.19415205454028406,4e-06,,
0.95,0.55,0.9,50,1000,wilson_known,500,0,500,0.464,0.07055654226128598,0.07191716688927008,4e-06,,
0.95,0.55,0.9,50,1000,point_rogan_gladen,500,0,500,,,,,-0.0048929667284647585,0.05937751991242215
0.95,0.55,0.9,100,100,judgy,500,0,500,0.728,0.1348429895671269,0.13449067506793055,0.0,,
0.95,0.55,0.9,100,100,skill,500,0,500,0.728,0.13474753022442848,0.1341017757969653,0.0,,
0.95,0.55,0.9,100,100,repo,500,0,500,0.946,0.23373087747785082,0.23656907415613232,0.0,,
0.95,0.55,0.9,100,100,stratified,500,0,500,0.948,0.23353008620994445,0.2363636363636364,0.0,,
0.95,0.55,0.9,100,100,lang_reiczigel,500,0,500,0.968,0.25212751115699805,0.2552718043946812,0.0,,
0.95,0.55,0.9,100,100,wilson_known,500,0,500,0.912,0.217412854691947,0.2239011539697996,0.0,,
0.95,0.55,0.9,100,100,point_rogan_gladen,500,0,500,,,,,0.000297541283187337,0.06727917629532383
0.95,0.55,0.9,100,1000,judgy,500,0,500,0.91,0.14304955713503614,0.14367490976932196,0.0,,
0.95,0.55,0.9,100,1000,skill,500,0,500,0.918,0.14282430805444812,0.14386520886524173,0.0,,
0.95,0.55,0.9,100,1000,repo,500,0,500,0.938,0.15785687648238167,0.1573165367990199,0.0,,
0.95,0.55,0.9,100,1000,stratified,500,0,500,0.938,0.1575636955353305,0.15796060949788238,0.0,,
0.95,0.55,0.9,100,1000,lang_reiczigel,500,0,500,0.968,0.16155775612976214,0.1606248113773882,0.0,,
0.95,0.55,0.9,100,1000,wilson_known,500,0,500,0.59,0.07295415851799042,0.07292077266391589,0.0,,
0.95,0.55,0.9,100,1000,point_rogan_gladen,500,0,500,,,,,0.0012801824328726957,0.044763530192846276
0.95,0.55,0.9,200,100,judgy,500,0,500,0.566,0.10099149606318839,0.10512516322718302,0.0,,
0.95,0.55,0.9,200,100,skill,500,0,500,0.56,0.1011665410948695,0.10523144765765013,0.0,,
0.95,0.55,0.9,200,100,repo,500,0,500,0.92,0.22145008412635042,0.22838854569792622,0.0,,
0.95,0.55,0.9,200,100,stratified,500,0,500,0.93,0.22183079296808994,0.22843730115201255,0.0,,
0.95,0.55,0.9,200,100,lang_reiczigel,500,0,500,0.952,0.24135649930907266,0.24716929334725912,0.0,,
0.95,0.55,0.9,200,100,wilson_known,500,0,500,0.908,0.22045865607829032,0.22873132300982668,0.0,,
0.95,0.55,0.9,200,100,point_rogan_gladen,500,0,500,,,,,-0.0016203811058039628,0.06790234408563507
0.95,0.55,0.9,200,1000,judgy,500,0,500,0.868,0.10993208331046446,0.1105405082510667,0.0,,
0.95,0.55,0.9,200,1000,skill,500,0,500,0.876,0.10970884498678973,0.11013612374068371,0.0,,
0.95,0.55,0.9,200,1000,repo,500,0,500,0.944,0.13122830196906768,0.13026042640934887,0.0,,
0.95,0.55,0.9,200,1000,stratified,500,0,500,0.942,0.13084549600735995,0.13039705889429282,0.0,,
0.95,0.55,0.9,200,1000,lang_reiczigel,500,0,500,0.956,0.13332580378370262,0.13252462254580777,0.0,,
0.95,0.55,0.9,200,1000,wilson_known,500,0,500,0.716,0.07464766425009332,0.07389539527178801,0.0,,
0.95,0.55,0.9,200,1000,point_rogan_gladen,500,0,500,,,,,-0.0010578013590511967,0.035939204425356044
