tpr,tnr,theta,n_class,n_unlabeled,method,reps,excluded,kept,coverage,mean_width,median_width,judgy_mean_dropped,bias,rmse
0.6,0.6,0.1,10,100,judgy,500,115,385,0.9090909090909091,0.8130625786093979,0.95,0.15010414038187925,,
0.6,0.6,0.1,10,100,skill,500,115,385,0.9454545454545454,0.9322663198627014,1.0,0.15010414038187925,,
0.6,0.6,0.1,10,100,repo,500,115,385,0.9584415584415584,0.94254655434235,1.0,0.15010414038187925,,
0.6,0.6,0.1,10,100,stratified,500,115,385,0.9454545454545454,0.9276087301587301,1.0,0.15010414038187925,,
0.6,0.6,0.1,10,100,lang_reiczigel,500,115,385,0.9532467532467532,0.9252926392595024,1.0,0.15010414038187925,,
0.6,0.6,0.1,10,100,wilson_known,500,115,385,0.5246753246753246,0.4373437776756093,0.3931171098985674,0.15010414038187925,,
0.6,0.6,0.1,10,100,point_rogan_gladen,500,115,385,,,,,0.2132350030921459,0.37699726451302634
0.6,0.6,0.1,10,1000,judgy,500,109,391,0.9232736572890026,0.7953789423037725,0.9190111111111091,0.14494376280211718,,
0.6,0.6,0.1,10,1000,skill,500,109,391,0.9514066496163683,0.9396272438171971,1.0,0.14494376280211718,,
0.6,0.6,0.1,10,1000,repo,500,109,391,0.9514066496163683,0.9368070790178751,1.0,0.14494376280211718,,
0.6,0.6,0.1,10,1000,stratified,500,109,391,0.948849104859335,0.923022939248163,1.0,0.14494376280211718,,
0.6,0.6,0.1,10,1000,lang_reiczigel,500,109,391,0.9514066496163683,0.9100412185636638,1.0,0.14494376280211718,,
0.6,0.6,0.1,10,1000,wilson_known,500,109,391,0.20460358056265984,0.1296898453375985,0.12264316049680968,0.14494376280211718,,
0.6,0.6,0.1,10,1000,point_rogan_gladen,500,109,391,,,,,0.18887358421629516,0.36593081969272945
0.6,0.6,0.1,20,100,judgy,500,60,440,0.9295454545454546,0.7162686799599685,0.7870241278329511,0.12707613636363635,,
0.6,0.6,0.1,20,100,skill,500,60,440,0.9659090909090909,0.918936015939096,1.0,0.12707613636363635,,
0.6,0.6,0.1,20,100,repo,500,60,440,0.975,0.9355937966628326,1.0,0.12707613636363635,,
0.6,0.6,0.1,20,100,stratified,500,60,440,0.9727272727272728,0.9285528621909136,1.0,0.12707613636363635,,
0.6,0.6,0.1,20,100,lang_reiczigel,500,60,440,0.9636363636363636,0.9121322649481827,1.0,0.12707613636363635,,
0.6,0.6,0.1,20,100,wilson_known,500,60,440,0.6204545454545455,0.4854521472139088,0.479974132089382,0.12707613636363635,,
0.6,0.6,0.1,20,100,point_rogan_gladen,500,60,440,,,,,0.1254452504566141,0.30019854763541887
0.6,0.6,0.1,20,1000,judgy,500,70,430,0.9465116279069767,0.736311735664203,0.7946541165803434,0.12101976744186047,,
0.6,0.6,0.1,20,1000,skill,500,70,430,0.9744186046511628,0.898336375434726,1.0,0.12101976744186047,,
0.6,0.6,0.1,20,1000,repo,500,70,430,0.9720930232558139,0.9050174244251584,1.0,0.12101976744186047,,
0.6,0.6,0.1,20,1000,stratified,500,70,430,0.9720930232558139,0.8873490927946501,1.0,0.12101976744186047,,
0.6,0.6,0.1,20,1000,lang_reiczigel,500,70,430,0.9558139534883721,0.8600018309162797,1.0,0.12101976744186047,,
0.6,0.6,0.1,20,1000,wilson_known,500,70,430,0.24186046511627907,0.1601997214115495,0.14768583531745694,0.12101976744186047,,
0.6,0.6,0.1,20,1000,point_rogan_gladen,500,70,430,,,,,0.12177046145069396,0.2781699454796723
0.6,0.6,0.1,50,100,judgy,500,9,491,0.8778004073319755,0.570861409527687,0.5548344156316357,0.05925050916496945,,
0.6,0.6,0.1,50,100,skill,500,9,491,0.9409368635437881,0.7712663766344104,1.0,0.05925050916496945,,
0.6,0.6,0.1,50,100,repo,500,9,491,0.9796334012219959,0.8545678534844879,1.0,0.05925050916496945,,
0.6,0.6,0.1,50,100,stratified,500,9,491,0.9816700610997964,0.8421632148953117,1.0,0.05925050916496945,,
0.6,0.6,0.1,50,100,lang_reiczigel,500,9,491,0.9714867617107943,0.8457767202132482,0.9173808164178477,0.05925050916496945,,
0.6,0.6,0.1,50,100,wilson_known,500,9,491,0.7678207739307535,0.533234627537725,0.5566795212112161,0.05925050916496945,,
0.6,0.6,0.1,50,100,point_rogan_gladen,500,9,491,,,,,0.08946675940154802,0.2502838243683016
0.6,0.6,0.1,50,1000,judgy,500,16,484,0.9421487603305785,0.6058673058580066,0.5737112680438442,0.06215495867768595,,
0.6,0.6,0.1,50,1000,skill,500,16,484,0.9669421487603306,0.7785391100601428,0.9035054568112832,0.06215495867768595,,
0.6,0.6,0.1,50,1000,repo,500,16,484,0.9752066115702479,0.795048122481366,0.9526391725119814,0.06215495867768595,,
0.6,0.6,0.1,50,1000,stratified,500,16,484,0.9710743801652892,0.7784091198772204,0.881331349206349,0.06215495867768595,,
0.6,0.6,0.1,50,1000,lang_reiczigel,500,16,484,0.9483471074380165,0.7631661222191579,0.7419914014880931,0.06215495867768595,,
0.6,0.6,0.1,50,1000,wilson_known,500,16,484,0.38636363636363635,0.18741835917492922,0.20150558747922567,0.06215495867768595,,
0.6,0.6,0.1,50,1000,point_rogan_gladen,500,16,484,,,,,0.06680766526797427,0.1972226561626302
0.6,0.6,0.1,100,100,judgy,500,3,497,0.8249496981891348,0.44417290286490985,0.4232900207900207,0.022522132796780683,,
0.6,0.6,0.1,100,100,skill,500,3,497,0.8752515090543259,0.5436367731958506,0.480112182741116,0.022522132796780683,,
0.6,0.6,0.1,100,100,repo,500,3,497,0.9698189134808853,0.7295787491046941,0.7597201980386928,0.022522132796780683,,
0.6,0.6,0.1,100,100,stratified,500,3,497,0.9738430583501007,0.7251786495040928,0.7499999999999984,0.022522132796780683,,
0.6,0.6,0.1,100,100,lang_reiczigel,500,3,497,0.9758551307847082,0.7558640821296537,0.7498197515884784,0.022522132796780683,,
0.6,0.6,0.1,100,100,wilson_known,500,3,497,0.869215291750503,0.5605934909484386,0.5739842999018393,0.022522132796780683,,
0.6,0.6,0.1,100,100,point_rogan_gladen,500,3,497,,,,,0.07684468179948112,0.2338071671658064
0.6,0.6,0.1,100,1000,judgy,500,2,498,0.9216867469879518,0.44294445551748773,0.4281351614834215,0.02387048192771084,,
0.6,0.6,0.1,100,1000,skill,500,2,498,0.9497991967871486,0.5667395255854203,0.4934701202945654,0.02387048192771084,,
0.6,0.6,0.1,100,1000,repo,500,2,498,0.9618473895582329,0.5955503665755113,0.5297893547458685,0.02387048192771084,,
0.6,0.6,0.1,100,1000,stratified,500,2,498,0.9598393574297188,0.5845746582888213,0.5267077569169956,0.02387048192771084,,
0.6,0.6,0.1,100,1000,lang_reiczigel,500,2,498,0.9397590361445783,0.6100218370612625,0.564158622656258,0.02387048192771084,,
0.6,0.6,0.1,100,1000,wilson_known,500,2,498,0.4538152610441767,0.1838750837702177,0.2025383336629682,0.02387048192771084,,
0.6,0.6,0.1,100,1000,point_rogan_gladen,500,2,498,,,,,0.03514159034104853,0.1512461981079795
0.6,0.6,0.1,200,100,judgy,500,0,500,0.728,0.3448250457101899,0.3539229346603535,0.0020210000000000002,,
0.6,0.6,0.1,200,100,skill,500,0,500,0.748,0.35604877245422084,0.36053902805469673,0.0020210000000000002,,
0.6,0.6,0.1,200,100,repo,500,0,500,0.946,0.6535433322417585,0.6657881553365321,0.0020210000000000002,,
0.6,0.6,0.1,200,100,stratified,500,0,500,0.946,0.6521142296908388,0.65895390070922,0.0020210000000000002,,
0.6,0.6,0.1,200,100,lang_reiczigel,500,0,500,0.966,0.6882349667995765,0.6892336449002174,0.0020210000000000002,,
0.6,0.6,0.1,200,100,wilson_known,500,0,500,0.896,0.585454919575929,0.5956822764654203,0.0020210000000000002,,
0.6,0.6,0.1,200,100,point_rogan_gladen,500,0,500,,,,,0.07718846835348322,0.21432710677667788
0.6,0.6,0.1,200,1000,judgy,500,0,500,0.914,0.3339766940097519,0.34425680742199105,0.0017980000000000003,,
0.6,0.6,0.1,200,1000,skill,500,0,500,0.926,0.35596103994017925,0.34983067576354265,0.0017980000000000003,,
0.6,0.6,0.1,200,1000,repo,500,0,500,0.968,0.3984577524238842,0.3893039112957999,0.0017980000000000003,,
0.6,0.6,0.1,200,1000,stratified,500,0,500,0.968,0.39534315293633876,0.3885864865692044,0.0017980000000000003,,
0.6,0.6,0.1,200,1000,lang_reiczigel,500,0,500,0.954,0.4455606292505531,0.4358212272908736,0.0017980000000000003,,
0.6,0.6,0.1,200,1000,wilson_known,500,0,500,0.628,0.20119147372461776,0.22710946578957175,0.0017980000000000003,,
0.6,0.6,0.1,200,1000,point_rogan_gladen,500,0,500,,,,,0.018456322775734876,0.12008814663656629
0.6,0.6,0.3,10,100,judgy,500,120,380,0.9184210526315789,0.8477296922109483,1.0,0.15516989547405283,,
0.6,0.6,0.3,10,100,skill,500,120,380,0.9578947368421052,0.9426548485101449,1.0,0.15516989547405283,,
0.6,0.6,0.3,10,100,repo,500,120,380,0.9710526315789474,0.9523391971591604,1.0,0.15516989547405283,,
0.6,0.6,0.3,10,100,stratified,500,120,380,0.9657894736842105,0.9412929746240601,1.0,0.15516989547405283,,
0.6,0.6,0.3,10,100,lang_reiczigel,500,120,380,0.9842105263157894,0.9421140127271447,1.0,0.15516989547405283,,
0.6,0.6,0.3,10,100,wilson_known,500,120,380,0.6,0.481367485685634,0.47407984435068784,0.15516989547405283,,
0.6,0.6,0.3,10,100,point_rogan_gladen,500,120,380,,,,,0.08463210108604838,0.3337209283640632
0.6,0.6,0.3,10,1000,judgy,500,127,373,0.9088471849865952,0.843468119289411,0.9981,0.14754886960906727,,
0.6,0.6,0.3,10,1000,skill,500,127,373,0.9705093833780161,0.9504178048810571,1.0,0.14754886960906727,,
0.6,0.6,0.3,10,1000,repo,500,127,373,0.9731903485254692,0.9508857738585731,1.0,0.14754886960906727,,
0.6,0.6,0.3,10,1000,stratified,500,127,373,0.9624664879356568,0.9374805539597428,1.0,0.14754886960906727,,
0.6,0.6,0.3,10,1000,lang_reiczigel,500,127,373,0.9812332439678284,0.9288723314059135,1.0,0.14754886960906727,,
0.6,0.6,0.3,10,1000,wilson_known,500,127,373,0.1903485254691689,0.15004955261061753,0.1539404519448629,0.14754886960906727,,
0.6,0.6,0.3,10,1000,point_rogan_gladen,500,127,373,,,,,0.09098076513894207,0.3325174855345525
0.6,0.6,0.3,20,100,judgy,500,61,439,0.908883826879271,0.7905497484052121,0.8742857142857139,0.12102505694760819,,
0.6,0.6,0.3,20,100,skill,500,61,439,0.9635535307517085,0.9162048261972627,1.0,0.12102505694760819,,
0.6,0.6,0.3,20,100,repo,500,61,439,0.9840546697038725,0.9411811364843883,1.0,0.12102505694760819,,
0.6,0.6,0.3,20,100,stratified,500,61,439,0.979498861047836,0.9318172816490015,1.0,0.12102505694760819,,
0.6,0.6,0.3,20,100,lang_reiczigel,500,61,439,0.9840546697038725,0.9168895469117444,1.0,0.12102505694760819,,
0.6,0.6,0.3,20,100,wilson_known,500,61,439,0.6924829157175398,0.5540221442888144,0.5457105348046349,0.12102505694760819,,
0.6,0.6,0.3,20,100,point_rogan_gladen,500,61,439,,,,,0.056579626397394056,0.32572493863077506
0.6,0.6,0.3,20,1000,judgy,500,80,420,0.9523809523809523,0.8359058962217757,0.9626005357142841,0.11528809523809523,,
0.6,0.6,0.3,20,1000,skill,500,80,420,0.9857142857142858,0.9357597693647579,1.0,0.11528809523809523,,
0.6,0.6,0.3,20,1000,repo,500,80,420,0.9857142857142858,0.9383305233997205,1.0,0.11528809523809523,,
0.6,0.6,0.3,20,1000,stratified,500,80,420,0.9761904761904762,0.9268430509074259,1.0,0.11528809523809523,,
0.6,0.6,0.3,20,1000,lang_reiczigel,500,80,420,0.9857142857142858,0.8987127207122322,1.0,0.11528809523809523,,
0.6,0.6,0.3,20,1000,wilson_known,500,80,420,0.2761904761904762,0.20565343683570164,0.17664299093669888,0.11528809523809523,,
0.6,0.6,0.3,20,1000,point_rogan_gladen,500,80,420,,,,,0.06545821480107197,0.3057856317784076
0.6,0.6,0.3,50,100,judgy,500,17,483,0.865424430641822,0.7079588836264392,0.7106331499592495,0.06553002070393374,,
0.6,0.6,0.3,50,100,skill,500,17,483,0.9254658385093167,0.8259772421995701,1.0,0.06553002070393374,,
0.6,0.6,0.3,50,100,repo,500,17,483,0.9813664596273292,0.9034699632314043,1.0,0.06553002070393374,,
0.6,0.6,0.3,50,100,stratified,500,17,483,0.9772256728778468,0.8987577509159603,1.0,0.06553002070393374,,
0.6,0.6,0.3,50,100,lang_reiczigel,500,17,483,0.9875776397515528,0.8876615680788086,0.9884031287417909,0.06553002070393374,,
0.6,0.6,0.3,50,100,wilson_known,500,17,483,0.8385093167701864,0.6648223137682561,0.6726622702995098,0.06553002070393374,,
0.6,0.6,0.3,50,100,point_rogan_gladen,500,17,483,,,,,0.029805882454250775,0.2901959559737705
0.6,0.6,0.3,50,1000,judgy,500,17,483,0.9337474120082816,0.7445283231744918,0.7488934933035714,0.06196687370600414,,
0.6,0.6,0.3,50,1000,skill,500,17,483,0.9585921325051759,0.8505641275798077,1.0,0.06196687370600414,,
0.6,0.6,0.3,50,1000,repo,500,17,483,0.9710144927536232,0.8610600933284982,1.0,0.06196687370600414,,
0.6,0.6,0.3,50,1000,stratified,500,17,483,0.9648033126293996,0.8513896091495619,1.0,0.06196687370600414,,
0.6,0.6,0.3,50,1000,lang_reiczigel,500,17,483,0.968944099378882,0.8162270743592491,0.8355028323299991,0.06196687370600414,,
0.6,0.6,0.3,50,1000,wilson_known,500,17,483,0.4078674948240166,0.2598198223144618,0.2537284427888411,0.06196687370600414,,
0.6,0.6,0.3,50,1000,point_rogan_gladen,500,17,483,,,,,0.03464819814583285,0.26859410590911986
0.6,0.6,0.3,100,100,judgy,500,3,497,0.7645875251509054,0.569902510754988,0.5649541455520655,0.021471830985915492,,
0.6,0.6,0.3,100,100,skill,500,3,497,0.8309859154929577,0.6449213062599796,0.6193656632449331,0.021471830985915492,,
0.6,0.6,0.3,100,100,repo,500,3,497,0.9476861167002012,0.8331261815838426,0.9139795352783995,0.021471830985915492,,
0.6,0.6,0.3,100,100,stratified,500,3,497,0.9436619718309859,0.8313744222810648,0.9171296296296292,0.021471830985915492,,
0.6,0.6,0.3,100,100,lang_reiczigel,500,3,497,0.9637826961770624,0.832331434071719,0.8665011681407471,0.021471830985915492,,
0.6,0.6,0.3,100,100,wilson_known,500,3,497,0.8712273641851107,0.6815929118378706,0.7102158801023144,0.021471830985915492,,
0.6,0.6,0.3,100,100,point_rogan_gladen,500,3,497,,,,,0.022280849158585365,0.27071150277519584
0.6,0.6,0.3,100,1000,judgy,500,2,498,0.9116465863453815,0.6152395514557494,0.5903748921702305,0.023593373493975903,,
0.6,0.6,0.3,100,1000,skill,500,2,498,0.9457831325301205,0.6751715984618845,0.6323391124880491,0.023593373493975903,,
0.6,0.6,0.3,100,1000,repo,500,2,498,0.9678714859437751,0.7068495134488133,0.6787775906282674,0.023593373493975903,,
0.6,0.6,0.3,100,1000,stratified,500,2,498,0.9678714859437751,0.7003331041243053,0.6681593899521516,0.023593373493975903,,
0.6,0.6,0.3,100,1000,lang_reiczigel,500,2,498,0.9759036144578314,0.6804573197069697,0.6513128160194253,0.023593373493975903,,
0.6,0.6,0.3,100,1000,wilson_known,500,2,498,0.5381526104417671,0.27011161765085984,0.2665137686469565,0.023593373493975903,,
0.6,0.6,0.3,100,1000,point_rogan_gladen,500,2,498,,,,,-0.011650461363994424,0.20428520657265262
0.6,0.6,0.3,200,100,judgy,500,0,500,0.63,0.4420347908006109,0.4382454677446228,0.0015950000000000003,,
0.6,0.6,0.3,200,100,skill,500,0,500,0.636,0.45181783840917955,0.4453427026094732,0.0015950000000000003,,
0.6,0.6,0.3,200,100,repo,500,0,500,0.96,0.7790277237033337,0.8091834342158247,0.0015950000000000003,,
0.6,0.6,0.3,200,100,stratified,500,0,500,0.96,0.7776853327232741,0.8111612482911816,0.0015950000000000003,,
0.6,0.6,0.3,200,100,lang_reiczigel,500,0,500,0.982,0.7892525758738376,0.8066416078998693,0.0015950000000000003,,
0.6,0.6,0.3,200,100,wilson_known,500,0,500,0.908,0.7067474334337164,0.7257298691006147,0.0015950000000000003,,
0.6,0.6,0.3,200,100,point_rogan_gladen,500,0,500,,,,,0.023920085828834772,0.24958880026630345
0.6,0.6,0.3,200,1000,judgy,500,0,500,0.914,0.49525650039584734,0.4669912038150868,0.001853,,
0.6,0.6,0.3,200,1000,skill,500,0,500,0.914,0.506877999621521,0.4726771372223887,0.001853,,
0.6,0.6,0.3,200,1000,repo,500,0,500,0.964,0.5715908358626909,0.5380484146082037,0.001853,,
0.6,0.6,0.3,200,1000,stratified,500,0,500,0.962,0.5691943455130067,0.5352653478400756,0.001853,,
0.6,0.6,0.3,200,1000,lang_reiczigel,500,0,500,0.978,0.5584756228829408,0.5349520935970891,0.001853,,
0.6,0.6,0.3,200,1000,wilson_known,500,0,500,0.69,0.29906144543822816,0.29279449199209306,0.001853,,
0.6,0.6,0.3,200,1000,point_rogan_gladen,500,0,500,,,,,-0.007817443547279819,0.15079707743957735
0.6,0.6,0.5,10,100,judgy,500,132,368,0.8913043478260869,0.8311238276296854,1.0,0.15369021739130434,,
0.6,0.6,0.5,10,100,skill,500,132,368,0.9728260869565217,0.9419225903782806,1.0,0.15369021739130434,,
0.6,0.6,0.5,10,100,repo,500,132,368,0.9782608695652174,0.94951510959573,1.0,0.15369021739130434,,
0.6,0.6,0.5,10,100,stratified,500,132,368,0.970108695652174,0.938850864281401,1.0,0.15369021739130434,,
0.6,0.6,0.5,10,100,lang_reiczigel,500,132,368,0.9972826086956522,0.9416602407528613,1.0,0.15369021739130434,,
0.6,0.6,0.5,10,100,wilson_known,500,132,368,0.5570652173913043,0.4594865785943508,0.47149031694119836,0.15369021739130434,,
0.6,0.6,0.5,10,100,point_rogan_gladen,500,132,368,,,,,0.010026742581090431,0.35140790512063363
0.6,0.6,0.5,10,1000,judgy,500,111,389,0.9280205655526992,0.8550890377082442,1.0,0.14336327996903336,,
0.6,0.6,0.5,10,1000,skill,500,111,389,0.9768637532133676,0.9426269377625993,1.0,0.14336327996903336,,
0.6,0.6,0.5,10,1000,repo,500,111,389,0.987146529562982,0.9441172950446718,1.0,0.14336327996903336,,
0.6,0.6,0.5,10,1000,stratified,500,111,389,0.9820051413881749,0.9311928035867302,1.0,0.14336327996903336,,
0.6,0.6,0.5,10,1000,lang_reiczigel,500,111,389,1.0,0.9200640375145415,1.0,0.14336327996903336,,
0.6,0.6,0.5,10,1000,wilson_known,500,111,389,0.21079691516709512,0.160807626636412,0.15456292572328947,0.14336327996903336,,
0.6,0.6,0.5,10,1000,point_rogan_gladen,500,111,389,,,,,-0.008305178112376022,0.33975209007176294
0.6,0.6,0.5,20,100,judgy,500,66,434,0.8963133640552995,0.8228662885110783,0.9643250000000003,0.12639400921658986,,
0.6,0.6,0.5,20,100,skill,500,66,434,0.9700460829493087,0.9229007541050126,1.0,0.12639400921658986,,
0.6,0.6,0.5,20,100,repo,500,66,434,0.9815668202764977,0.9471411406293488,1.0,0.12639400921658986,,
0.6,0.6,0.5,20,100,stratified,500,66,434,0.9838709677419355,0.9355947426869087,1.0,0.12639400921658986,,
0.6,0.6,0.5,20,100,lang_reiczigel,500,66,434,0.9976958525345622,0.9226619475194802,1.0,0.12639400921658986,,
0.6,0.6,0.5,20,100,wilson_known,500,66,434,0.7119815668202765,0.5947755643959993,0.5611982779818139,0.12639400921658986,,
0.6,0.6,0.5,20,100,point_rogan_gladen,500,66,434,,,,,0.011511433395074008,0.3457594089879986
0.6,0.6,0.5,20,1000,judgy,500,75,425,0.9270588235294117,0.8531478665159142,1.0,0.13007411764705884,,
0.6,0.6,0.5,20,1000,skill,500,75,425,0.9882352941176471,0.9407851241079291,1.0,0.13007411764705884,,
0.6,0.6,0.5,20,1000,repo,500,75,425,0.9882352941176471,0.9426366998265443,1.0,0.13007411764705884,,
0.6,0.6,0.5,20,1000,stratified,500,75,425,0.9882352941176471,0.934001665517489,1.0,0.13007411764705884,,
0.6,0.6,0.5,20,1000,lang_reiczigel,500,75,425,1.0,0.9126526911472794,1.0,0.13007411764705884,,
0.6,0.6,0.5,20,1000,wilson_known,500,75,425,0.2988235294117647,0.22182409611733703,0.20613322273113976,0.13007411764705884,,
0.6,0.6,0.5,20,1000,point_rogan_gladen,500,75,425,,,,,-0.0023519090060266715,0.3251254785632996
0.6,0.6,0.5,50,100,judgy,500,15,485,0.8371134020618557,0.7379389168976962,0.7575243391934667,0.06782886597938143,,
0.6,0.6,0.5,50,100,skill,500,15,485,0.9216494845360824,0.8399592175987893,1.0,0.06782886597938143,,
0.6,0.6,0.5,50,100,repo,500,15,485,0.977319587628866,0.9198715339968077,1.0,0.06782886597938143,,
0.6,0.6,0.5,50,100,stratified,500,15,485,0.977319587628866,0.9153065100773762,1.0,0.06782886597938143,,
0.6,0.6,0.5,50,100,lang_reiczigel,500,15,485,1.0,0.9001455279143693,0.9966066795350313,0.06782886597938143,,
0.6,0.6,0.5,50,100,wilson_known,500,15,485,0.8371134020618557,0.6869844429513566,0.6863882313115763,0.06782886597938143,,
0.6,0.6,0.5,50,100,point_rogan_gladen,500,15,485,,,,,-0.017355961603711514,0.31728928646085597
0.6,0.6,0.5,50,1000,judgy,500,19,481,0.9230769230769231,0.8019720905486518,0.8453472164948456,0.06355821205821206,,
0.6,0.6,0.5,50,1000,skill,500,19,481,0.9625779625779626,0.8644497493766149,1.0,0.06355821205821206,,
0.6,0.6,0.5,50,1000,repo,500,19,481,0.9771309771309772,0.8756318490876245,1.0,0.06355821205821206,,
0.6,0.6,0.5,50,1000,stratified,500,19,481,0.9667359667359667,0.8687652986992485,1.0,0.06355821205821206,,
0.6,0.6,0.5,50,1000,lang_reiczigel,500,19,481,0.9916839916839917,0.8322740238423804,0.8543538438147249,0.06355821205821206,,
0.6,0.6,0.5,50,1000,wilson_known,500,19,481,0.4365904365904366,0.300970018369641,0.27256834801550434,0.06355821205821206,,
0.6,0.6,0.5,50,1000,point_rogan_gladen,500,19,481,,,,,0.01706270850561152,0.264849090209753
0.6,0.6,0.5,100,100,judgy,500,0,500,0.762,0.6319049236822711,0.6111741413126001,0.020725999999999998,,
0.6,0.6,0.5,100,100,skill,500,0,500,0.814,0.6862406363811565,0.6535102814050956,0.020725999999999998,,
0.6,0.6,0.5,100,100,repo,500,0,500,0.978,0.8859001432363107,0.998941578835737,0.020725999999999998,,
0.6,0.6,0.5,100,100,stratified,500,0,500,0.974,0.8842153098254136,1.0,0.020725999999999998,,
0.6,0.6,0.5,100,100,lang_reiczigel,500,0,500,0.994,0.8727554773429388,0.9107199912354786,0.020725999999999998,,
0.6,0.6,0.5,100,100,wilson_known,500,0,500,0.902,0.7437748347280478,0.7474896491589681,0.020725999999999998,,
0.6,0.6,0.5,100,100,point_rogan_gladen,500,0,500,,,,,0.028825825471153362,0.2778677258186751
0.6,0.6,0.5,100,1000,judgy,500,1,499,0.9238476953907816,0.7044005542068713,0.674551231068293,0.020613226452905815,,
0.6,0.6,0.5,100,1000,skill,500,1,499,0.9478957915831663,0.7428749657825955,0.7111677160054652,0.020613226452905815,,
0.6,0.6,0.5,100,1000,repo,500,1,499,0.9639278557114228,0.7756867216681235,0.765705478079711,0.020613226452905815,,
0.6,0.6,0.5,100,1000,stratified,500,1,499,0.9659318637274549,0.7733493603047078,0.7564062499999994,0.020613226452905815,,
0.6,0.6,0.5,100,1000,lang_reiczigel,500,1,499,0.9839679358717435,0.7213115532364741,0.6990208169052929,0.020613226452905815,,
0.6,0.6,0.5,100,1000,wilson_known,500,1,499,0.5671342685370742,0.31015006311836185,0.2942646028594166,0.020613226452905815,,
0.6,0.6,0.5,100,1000,point_rogan_gladen,500,1,499,,,,,0.004980512141454399,0.21934278123193726
0.6,0.6,0.5,200,100,judgy,500,0,500,0.602,0.47486985826299544,0.46691699211263715,0.0011380000000000001,,
0.6,0.6,0.5,200,100,skill,500,0,500,0.606,0.47901036110978373,0.4719762690290237,0.0011380000000000001,,
0.6,0.6,0.5,200,100,repo,500,0,500,0.954,0.8261506894058971,0.8632920279633226,0.0011380000000000001,,
0.6,0.6,0.5,200,100,stratified,500,0,500,0.954,0.82522063876285,0.8569975326196043,0.0011380000000000001,,
0.6,0.6,0.5,200,100,lang_reiczigel,500,0,500,0.978,0.8230272744919573,0.8413817643080037,0.0011380000000000001,,
0.6,0.6,0.5,200,100,wilson_known,500,0,500,0.92,0.7466846237531247,0.7607184605242672,0.0011380000000000001,,
0.6,0.6,0.5,200,100,point_rogan_gladen,500,0,500,,,,,0.005838096545992915,0.2671863451082079
0.6,0.6,0.5,200,1000,judgy,500,0,500,0.912,0.5488644352862552,0.5268929542596319,0.0013850000000000002,,
0.6,0.6,0.5,200,1000,skill,500,0,500,0.92,0.5559127025651873,0.5263251881513675,0.0013850000000000002,,
0.6,0.6,0.5,200,1000,repo,500,0,500,0.946,0.6315138962213072,0.6028415002020644,0.0013850000000000002,,
0.6,0.6,0.5,200,1000,stratified,500,0,500,0.948,0.6304874650393758,0.605061734275878,0.0013850000000000002,,
0.6,0.6,0.5,200,1000,lang_reiczigel,500,0,500,0.974,0.5846614549950964,0.5613623495025596,0.0013850000000000002,,
0.6,0.6,0.5,200,1000,wilson_known,500,0,500,0.718,0.3159619452284619,0.30162469372013034,0.0013850000000000002,,
0.6,0.6,0.5,200,1000,point_rogan_gladen,500,0,500,,,,,-0.004796339274006299,0.1559861012464365
0.6,0.6,0.7,10,100,judgy,500,123,377,0.8992042440318302,0.8203211397374013,0.9873163924794359,0.15551385241692464,,
0.6,0.6,0.7,10,100,skill,500,123,377,0.9602122015915119,0.9397035254914239,1.0,0.15551385241692464,,
0.6,0.6,0.7,10,100,repo,500,123,377,0.9708222811671088,0.9493701736863374,1.0,0.15551385241692464,,
0.6,0.6,0.7,10,100,stratified,500,123,377,0.9628647214854111,0.929946896972759,1.0,0.15551385241692464,,
0.6,0.6,0.7,10,100,lang_reiczigel,500,123,377,0.9893899204244032,0.9323604646850796,1.0,0.15551385241692464,,
0.6,0.6,0.7,10,100,wilson_known,500,123,377,0.5437665782493368,0.45424684778486535,0.464927747118314,0.15551385241692464,,
0.6,0.6,0.7,10,100,point_rogan_gladen,500,123,377,,,,,-0.07470411772135901,0.3433588402358489
0.6,0.6,0.7,10,1000,judgy,500,122,378,0.9259259259259259,0.8484614635675951,1.0,0.1593599127606131,,
0.6,0.6,0.7,10,1000,skill,500,122,378,0.9629629629629629,0.9426105200135606,1.0,0.1593599127606131,,
0.6,0.6,0.7,10,1000,repo,500,122,378,0.9629629629629629,0.9434731191739173,1.0,0.1593599127606131,,
0.6,0.6,0.7,10,1000,stratified,500,122,378,0.9576719576719577,0.9307116478227092,1.0,0.1593599127606131,,
0.6,0.6,0.7,10,1000,lang_reiczigel,500,122,378,0.9894179894179894,0.927938586084621,1.0,0.1593599127606131,,
0.6,0.6,0.7,10,1000,wilson_known,500,122,378,0.23544973544973544,0.1712794966438652,0.15378405249122873,0.1593599127606131,,
0.6,0.6,0.7,10,1000,point_rogan_gladen,500,122,378,,,,,-0.0836445578231291,0.3310490640686508
0.6,0.6,0.7,20,100,judgy,500,71,429,0.8624708624708625,0.7713984576372566,0.8686333333333327,0.11648717948717949,,
0.6,0.6,0.7,20,100,skill,500,71,429,0.9557109557109557,0.9059015503098735,1.0,0.11648717948717949,,
0.6,0.6,0.7,20,100,repo,500,71,429,0.9743589743589743,0.9277532684026208,1.0,0.11648717948717949,,
0.6,0.6,0.7,20,100,stratified,500,71,429,0.9673659673659674,0.918404890725695,1.0,0.11648717948717949,,
0.6,0.6,0.7,20,100,lang_reiczigel,500,71,429,0.9766899766899767,0.9063160666440461,1.0,0.11648717948717949,,
0.6,0.6,0.7,20,100,wilson_known,500,71,429,0.675990675990676,0.5340945615033252,0.5122281489850673,0.11648717948717949,,
0.6,0.6,0.7,20,100,point_rogan_gladen,500,71,429,,,,,-0.06745833291287832,0.33374404141788566
0.6,0.6,0.7,20,1000,judgy,500,65,435,0.9379310344827586,0.8095148224677545,0.9145165060240971,0.1320080459770115,,
0.6,0.6,0.7,20,1000,skill,500,65,435,0.9839080459770115,0.9310903259560942,1.0,0.1320080459770115,,
0.6,0.6,0.7,20,1000,repo,500,65,435,0.9839080459770115,0.9342889783486872,1.0,0.1320080459770115,,
0.6,0.6,0.7,20,1000,stratified,500,65,435,0.9770114942528736,0.9219303572597488,1.0,0.1320080459770115,,
0.6,0.6,0.7,20,1000,lang_reiczigel,500,65,435,0.9839080459770115,0.8954703058791307,1.0,0.1320080459770115,,
0.6,0.6,0.7,20,1000,wilson_known,500,65,435,0.3195402298850575,0.20997791436317864,0.17636124603701497,0.1320080459770115,,
0.6,0.6,0.7,20,1000,point_rogan_gladen,500,65,435,,,,,-0.04427877792705364,0.3047486159505647
0.6,0.6,0.7,50,100,judgy,500,12,488,0.889344262295082,0.7111789492601207,0.7235941449103902,0.06456659836065573,,
0.6,0.6,0.7,50,100,skill,500,12,488,0.9364754098360656,0.8262004219040778,1.0,0.06456659836065573,,
0.6,0.6,0.7,50,100,repo,500,12,488,0.9897540983606558,0.9072468859575553,1.0,0.06456659836065573,,
0.6,0.6,0.7,50,100,stratified,500,12,488,0.9877049180327869,0.9024971249111041,1.0,0.06456659836065573,,
0.6,0.6,0.7,50,100,lang_reiczigel,500,12,488,0.9938524590163934,0.8874276087436279,0.9622193381274853,0.06456659836065573,,
0.6,0.6,0.7,50,100,wilson_known,500,12,488,0.8668032786885246,0.6674084269325493,0.6770848887943466,0.06456659836065573,,
0.6,0.6,0.7,50,100,point_rogan_gladen,500,12,488,,,,,-0.031571819511331985,0.2806672875309575
0.6,0.6,0.7,50,1000,judgy,500,14,486,0.9382716049382716,0.7420661831977495,0.7502079515680853,0.06265534979423867,,
0.6,0.6,0.7,50,1000,skill,500,14,486,0.9691358024691358,0.8391163705799045,1.0,0.06265534979423867,,
0.6,0.6,0.7,50,1000,repo,500,14,486,0.9691358024691358,0.8494664174199446,1.0,0.06265534979423867,,
0.6,0.6,0.7,50,1000,stratified,500,14,486,0.9711934156378601,0.8402990412941127,1.0,0.06265534979423867,,
0.6,0.6,0.7,50,1000,lang_reiczigel,500,14,486,0.9794238683127572,0.8078760818193276,0.8271776970143968,0.06265534979423867,,
0.6,0.6,0.7,50,1000,wilson_known,500,14,486,0.41358024691358025,0.25530761411006864,0.23689883938277265,0.06265534979423867,,
0.6,0.6,0.7,50,1000,point_rogan_gladen,500,14,486,,,,,-0.01566633946265955,0.2551898693021949
0.6,0.6,0.7,100,100,judgy,500,0,500,0.772,0.5746427407625819,0.5520539319126982,0.020009,,
0.6,0.6,0.7,100,100,skill,500,0,500,0.828,0.6509873172341091,0.6005936320200369,0.020009,,
0.6,0.6,0.7,100,100,repo,500,0,500,0.966,0.845665455119909,0.9418765325711015,0.020009,,
0.6,0.6,0.7,100,100,stratified,500,0,500,0.964,0.8403758258691653,0.9288690476190475,0.020009,,
0.6,0.6,0.7,100,100,lang_reiczigel,500,0,500,0.978,0.8426531911058542,0.8700558157058176,0.020009,,
0.6,0.6,0.7,100,100,wilson_known,500,0,500,0.896,0.6899597499409674,0.700806866188032,0.020009,,
0.6,0.6,0.7,100,100,point_rogan_gladen,500,0,500,,,,,-0.01842554041979228,0.2662628086821001
0.6,0.6,0.7,100,1000,judgy,500,1,499,0.9318637274549099,0.6346160698720886,0.6129885740781755,0.019834669338677356,,
0.6,0.6,0.7,100,1000,skill,500,1,499,0.9519038076152304,0.6880202425022558,0.662434054293402,0.019834669338677356,,
0.6,0.6,0.7,100,1000,repo,500,1,499,0.9719438877755511,0.7208528568777213,0.7120100138121535,0.019834669338677356,,
0.6,0.6,0.7,100,1000,stratified,500,1,499,0.969939879759519,0.7180695132714685,0.7095476190476193,0.019834669338677356,,
0.6,0.6,0.7,100,1000,lang_reiczigel,500,1,499,0.9739478957915831,0.6897340555777653,0.671210862138798,0.019834669338677356,,
0.6,0.6,0.7,100,1000,wilson_known,500,1,499,0.5370741482965932,0.2855181059941597,0.28049834360268644,0.019834669338677356,,
0.6,0.6,0.7,100,1000,point_rogan_gladen,500,1,499,,,,,0.005570733435288342,0.1917669469734535
0.6,0.6,0.7,200,100,judgy,500,0,500,0.652,0.4366259625149532,0.445547288733175,0.0024670000000000004,,
0.6,0.6,0.7,200,100,skill,500,0,500,0.66,0.4457132151427211,0.45072240780051764,0.0024670000000000004,,
0.6,0.6,0.7,200,100,repo,500,0,500,0.944,0.7836333881121307,0.8375201434030528,0.0024670000000000004,,
0.6,0.6,0.7,200,100,stratified,500,0,500,0.952,0.784464841745538,0.8346448432136069,0.0024670000000000004,,
0.6,0.6,0.7,200,100,lang_reiczigel,500,0,500,0.968,0.7910033184410211,0.8209018959358241,0.0024670000000000004,,
0.6,0.6,0.7,200,100,wilson_known,500,0,500,0.928,0.7082380877815627,0.7461483717938113,0.0024670000000000004,,
0.6,0.6,0.7,200,100,point_rogan_gladen,500,0,500,,,,,-0.013600723991377326,0.24261777346892177
0.6,0.6,0.7,200,1000,judgy,500,0,500,0.902,0.5003250174049563,0.47932963101820647,0.002088,,
0.6,0.6,0.7,200,1000,skill,500,0,500,0.912,0.5129583745338294,0.487508174183157,0.002088,,
0.6,0.6,0.7,200,1000,repo,500,0,500,0.956,0.5772882100861538,0.5514709657697621,0.002088,,
0.6,0.6,0.7,200,1000,stratified,500,0,500,0.956,0.5755292249464641,0.5481071428571431,0.002088,,
0.6,0.6,0.7,200,1000,lang_reiczigel,500,0,500,0.964,0.5643838206687467,0.5474651566637921,0.002088,,
0.6,0.6,0.7,200,1000,wilson_known,500,0,500,0.684,0.30329005172820855,0.29393304710457974,0.002088,,
0.6,0.6,0.7,200,1000,point_rogan_gladen,500,0,500,,,,,-0.001140251774863308,0.15885765397447593
0.6,0.6,0.9,10,100,judgy,500,114,386,0.8911917098445595,0.8019738912660304,0.9299740259740267,0.16218928635302107,,
0.6,0.6,0.9,10,100,skill,500,114,386,0.9455958549222798,0.942664262671919,1.0,0.16218928635302107,,
0.6,0.6,0.9,10,100,repo,500,114,386,0.9559585492227979,0.9514665254444837,1.0,0.16218928635302107,,
0.6,0.6,0.9,10,100,stratified,500,114,386,0.9507772020725389,0.936516330495929,1.0,0.16218928635302107,,
0.6,0.6,0.9,10,100,lang_reiczigel,500,114,386,0.9455958549222798,0.9351115197557519,1.0,0.16218928635302107,,
0.6,0.6,0.9,10,100,wilson_known,500,114,386,0.46632124352331605,0.43188059579464533,0.39324780090718076,0.16218928635302107,,
0.6,0.6,0.9,10,100,point_rogan_gladen,500,114,386,,,,,-0.2156485936343449,0.38995352681671186
0.6,0.6,0.9,10,1000,judgy,500,116,384,0.9192708333333334,0.8020781222915039,0.9329999999999976,0.14027499752480407,,
0.6,0.6,0.9,10,1000,skill,500,116,384,0.953125,0.9288687057299883,1.0,0.14027499752480407,,
0.6,0.6,0.9,10,1000,repo,500,116,384,0.953125,0.9290887958645748,1.0,0.14027499752480407,,
0.6,0.6,0.9,10,1000,stratified,500,116,384,0.9453125,0.9065909037595072,1.0,0.14027499752480407,,
0.6,0.6,0.9,10,1000,lang_reiczigel,500,116,384,0.9557291666666666,0.9027449778819029,1.0,0.14027499752480407,,
0.6,0.6,0.9,10,1000,wilson_known,500,116,384,0.2526041666666667,0.1529021468667836,0.15098107974590497,0.14027499752480407,,
0.6,0.6,0.9,10,1000,point_rogan_gladen,500,116,384,,,,,-0.18509889632936508,0.34310487300872633
0.6,0.6,0.9,20,100,judgy,500,57,443,0.9029345372460497,0.7253765387092556,0.75,0.12373814898419865,,
0.6,0.6,0.9,20,100,skill,500,57,443,0.945823927765237,0.9086016819887904,1.0,0.12373814898419865,,
0.6,0.6,0.9,20,100,repo,500,57,443,0.9571106094808126,0.928105082176904,1.0,0.12373814898419865,,
0.6,0.6,0.9,20,100,stratified,500,57,443,0.9593679458239278,0.9183150970328303,1.0,0.12373814898419865,,
0.6,0.6,0.9,20,100,lang_reiczigel,500,57,443,0.9480812641083521,0.9035378403565056,1.0,0.12373814898419865,,
0.6,0.6,0.9,20,100,wilson_known,500,57,443,0.6230248306997742,0.48127877098451477,0.4794134405444883,0.12373814898419865,,
0.6,0.6,0.9,20,100,point_rogan_gladen,500,57,443,,,,,-0.14052174186485697,0.31678000779159443
0.6,0.6,0.9,20,1000,judgy,500,74,426,0.9460093896713615,0.7633746915899244,0.8380145833333339,0.11583920187793428,,
0.6,0.6,0.9,20,1000,skill,500,74,426,0.9647887323943662,0.9097072171194616,1.0,0.11583920187793428,,
0.6,0.6,0.9,20,1000,repo,500,74,426,0.971830985915493,0.9142796119025843,1.0,0.11583920187793428,,
0.6,0.6,0.9,20,1000,stratified,500,74,426,0.9577464788732394,0.8972224128131259,1.0,0.11583920187793428,,
0.6,0.6,0.9,20,1000,lang_reiczigel,500,74,426,0.9413145539906104,0.867422558630044,1.0,0.11583920187793428,,
0.6,0.6,0.9,20,1000,wilson_known,500,74,426,0.21830985915492956,0.1635807320679178,0.15319931922047003,0.11583920187793428,,
0.6,0.6,0.9,20,1000,point_rogan_gladen,500,74,426,,,,,-0.1424611362815589,0.2915405320936455
0.6,0.6,0.9,50,100,judgy,500,14,486,0.9012345679012346,0.593925946866066,0.5592444729847319,0.059126543209876536,,
0.6,0.6,0.9,50,100,skill,500,14,486,0.9465020576131687,0.7764202569748053,1.0,0.059126543209876536,,
0.6,0.6,0.9,50,100,repo,500,14,486,0.9876543209876543,0.8601958677866935,1.0,0.059126543209876536,,
0.6,0.6,0.9,50,100,stratified,500,14,486,0.9876543209876543,0.8489581372672224,1.0,0.059126543209876536,,
0.6,0.6,0.9,50,100,lang_reiczigel,500,14,486,0.9732510288065843,0.8491398410605815,0.936213963451328,0.059126543209876536,,
0.6,0.6,0.9,50,100,wilson_known,500,14,486,0.8004115226337448,0.5588995087387557,0.5643847447858199,0.059126543209876536,,
0.6,0.6,0.9,50,100,point_rogan_gladen,500,14,486,,,,,-0.10284349619789943,0.25440182067701267
0.6,0.6,0.9,50,1000,judgy,500,11,489,0.9529652351738241,0.5575172132132593,0.5215329198473286,0.06205010224948875,,
0.6,0.6,0.9,50,1000,skill,500,11,489,0.9713701431492843,0.7697290480710154,1.0,0.06205010224948875,,
0.6,0.6,0.9,50,1000,repo,500,11,489,0.9754601226993865,0.7813604787456285,1.0,0.06205010224948875,,
0.6,0.6,0.9,50,1000,stratified,500,11,489,0.9775051124744376,0.7665419342200666,0.8913494318181823,0.06205010224948875,,
0.6,0.6,0.9,50,1000,lang_reiczigel,500,11,489,0.9570552147239264,0.7530733361013543,0.7319196503384943,0.06205010224948875,,
0.6,0.6,0.9,50,1000,wilson_known,500,11,489,0.35787321063394684,0.16507823746300856,0.16984659459958207,0.06205010224948875,,
0.6,0.6,0.9,50,1000,point_rogan_gladen,500,11,489,,,,,-0.04199337644693672,0.18093401941820045
0.6,0.6,0.9,100,100,judgy,500,1,499,0.7995991983967936,0.434079458377218,0.41722706858975855,0.020864729458917836,,
0.6,0.6,0.9,100,100,skill,500,1,499,0.8697394789579158,0.5514050651921915,0.48788917525773356,0.020864729458917836,,
0.6,0.6,0.9,100,100,repo,500,1,499,0.9659318637274549,0.7359547932119582,0.7754358398351885,0.020864729458917836,,
0.6,0.6,0.9,100,100,stratified,500,1,499,0.9679358717434869,0.7332494890726643,0.7777777777777775,0.020864729458917836,,
0.6,0.6,0.9,100,100,lang_reiczigel,500,1,499,0.9659318637274549,0.7622347524204773,0.7720621481286289,0.020864729458917836,,
0.6,0.6,0.9,100,100,wilson_known,500,1,499,0.8476953907815631,0.5480542928462179,0.5564595628951832,0.020864729458917836,,
0.6,0.6,0.9,100,100,point_rogan_gladen,500,1,499,,,,,-0.07157001520845784,0.22414231744514962
0.6,0.6,0.9,100,1000,judgy,500,4,496,0.9415322580645161,0.45747777973982323,0.4397993682328958,0.019081653225806454,,
0.6,0.6,0.9,100,1000,skill,500,4,496,0.969758064516129,0.5737941411895855,0.4984809741337605,0.019081653225806454,,
0.6,0.6,0.9,100,1000,repo,500,4,496,0.9717741935483871,0.5994457838096051,0.5382191646212804,0.019081653225806454,,
0.6,0.6,0.9,100,1000,stratified,500,4,496,0.9737903225806451,0.5888244915162094,0.5260199579831935,0.019081653225806454,,
0.6,0.6,0.9,100,1000,lang_reiczigel,500,4,496,0.9616935483870968,0.6119455349648987,0.576001928852417,0.019081653225806454,,
0.6,0.6,0.9,100,1000,wilson_known,500,4,496,0.4798387096774194,0.1924269675069864,0.2114447183833042,0.019081653225806454,,
0.6,0.6,0.9,100,1000,point_rogan_gladen,500,4,496,,,,,-0.04010269307537488,0.15316957851139665
0.6,0.6,0.9,200,100,judgy,500,0,500,0.704,0.3400973650075449,0.35587981363564203,0.0016400000000000002,,
0.6,0.6,0.9,200,100,skill,500,0,500,0.716,0.34886081641435457,0.35410909064414914,0.0016400000000000002,,
0.6,0.6,0.9,200,100,repo,500,0,500,0.948,0.6566230395878454,0.6750136670609981,0.0016400000000000002,,
0.6,0.6,0.9,200,100,stratified,500,0,500,0.942,0.6537898585417743,0.6666666666666663,0.0016400000000000002,,
0.6,0.6,0.9,200,100,lang_reiczigel,500,0,500,0.954,0.6895570076143243,0.7037238905539769,0.0016400000000000002,,
0.6,0.6,0.9,200,100,wilson_known,500,0,500,0.88,0.5808526981893878,0.5984156849422415,0.0016400000000000002,,
0.6,0.6,0.9,200,100,point_rogan_gladen,500,0,500,,,,,-0.08013665297603936,0.21705149402557972
0.6,0.6,0.9,200,1000,judgy,500,0,500,0.918,0.3387896181812624,0.34877528321427137,0.0028630000000000005,,
0.6,0.6,0.9,200,1000,skill,500,0,500,0.93,0.3710777433878963,0.3561198222605474,0.0028630000000000005,,
0.6,0.6,0.9,200,1000,repo,500,0,500,0.962,0.4136420248251103,0.4006646700683101,0.0028630000000000005,,
0.6,0.6,0.9,200,1000,stratified,500,0,500,0.954,0.40930420963960235,0.3948747710622707,0.0028630000000000005,,
0.6,0.6,0.9,200,1000,lang_reiczigel,500,0,500,0.966,0.4608656154215012,0.44598247139993796,0.0028630000000000005,,
0.6,0.6,0.9,200,1000,wilson_known,500,0,500,0.598,0.20093581361384866,0.23157194474267784,0.0028630000000000005,,
0.6,0.6,0.9,200,1000,point_rogan_gladen,500,0,500,,,,,-0.01902086933228951,0.12081220225475735
0.6,0.75,0.1,10,100,judgy,500,32,468,0.8910256410256411,0.6368990876970274,0.6154999999999997,0.08528218382695621,,
0.6,0.75,0.1,10,100,skill,500,32,468,0.9145299145299145,0.8296067501324339,1.0,0.08528218382695621,,
0.6,0.75,0.1,10,100,repo,500,32,468,0.9294871794871795,0.8542775109001541,1.0,0.08528218382695621,,
0.6,0.75,0.1,10,100,stratified,500,32,468,0.9209401709401709,0.8030080997320579,1.0,0.08528218382695621,,
0.6,0.75,0.1,10,100,lang_reiczigel,500,32,468,0.9700854700854701,0.779578331126767,0.8012172446430041,0.08528218382695621,,
0.6,0.75,0.1,10,100,wilson_known,500,32,468,0.5064102564102564,0.29731697127038065,0.29206759044081393,0.08528218382695621,,
0.6,0.75,0.1,10,100,point_rogan_gladen,500,32,468,,,,,0.09928376407543078,0.24595587615216435
0.6,0.75,0.1,10,1000,judgy,500,46,454,0.9273127753303965,0.6831816076247631,0.6764375,0.093649826565265,,
0.6,0.75,0.1,10,1000,skill,500,46,454,0.9317180616740088,0.8323192895394804,1.0,0.093649826565265,,
0.6,0.75,0.1,10,1000,repo,500,46,454,0.9317180616740088,0.8398956491312578,1.0,0.093649826565265,,
0.6,0.75,0.1,10,1000,stratified,500,46,454,0.9317180616740088,0.8008198395217117,1.0,0.093649826565265,,
0.6,0.75,0.1,10,1000,lang_reiczigel,500,46,454,0.9361233480176211,0.7536206702770468,0.7627452121148763,0.093649826565265,,
0.6,0.75,0.1,10,1000,wilson_known,500,46,454,0.1299559471365639,0.09393592836192924,0.09365265684617649,0.093649826565265,,
0.6,0.75,0.1,10,1000,point_rogan_gladen,500,46,454,,,,,0.08713723690651005,0.232510500035003
0.6,0.75,0.1,20,100,judgy,500,8,492,0.9004065040650406,0.5351976991921721,0.4992530590526221,0.045131097560975615,,
0.6,0.75,0.1,20,100,skill,500,8,492,0.9247967479674797,0.6811873453956107,0.6653531209256839,0.045131097560975615,,
0.6,0.75,0.1,20,100,repo,500,8,492,0.9552845528455285,0.7361771331256413,0.7772784090909086,0.045131097560975615,,
0.6,0.75,0.1,20,100,stratified,500,8,492,0.9491869918699187,0.7104896354170651,0.7075000000000002,0.045131097560975615,,
0.6,0.75,0.1,20,100,lang_reiczigel,500,8,492,0.9634146341463414,0.6885634448779138,0.6541007785397913,0.045131097560975615,,
0.6,0.75,0.1,20,100,wilson_known,500,8,492,0.6402439024390244,0.33382042376648724,0.3268929655137248,0.045131097560975615,,
0.6,0.75,0.1,20,100,point_rogan_gladen,500,8,492,,,,,0.05963575945283265,0.18450917527961888
0.6,0.75,0.1,20,1000,judgy,500,7,493,0.9249492900608519,0.5306461641972391,0.48821192052980167,0.04045638945233266,,
0.6,0.75,0.1,20,1000,skill,500,7,493,0.9432048681541582,0.6816028854818424,0.6384642857142854,0.04045638945233266,,
0.6,0.75,0.1,20,1000,repo,500,7,493,0.9513184584178499,0.6914315652281827,0.6596910187353631,0.04045638945233266,,
0.6,0.75,0.1,20,1000,stratified,500,7,493,0.9452332657200812,0.6646030859841182,0.604547619047618,0.04045638945233266,,
0.6,0.75,0.1,20,1000,lang_reiczigel,500,7,493,0.9614604462474645,0.6251314207278299,0.5741565483127875,0.04045638945233266,,
0.6,0.75,0.1,20,1000,wilson_known,500,7,493,0.23732251521298176,0.10273041387742318,0.11198127007289349,0.04045638945233266,,
0.6,0.75,0.1,20,1000,point_rogan_gladen,500,7,493,,,,,0.052839656343206046,0.16230356171891533
0.6,0.75,0.1,50,100,judgy,500,0,500,0.862,0.3577614050087834,0.3491077577300955,0.004067,,
0.6,0.75,0.1,50,100,skill,500,0,500,0.878,0.3929211475472399,0.3619119310926429,0.004067,,
0.6,0.75,0.1,50,100,repo,500,0,500,0.962,0.5064290070643953,0.4756454835089973,0.004067,,
0.6,0.75,0.1,50,100,stratified,500,0,500,0.96,0.5032072895298786,0.4729696637426902,0.004067,,
0.6,0.75,0.1,50,100,lang_reiczigel,500,0,500,0.966,0.5282282024982861,0.5085918740717639,0.004067,,
0.6,0.75,0.1,50,100,wilson_known,500,0,500,0.762,0.34165540825253105,0.3604488869452533,0.004067,,
0.6,0.75,0.1,50,100,point_rogan_gladen,500,0,500,,,,,0.04200872371805518,0.16151500318917583
0.6,0.75,0.1,50,1000,judgy,500,0,500,0.924,0.3517840123311755,0.3457615350339429,0.004005999999999999,,
0.6,0.75,0.1,50,1000,skill,500,0,500,0.934,0.3833772898507165,0.3575736465416196,0.004005999999999999,,
0.6,0.75,0.1,50,1000,repo,500,0,500,0.944,0.396315192998151,0.3715385932493624,0.004005999999999999,,
0.6,0.75,0.1,50,1000,stratified,500,0,500,0.94,0.38984071280472016,0.3670479249011859,0.004005999999999999,,
0.6,0.75,0.1,50,1000,lang_reiczigel,500,0,500,0.95,0.4147046329086724,0.38984051072505743,0.004005999999999999,,
0.6,0.75,0.1,50,1000,wilson_known,500,0,500,0.382,0.11273084323926309,0.12610319193632505,0.004005999999999999,,
0.6,0.75,0.1,50,1000,point_rogan_gladen,500,0,500,,,,,0.020994568407804982,0.11273523134089287
0.6,0.75,0.1,100,100,judgy,500,0,500,0.798,0.2627316770750297,0.2663969375973676,9.4e-05,,
0.6,0.75,0.1,100,100,skill,500,0,500,0.802,0.263551003532799,0.26675949948664984,9.4e-05,,
0.6,0.75,0.1,100,100,repo,500,0,500,0.948,0.40749881706322344,0.39932608207314874,9.4e-05,,
0.6,0.75,0.1,100,100,stratified,500,0,500,0.952,0.40810683424397076,0.40005952380952386,9.4e-05,,
0.6,0.75,0.1,100,100,lang_reiczigel,500,0,500,0.972,0.4361594271421815,0.42701531200124665,9.4e-05,,
0.6,0.75,0.1,100,100,wilson_known,500,0,500,0.862,0.3448052945007546,0.3534743882217511,9.4e-05,,
0.6,0.75,0.1,100,100,point_rogan_gladen,500,0,500,,,,,0.017692277631455845,0.12946830829868655
0.6,0.75,0.1,100,1000,judgy,500,0,500,0.928,0.27127996001952115,0.27627490084805617,0.000244,,
0.6,0.75,0.1,100,1000,skill,500,0,500,0.924,0.27367727857358437,0.2774754163325105,0.000244,,
0.6,0.75,0.1,100,1000,repo,500,0,500,0.946,0.29163530361229845,0.29585835000352134,0.000244,,
0.6,0.75,0.1,100,1000,stratified,500,0,500,0.942,0.29087733902042023,0.2944328469550166,0.000244,,
0.6,0.75,0.1,100,1000,lang_reiczigel,500,0,500,0.96,0.3137572302721838,0.3122422111262466,0.000244,,
0.6,0.75,0.1,100,1000,wilson_known,500,0,500,0.506,0.12168477115289345,0.13696599565199913,0.000244,,
0.6,0.75,0.1,100,1000,point_rogan_gladen,500,0,500,,,,,0.008765075775041573,0.09081314325193848
0.6,0.75,0.1,200,100,judgy,500,0,500,0.694,0.20611072712667858,0.22933566293581686,0.0,,
0.6,0.75,0.1,200,100,skill,500,0,500,0.708,0.20615392291640328,0.22715103912995493,0.0,,
0.6,0.75,0.1,200,100,repo,500,0,500,0.942,0.3862390944040161,0.3953671580674928,0.0,,
0.6,0.75,0.1,200,100,stratified,500,0,500,0.94,0.38608239697699664,0.39126400305287534,0.0,,
0.6,0.75,0.1,200,100,lang_reiczigel,500,0,500,0.944,0.40583335028616535,0.41144862518699926,0.0,,
0.6,0.75,0.1,200,100,wilson_known,500,0,500,0.906,0.3596286620949646,0.3780548299978695,0.0,,
0.6,0.75,0.1,200,100,point_rogan_gladen,500,0,500,,,,,0.026025058900894175,0.11963444125159191
0.6,0.75,0.1,200,1000,judgy,500,0,500,0.92,0.22205010914110704,0.22893108349362168,0.0,,
0.6,0.75,0.1,200,1000,skill,500,0,500,0.916,0.22229488408111886,0.22965589165969105,0.0,,
0.6,0.75,0.1,200,1000,repo,500,0,500,0.948,0.24741124957987587,0.25513725813495003,0.0,,
0.6,0.75,0.1,200,1000,stratified,500,0,500,0.95,0.24746494607041986,0.254930514903732,0.0,,
0.6,0.75,0.1,200,1000,lang_reiczigel,500,0,500,0.958,0.256908792469271,0.26213246647381483,0.0,,
0.6,0.75,0.1,200,1000,wilson_known,500,0,500,0.636,0.13288591742758185,0.14279510520437344,0.0,,
0.6,0.75,0.1,200,1000,point_rogan_gladen,500,0,500,,,,,0.0060211617608115385,0.07490841118573296
0.6,0.75,0.3,10,100,judgy,500,41,459,0.8605664488017429,0.7366155635579673,0.78,0.09179194008769088,,
0.6,0.75,0.3,10,100,skill,500,41,459,0.9172113289760349,0.8491176020590316,1.0,0.09179194008769088,,
0.6,0.75,0.3,10,100,repo,500,41,459,0.9433551198257081,0.8709705794792594,1.0,0.09179194008769088,,
0.6,0.75,0.3,10,100,stratified,500,41,459,0.9389978213507625,0.8418917440432963,1.0,0.09179194008769088,,
0.6,0.75,0.3,10,100,lang_reiczigel,500,41,459,0.9869281045751634,0.8367104572427447,0.9409111133703989,0.09179194008769088,,
0.6,0.75,0.3,10,100,wilson_known,500,41,459,0.5228758169934641,0.3798940672416572,0.36263066941562894,0.09179194008769088,,
0.6,0.75,0.3,10,100,point_rogan_gladen,500,41,459,,,,,0.03577644638102156,0.29690972099931084
0.6,0.75,0.3,10,1000,judgy,500,36,464,0.915948275862069,0.7893018151024103,0.8361449999999997,0.08657441544047886,,
0.6,0.75,0.3,10,1000,skill,500,36,464,0.9482758620689655,0.8699025449160384,1.0,0.08657441544047886,,
0.6,0.75,0.3,10,1000,repo,500,36,464,0.9482758620689655,0.8711492131169231,1.0,0.08657441544047886,,
0.6,0.75,0.3,10,1000,stratified,500,36,464,0.9482758620689655,0.8374439094998631,0.9437666666666666,0.08657441544047886,,
0.6,0.75,0.3,10,1000,lang_reiczigel,500,36,464,1.0,0.8182455172937466,0.8869171425270085,0.08657441544047886,,
0.6,0.75,0.3,10,1000,wilson_known,500,36,464,0.21336206896551724,0.1466501821549786,0.11993439156837726,0.08657441544047886,,
0.6,0.75,0.3,10,1000,point_rogan_gladen,500,36,464,,,,,0.061560131020799075,0.268231610299965
0.6,0.75,0.3,20,100,judgy,500,11,489,0.8670756646216768,0.6932882689919035,0.6666666666666676,0.03983128834355828,,
0.6,0.75,0.3,20,100,skill,500,11,489,0.9059304703476483,0.7619558422994878,0.79312642070292,0.03983128834355828,,
0.6,0.75,0.3,20,100,repo,500,11,489,0.9550102249488752,0.8159524479292981,0.9049365885727948,0.03983128834355828,,
0.6,0.75,0.3,20,100,stratified,500,11,489,0.9468302658486708,0.7986004574037773,0.85,0.03983128834355828,,
0.6,0.75,0.3,20,100,lang_reiczigel,500,11,489,0.9775051124744376,0.7730631515593952,0.7698051392479646,0.03983128834355828,,
0.6,0.75,0.3,20,100,wilson_known,500,11,489,0.6871165644171779,0.44879154317080877,0.42336248725950143,0.03983128834355828,,
0.6,0.75,0.3,20,100,point_rogan_gladen,500,11,489,,,,,0.03900127479882083,0.24742486737727667
0.6,0.75,0.3,20,1000,judgy,500,6,494,0.9392712550607287,0.7385577549293243,0.7323425381903639,0.046847165991902834,,
0.6,0.75,0.3,20,1000,skill,500,6,494,0.9534412955465587,0.801434574138397,0.8724121703296701,0.046847165991902834,,
0.6,0.75,0.3,20,1000,repo,500,6,494,0.9574898785425101,0.8080847410725639,0.8893946091774952,0.046847165991902834,,
0.6,0.75,0.3,20,1000,stratified,500,6,494,0.9554655870445344,0.7873454104501549,0.8394250000000008,0.046847165991902834,,
0.6,0.75,0.3,20,1000,lang_reiczigel,500,6,494,0.9838056680161943,0.7430918262882676,0.7253927671951721,0.046847165991902834,,
0.6,0.75,0.3,20,1000,wilson_known,500,6,494,0.2894736842105263,0.1665912096606587,0.148354430173687,0.046847165991902834,,
0.6,0.75,0.3,20,1000,point_rogan_gladen,500,6,494,,,,,0.04647724295497572,0.23978311560277105
0.6,0.75,0.3,50,100,judgy,500,0,500,0.794,0.509565725010523,0.47789750538802966,0.003909,,
0.6,0.75,0.3,50,100,skill,500,0,500,0.81,0.5244974972506145,0.48196205620962407,0.003909,,
0.6,0.75,0.3,50,100,repo,500,0,500,0.936,0.6688240715504717,0.6439781246117977,0.003909,,
0.6,0.75,0.3,50,100,stratified,500,0,500,0.936,0.6652372822538153,0.6394357042969734,0.003909,,
0.6,0.75,0.3,50,100,lang_reiczigel,500,0,500,0.962,0.6555460983685911,0.6299148523304435,0.003909,,
0.6,0.75,0.3,50,100,wilson_known,500,0,500,0.798,0.4766098671732621,0.45953271150036235,0.003909,,
0.6,0.75,0.3,50,100,point_rogan_gladen,500,0,500,,,,,0.014234793668880912,0.19786416528754222
0.6,0.75,0.3,50,1000,judgy,500,0,500,0.918,0.5199577587190393,0.5019711375937714,0.005936,,
0.6,0.75,0.3,50,1000,skill,500,0,500,0.932,0.5519819296554477,0.5131560015339982,0.005936,,
0.6,0.75,0.3,50,1000,repo,500,0,500,0.94,0.5683232472028056,0.5345447932164584,0.005936,,
0.6,0.75,0.3,50,1000,stratified,500,0,500,0.94,0.5648247249795371,0.5291038611899436,0.005936,,
0.6,0.75,0.3,50,1000,lang_reiczigel,500,0,500,0.956,0.5348598379716181,0.513508310577612,0.005936,,
0.6,0.75,0.3,50,1000,wilson_known,500,0,500,0.452,0.15951079659794112,0.15667746904213892,0.005936,,
0.6,0.75,0.3,50,1000,point_rogan_gladen,500,0,500,,,,,-0.01354156538798417,0.15490006663765293
0.6,0.75,0.3,100,100,judgy,500,0,500,0.756,0.37868196006565075,0.37328690856029656,0.000112,,
0.6,0.75,0.3,100,100,skill,500,0,500,0.762,0.38010206224605425,0.3720260956828739,0.000112,,
0.6,0.75,0.3,100,100,repo,500,0,500,0.958,0.6004840376066076,0.5882451066525294,0.000112,,
0.6,0.75,0.3,100,100,stratified,500,0,500,0.96,0.6005330458948069,0.5899698340874817,0.000112,,
0.6,0.75,0.3,100,100,lang_reiczigel,500,0,500,0.974,0.5915996611655878,0.5846775856631223,0.000112,,
0.6,0.75,0.3,100,100,wilson_known,500,0,500,0.904,0.49232100109900284,0.4889464030763554,0.000112,,
0.6,0.75,0.3,100,100,point_rogan_gladen,500,0,500,,,,,0.001399507487465697,0.16121150659965824
0.6,0.75,0.3,100,1000,judgy,500,0,500,0.936,0.3935788848580732,0.3823527907325599,0.00010999999999999999,,
0.6,0.75,0.3,100,1000,skill,500,0,500,0.936,0.393774922688515,0.3853313314906924,0.00010999999999999999,,
0.6,0.75,0.3,100,1000,repo,500,0,500,0.954,0.42489698844366147,0.4143417960501891,0.00010999999999999999,,
0.6,0.75,0.3,100,1000,stratified,500,0,500,0.952,0.424742578148062,0.41538963398520057,0.00010999999999999999,,
0.6,0.75,0.3,100,1000,lang_reiczigel,500,0,500,0.974,0.41355815143184294,0.40630929185172915,0.00010999999999999999,,
0.6,0.75,0.3,100,1000,wilson_known,500,0,500,0.548,0.17297709716274448,0.1696778267658443,0.00010999999999999999,,
0.6,0.75,0.3,100,1000,point_rogan_gladen,500,0,500,,,,,-0.009874497100339,0.11403671635635867
0.6,0.75,0.3,200,100,judgy,500,0,500,0.602,0.2705215367947422,0.26759012202265886,0.0,,
0.6,0.75,0.3,200,100,skill,500,0,500,0.598,0.27001610804655185,0.26616628386005003,0.0,,
0.6,0.75,0.3,200,100,repo,500,0,500,0.946,0.542470011383132,0.5494261749138287,0.0,,
0.6,0.75,0.3,200,100,stratified,500,0,500,0.95,0.5429675581684974,0.5464346765466264,0.0,,
0.6,0.75,0.3,200,100,lang_reiczigel,500,0,500,0.96,0.5408446931907172,0.5421914302126013,0.0,,
0.6,0.75,0.3,200,100,wilson_known,500,0,500,0.906,0.4880505675708476,0.486667819657551,0.0,,
0.6,0.75,0.3,200,100,point_rogan_gladen,500,0,500,,,,,-0.008669864896199047,0.1576303045593155
0.6,0.75,0.3,200,1000,judgy,500,0,500,0.918,0.28458076014482925,0.2772829561630225,0.0,,
0.6,0.75,0.3,200,1000,skill,500,0,500,0.914,0.28477675710820644,0.27759092986890854,0.0,,
0.6,0.75,0.3,200,1000,repo,500,0,500,0.954,0.33118356508179353,0.32588014213812644,0.0,,
0.6,0.75,0.3,200,1000,stratified,500,0,500,0.96,0.33148538140956696,0.3229712259202283,0.0,,
0.6,0.75,0.3,200,1000,lang_reiczigel,500,0,500,0.974,0.3240971368740876,0.3175428823122102,0.0,,
0.6,0.75,0.3,200,1000,wilson_known,500,0,500,0.734,0.17247516628127235,0.1685440256809552,0.0,,
0.6,0.75,0.3,200,1000,point_rogan_gladen,500,0,500,,,,,-0.010523602392405233,0.08231229230634664
0.6,0.75,0.5,10,100,judgy,500,35,465,0.896774193548387,0.8032868304393723,0.859375,0.09354753667156158,,
0.6,0.75,0.5,10,100,skill,500,35,465,0.9505376344086022,0.8798948248855789,1.0,0.09354753667156158,,
0.6,0.75,0.5,10,100,repo,500,35,465,0.9741935483870968,0.8980050662006754,1.0,0.09354753667156158,,
0.6,0.75,0.5,10,100,stratified,500,35,465,0.9655913978494624,0.87980599078341,1.0,0.09354753667156158,,
0.6,0.75,0.5,10,100,lang_reiczigel,500,35,465,0.9849462365591398,0.8856482464864861,0.9871102947781214,0.09354753667156158,,
0.6,0.75,0.5,10,100,wilson_known,500,35,465,0.6064516129032258,0.41996561392377363,0.3840065014111871,0.09354753667156158,,
0.6,0.75,0.5,10,100,point_rogan_gladen,500,35,465,,,,,-0.0022892985151049547,0.3038694594390526
0.6,0.75,0.5,10,1000,judgy,500,39,461,0.9154013015184381,0.809677767398572,0.877903999999999,0.09231344902386117,,
0.6,0.75,0.5,10,1000,skill,500,39,461,0.9587852494577006,0.8846719567594088,1.0,0.09231344902386117,,
0.6,0.75,0.5,10,1000,repo,500,39,461,0.9587852494577006,0.8875947561026025,1.0,0.09231344902386117,,
0.6,0.75,0.5,10,1000,stratified,500,39,461,0.9587852494577006,0.8721974918655098,1.0,0.09231344902386117,,
0.6,0.75,0.5,10,1000,lang_reiczigel,500,39,461,0.9891540130151844,0.8655950712948844,0.9616617948542081,0.09231344902386117,,
0.6,0.75,0.5,10,1000,wilson_known,500,39,461,0.22125813449023862,0.13607722216201285,0.12286054866521168,0.09231344902386117,,
0.6,0.75,0.5,10,1000,point_rogan_gladen,500,39,461,,,,,0.022280721688530795,0.30115884569730755
0.6,0.75,0.5,20,100,judgy,500,7,493,0.8864097363083164,0.7457387353029288,0.7277744910179639,0.04302129817444219,,
0.6,0.75,0.5,20,100,skill,500,7,493,0.9350912778904665,0.8079720012299924,0.8685452766411669,0.04302129817444219,,
0.6,0.75,0.5,20,100,repo,500,7,493,0.9716024340770791,0.859659497220395,0.980511796357616,0.04302129817444219,,
0.6,0.75,0.5,20,100,stratified,500,7,493,0.9634888438133874,0.8486745527098482,0.951249999999999,0.04302129817444219,,
0.6,0.75,0.5,20,100,lang_reiczigel,500,7,493,0.9817444219066938,0.8281671417284061,0.8388967083789229,0.04302129817444219,,
0.6,0.75,0.5,20,100,wilson_known,500,7,493,0.7342799188640974,0.49810772957784866,0.4673161363002549,0.04302129817444219,,
0.6,0.75,0.5,20,100,point_rogan_gladen,500,7,493,,,,,0.02963497174450516,0.26258477441670014
0.6,0.75,0.5,20,1000,judgy,500,7,493,0.9330628803245437,0.7722522711037612,0.7763385826771652,0.04293204868154159,,
0.6,0.75,0.5,20,1000,skill,500,7,493,0.9513184584178499,0.8166146426531293,0.8648750000000005,0.04293204868154159,,
0.6,0.75,0.5,20,1000,repo,500,7,493,0.9553752535496958,0.8243727000990186,0.8802599999999995,0.04293204868154159,,
0.6,0.75,0.5,20,1000,stratified,500,7,493,0.9533468559837728,0.808991400087189,0.8420000000000001,0.04293204868154159,,
0.6,0.75,0.5,20,1000,lang_reiczigel,500,7,493,0.9878296146044625,0.7653916358916228,0.7619710537414521,0.04293204868154159,,
0.6,0.75,0.5,20,1000,wilson_known,500,7,493,0.3306288032454361,0.17019254661733885,0.1531347658766653,0.04293204868154159,,
0.6,0.75,0.5,20,1000,point_rogan_gladen,500,7,493,,,,,0.004976432177243511,0.23664323095932016
0.6,0.75,0.5,50,100,judgy,500,0,500,0.794,0.5718956527908092,0.5411974327438345,0.004256,,
0.6,0.75,0.5,50,100,skill,500,0,500,0.806,0.5853906822400854,0.5514276772837421,0.004256,,
0.6,0.75,0.5,50,100,repo,500,0,500,0.944,0.7421855763409942,0.7347830206261526,0.004256,,
0.6,0.75,0.5,50,100,stratified,500,0,500,0.95,0.7401995375542013,0.7308333333333328,0.004256,,
0.6,0.75,0.5,50,100,lang_reiczigel,500,0,500,0.978,0.7162087968581577,0.7058370109816673,0.004256,,
0.6,0.75,0.5,50,100,wilson_known,500,0,500,0.822,0.5268072613186526,0.5037068163959448,0.004256,,
0.6,0.75,0.5,50,100,point_rogan_gladen,500,0,500,,,,,0.013927948708722398,0.2074900086743504
0.6,0.75,0.5,50,1000,judgy,500,0,500,0.926,0.5999506528434951,0.5773138327590557,0.0037980000000000006,,
0.6,0.75,0.5,50,1000,skill,500,0,500,0.928,0.6087048369963546,0.5806831423476899,0.0037980000000000006,,
0.6,0.75,0.5,50,1000,repo,500,0,500,0.948,0.6304180320888506,0.6023331848342595,0.0037980000000000006,,
0.6,0.75,0.5,50,1000,stratified,500,0,500,0.948,0.6261475637797423,0.595649181547619,0.0037980000000000006,,
0.6,0.75,0.5,50,1000,lang_reiczigel,500,0,500,0.972,0.5761531179550451,0.5625247634819653,0.0037980000000000006,,
0.6,0.75,0.5,50,1000,wilson_known,500,0,500,0.454,0.1830104613931647,0.17059827025158056,0.0037980000000000006,,
0.6,0.75,0.5,50,1000,point_rogan_gladen,500,0,500,,,,,0.0003268771518208249,0.15335175506905682
0.6,0.75,0.5,100,100,judgy,500,0,500,0.724,0.4171059770967554,0.40014592796067894,0.00013900000000000002,,
0.6,0.75,0.5,100,100,skill,500,0,500,0.726,0.41772798679173867,0.40078503177210556,0.00013900000000000002,,
0.6,0.75,0.5,100,100,repo,500,0,500,0.93,0.6708768575310834,0.6567880002918818,0.00013900000000000002,,
0.6,0.75,0.5,100,100,stratified,500,0,500,0.938,0.6710732969952637,0.6582037575406715,0.00013900000000000002,,
0.6,0.75,0.5,100,100,lang_reiczigel,500,0,500,0.954,0.6495998544232932,0.6374594663263139,0.00013900000000000002,,
0.6,0.75,0.5,100,100,wilson_known,500,0,500,0.892,0.5374825058710461,0.523659402528498,0.00013900000000000002,,
0.6,0.75,0.5,100,100,point_rogan_gladen,500,0,500,,,,,0.003947621271956268,0.17880303620522892
0.6,0.75,0.5,100,1000,judgy,500,0,500,0.91,0.43009375669128724,0.4170187958428544,0.000127,,
0.6,0.75,0.5,100,1000,skill,500,0,500,0.922,0.43032622290929834,0.4155999648161623,0.000127,,
0.6,0.75,0.5,100,1000,repo,500,0,500,0.94,0.4707263936899616,0.4569061124714493,0.000127,,
0.6,0.75,0.5,100,1000,stratified,500,0,500,0.95,0.46984737842631935,0.4574731075879763,0.000127,,
0.6,0.75,0.5,100,1000,lang_reiczigel,500,0,500,0.954,0.4369671290030334,0.42531564695546875,0.000127,,
0.6,0.75,0.5,100,1000,wilson_known,500,0,500,0.62,0.18257740524379584,0.1752968515065361,0.000127,,
0.6,0.75,0.5,100,1000,point_rogan_gladen,500,0,500,,,,,-0.0032781510940422293,0.1064784587681669
0.6,0.75,0.5,200,100,judgy,500,0,500,0.618,0.284764936399601,0.27853173774201295,0.0,,
0.6,0.75,0.5,200,100,skill,500,0,500,0.618,0.28462437824150283,0.278838034791932,0.0,,
0.6,0.75,0.5,200,100,repo,500,0,500,0.934,0.6125410591580671,0.6067513619462355,0.0,,
0.6,0.75,0.5,200,100,stratified,500,0,500,0.93,0.6123906082456476,0.6050453767837443,0.0,,
0.6,0.75,0.5,200,100,lang_reiczigel,500,0,500,0.938,0.5972651734736586,0.5914658433355083,0.0,,
0.6,0.75,0.5,200,100,wilson_known,500,0,500,0.904,0.5358071282472224,0.5295297329906565,0.0,,
0.6,0.75,0.5,200,100,point_rogan_gladen,500,0,500,,,,,0.0003224851962257371,0.16412328155450298
0.6,0.75,0.5,200,1000,judgy,500,0,500,0.888,0.28049267308329934,0.274178550707288,0.0,,
0.6,0.75,0.5,200,1000,skill,500,0,500,0.884,0.28124046954865944,0.27520290284939886,0.0,,
0.6,0.75,0.5,200,1000,repo,500,0,500,0.944,0.33567079536658606,0.32759728468827143,0.0,,
0.6,0.75,0.5,200,1000,stratified,500,0,500,0.954,0.3353757009777847,0.3286595537307743,0.0,,
0.6,0.75,0.5,200,1000,lang_reiczigel,500,0,500,0.956,0.32400672015253507,0.3177785919484394,0.0,,
0.6,0.75,0.5,200,1000,wilson_known,500,0,500,0.72,0.17759559562720842,0.17491013392309845,0.0,,
0.6,0.75,0.5,200,1000,point_rogan_gladen,500,0,500,,,,,-0.001198733940970689,0.08289243120416284
0.6,0.75,0.7,10,100,judgy,500,37,463,0.9200863930885529,0.746460501523844,0.7645937500000006,0.09211135481347585,,
0.6,0.75,0.7,10,100,skill,500,37,463,0.9546436285097192,0.8604842898593451,1.0,0.09211135481347585,,
0.6,0.75,0.7,10,100,repo,500,37,463,0.9654427645788337,0.8770572659402395,1.0,0.09211135481347585,,
0.6,0.75,0.7,10,100,stratified,500,37,463,0.9611231101511879,0.860719734564092,1.0,0.09211135481347585,,
0.6,0.75,0.7,10,100,lang_reiczigel,500,37,463,0.9762419006479481,0.8708384608524515,0.9898816381415962,0.09211135481347585,,
0.6,0.75,0.7,10,100,wilson_known,500,37,463,0.5377969762419006,0.3847943591973724,0.38102623853355144,0.09211135481347585,,
0.6,0.75,0.7,10,100,point_rogan_gladen,500,37,463,,,,,-0.04573931228358866,0.29654944900970054
0.6,0.75,0.7,10,1000,judgy,500,36,464,0.9439655172413793,0.7853043478379926,0.8445265546006067,0.10055524313881078,,
0.6,0.75,0.7,10,1000,skill,500,36,464,0.9612068965517241,0.886704604529244,1.0,0.10055524313881078,,
0.6,0.75,0.7,10,1000,repo,500,36,464,0.9655172413793104,0.8893522189112878,1.0,0.10055524313881078,,
0.6,0.75,0.7,10,1000,stratified,500,36,464,0.9633620689655172,0.8725502929152983,1.0,0.10055524313881078,,
0.6,0.75,0.7,10,1000,lang_reiczigel,500,36,464,0.9698275862068966,0.8589337561454858,0.94879749812209,0.10055524313881078,,
0.6,0.75,0.7,10,1000,wilson_known,500,36,464,0.21982758620689655,0.1335564635469683,0.1237016307166221,0.10055524313881078,,
0.6,0.75,0.7,10,1000,point_rogan_gladen,500,36,464,,,,,-0.030656600643130777,0.27246687976259676
0.6,0.75,0.7,20,100,judgy,500,12,488,0.9139344262295082,0.6730741940715096,0.6476061412998251,0.04272540983606558,,
0.6,0.75,0.7,20,100,skill,500,12,488,0.9426229508196722,0.7646917896964198,0.8000038461538461,0.04272540983606558,,
0.6,0.75,0.7,20,100,repo,500,12,488,0.9692622950819673,0.8215225196125573,0.9002053571428572,0.04272540983606558,,
0.6,0.75,0.7,20,100,stratified,500,12,488,0.9713114754098361,0.804810406368555,0.8521031746031744,0.04272540983606558,,
0.6,0.75,0.7,20,100,lang_reiczigel,500,12,488,0.9774590163934426,0.8007729479297347,0.807818272193527,0.04272540983606558,,
0.6,0.75,0.7,20,100,wilson_known,500,12,488,0.694672131147541,0.43758723140520794,0.4257243376739282,0.04272540983606558,,
0.6,0.75,0.7,20,100,point_rogan_gladen,500,12,488,,,,,-0.0070168959000926,0.2393865897485101
0.6,0.75,0.7,20,1000,judgy,500,4,496,0.9294354838709677,0.6889904752143362,0.6653792226813688,0.04431048387096774,,
0.6,0.75,0.7,20,1000,skill,500,4,496,0.9536290322580645,0.7736597080021894,0.8040866941994412,0.04431048387096774,,
0.6,0.75,0.7,20,1000,repo,500,4,496,0.9616935483870968,0.7809939038636287,0.8136457574594121,0.04431048387096774,,
0.6,0.75,0.7,20,1000,stratified,500,4,496,0.9495967741935484,0.7618868507941433,0.7688437499999996,0.04431048387096774,,
0.6,0.75,0.7,20,1000,lang_reiczigel,500,4,496,0.9536290322580645,0.7490809745829732,0.7251205211824463,0.04431048387096774,,
0.6,0.75,0.7,20,1000,wilson_known,500,4,496,0.2701612903225806,0.15725754633195135,0.14549198118117262,0.04431048387096774,,
0.6,0.75,0.7,20,1000,point_rogan_gladen,500,4,496,,,,,-0.003975829613934427,0.22439788489268428
0.6,0.75,0.7,50,100,judgy,500,0,500,0.846,0.5132296470451754,0.4971714048146973,0.005055,,
0.6,0.75,0.7,50,100,skill,500,0,500,0.852,0.536259353055226,0.506352704205269,0.005055,,
0.6,0.75,0.7,50,100,repo,500,0,500,0.966,0.6803470735341061,0.6564035946693711,0.005055,,
0.6,0.75,0.7,50,100,stratified,500,0,500,0.97,0.6756490108494235,0.649675324675324,0.005055,,
0.6,0.75,0.7,50,100,lang_reiczigel,500,0,500,0.974,0.675310784655631,0.6593821318857027,0.005055,,
0.6,0.75,0.7,50,100,wilson_known,500,0,500,0.824,0.4811792085727297,0.47852147557614755,0.005055,,
0.6,0.75,0.7,50,100,point_rogan_gladen,500,0,500,,,,,-0.008579329974436285,0.19565550789650468
0.6,0.75,0.7,50,1000,judgy,500,0,500,0.936,0.5195072212168926,0.49980308519900624,0.006429000000000001,,
0.6,0.75,0.7,50,1000,skill,500,0,500,0.946,0.5526263486929367,0.5194197359851643,0.006429000000000001,,
0.6,0.75,0.7,50,1000,repo,500,0,500,0.956,0.5692183103973711,0.5345184297540984,0.006429000000000001,,
0.6,0.75,0.7,50,1000,stratified,500,0,500,0.946,0.5632093517154659,0.5344237836438923,0.006429000000000001,,
0.6,0.75,0.7,50,1000,lang_reiczigel,500,0,500,0.966,0.5607393119514869,0.5447833072195053,0.006429000000000001,,
0.6,0.75,0.7,50,1000,wilson_known,500,0,500,0.438,0.1634503812057636,0.16279125267242905,0.006429000000000001,,
0.6,0.75,0.7,50,1000,point_rogan_gladen,500,0,500,,,,,0.025907652528435934,0.16185913337188532
0.6,0.75,0.7,100,100,judgy,500,0,500,0.782,0.38974719283422904,0.38639655172413784,0.000309,,
0.6,0.75,0.7,100,100,skill,500,0,500,0.788,0.39227043179219706,0.3865676753848648,0.000309,,
0.6,0.75,0.7,100,100,repo,500,0,500,0.946,0.603611250022602,0.5963827583400704,0.000309,,
0.6,0.75,0.7,100,100,stratified,500,0,500,0.942,0.6029027428946083,0.5952976190476191,0.000309,,
0.6,0.75,0.7,100,100,lang_reiczigel,500,0,500,0.958,0.6019827673169154,0.5906830050067879,0.000309,,
0.6,0.75,0.7,100,100,wilson_known,500,0,500,0.898,0.4945219793230211,0.49279155068523384,0.000309,,
0.6,0.75,0.7,100,100,point_rogan_gladen,500,0,500,,,,,-0.0033732363372057403,0.16822741461516985
0.6,0.75,0.7,100,1000,judgy,500,0,500,0.938,0.4059720443657921,0.4040408090306651,7.600000000000002e-05,,
0.6,0.75,0.7,100,1000,skill,500,0,500,0.94,0.40557195302181137,0.40222757911835966,7.600000000000002e-05,,
0.6,0.75,0.7,100,1000,repo,500,0,500,0.958,0.4354674704371766,0.43182383179015876,7.600000000000002e-05,,
0.6,0.75,0.7,100,1000,stratified,500,0,500,0.958,0.4351224647573645,0.4302253597851423,7.600000000000002e-05,,
0.6,0.75,0.7,100,1000,lang_reiczigel,500,0,500,0.964,0.4314639279187238,0.4281277338362357,7.600000000000002e-05,,
0.6,0.75,0.7,100,1000,wilson_known,500,0,500,0.576,0.17692724829497392,0.17660387657719384,7.600000000000002e-05,,
0.6,0.75,0.7,100,1000,point_rogan_gladen,500,0,500,,,,,0.006222752227562624,0.11110442637646267
0.6,0.75,0.7,200,100,judgy,500,0,500,0.654,0.28535328810876465,0.28572723622816865,0.0,,
0.6,0.75,0.7,200,100,skill,500,0,500,0.656,0.2858478805331502,0.28723005876752544,0.0,,
0.6,0.75,0.7,200,100,repo,500,0,500,0.966,0.5569033903906856,0.5588243490940699,0.0,,
0.6,0.75,0.7,200,100,stratified,500,0,500,0.962,0.5567397136972132,0.5621243979378799,0.0,,
0.6,0.75,0.7,200,100,lang_reiczigel,500,0,500,0.966,0.552333543453258,0.5556342345198163,0.0,,
0.6,0.75,0.7,200,100,wilson_known,500,0,500,0.938,0.49736395240674985,0.5047105927903477,0.0,,
0.6,0.75,0.7,200,100,point_rogan_gladen,500,0,500,,,,,0.004126345042156612,0.14750745517294575
0.6,0.75,0.7,200,1000,judgy,500,0,500,0.91,0.30248139914795197,0.3007390948029728,0.0,,
0.6,0.75,0.7,200,1000,skill,500,0,500,0.904,0.30283250792000527,0.29873225461024,0.0,,
0.6,0.75,0.7,200,1000,repo,500,0,500,0.958,0.34970398636976413,0.3463467077420886,0.0,,
0.6,0.75,0.7,200,1000,stratified,500,0,500,0.952,0.3488165841363409,0.34376191738599904,0.0,,
0.6,0.75,0.7,200,1000,lang_reiczigel,500,0,500,0.968,0.34305735980447183,0.3393147578339608,0.0,,
0.6,0.75,0.7,200,1000,wilson_known,500,0,500,0.698,0.17988778988565884,0.17670957114064362,0.0,,
0.6,0.75,0.7,200,1000,point_rogan_gladen,500,0,500,,,,,0.003470590216179721,0.09008937724306701
0.6,0.75,0.9,10,100,judgy,500,38,462,0.9134199134199135,0.6809234278360043,0.6644750283500283,0.08116786910771405,,
0.6,0.75,0.9,10,100,skill,500,38,462,0.9372294372294372,0.8295043723395797,1.0,0.08116786910771405,,
0.6,0.75,0.9,10,100,repo,500,38,462,0.9415584415584416,0.8475308858610463,1.0,0.08116786910771405,,
0.6,0.75,0.9,10,100,stratified,500,38,462,0.9415584415584416,0.8155191670102384,1.0,0.08116786910771405,,
0.6,0.75,0.9,10,100,lang_reiczigel,500,38,462,0.9437229437229437,0.8329708913146467,0.888517802227052,0.08116786910771405,,
0.6,0.75,0.9,10,100,wilson_known,500,38,462,0.49134199134199136,0.3292815316909654,0.320314507945402,0.08116786910771405,,
0.6,0.75,0.9,10,100,point_rogan_gladen,500,38,462,,,,,-0.12226164708307562,0.25889574266399945
0.6,0.75,0.9,10,1000,judgy,500,39,461,0.9457700650759219,0.6862846856291701,0.6453243243243243,0.09379175704989154,,
0.6,0.75,0.9,10,1000,skill,500,39,461,0.9522776572668112,0.8325146422698515,1.0,0.09379175704989154,,
0.6,0.75,0.9,10,1000,repo,500,39,461,0.9501084598698482,0.8303201072241644,1.0,0.09379175704989154,,
0.6,0.75,0.9,10,1000,stratified,500,39,461,0.9522776572668112,0.8006795860878697,1.0,0.09379175704989154,,
0.6,0.75,0.9,10,1000,lang_reiczigel,500,39,461,0.9544468546637744,0.807516062551516,0.8750548508220853,0.09379175704989154,,
0.6,0.75,0.9,10,1000,wilson_known,500,39,461,0.24945770065075923,0.11966350059018856,0.12184158419567392,0.09379175704989154,,
0.6,0.75,0.9,10,1000,point_rogan_gladen,500,39,461,,,,,-0.10812096718658538,0.23225599785335835
0.6,0.75,0.9,20,100,judgy,500,14,486,0.9300411522633745,0.5292351476754323,0.5000000000000001,0.05142078189300411,,
0.6,0.75,0.9,20,100,skill,500,14,486,0.9547325102880658,0.6943931609692134,0.6564250353175369,0.05142078189300411,,
0.6,0.75,0.9,20,100,repo,500,14,486,0.977366255144033,0.7401973547769853,0.7351839899697163,0.05142078189300411,,
0.6,0.75,0.9,20,100,stratified,500,14,486,0.9753086419753086,0.7197021556345494,0.7000000000000002,0.05142078189300411,,
0.6,0.75,0.9,20,100,lang_reiczigel,500,14,486,0.9711934156378601,0.7369604717885317,0.7102146321132082,0.05142078189300411,,
0.6,0.75,0.9,20,100,wilson_known,500,14,486,0.6090534979423868,0.3222347013135111,0.3421792875037527,0.05142078189300411,,
0.6,0.75,0.9,20,100,point_rogan_gladen,500,14,486,,,,,-0.058481688636009645,0.18990653380614636
0.6,0.75,0.9,20,1000,judgy,500,8,492,0.9288617886178862,0.5430039601778779,0.5173453780226506,0.04820325203252033,,
0.6,0.75,0.9,20,1000,skill,500,8,492,0.943089430894309,0.7027951823473744,0.6589399534669368,0.04820325203252033,,
0.6,0.75,0.9,20,1000,repo,500,8,492,0.9512195121951219,0.7087886619418202,0.6680454940711466,0.04820325203252033,,
0.6,0.75,0.9,20,1000,stratified,500,8,492,0.9451219512195121,0.682507590143115,0.6308673076923076,0.04820325203252033,,
0.6,0.75,0.9,20,1000,lang_reiczigel,500,8,492,0.926829268292683,0.6887518178279997,0.6467707254501891,0.04820325203252033,,
0.6,0.75,0.9,20,1000,wilson_known,500,8,492,0.22764227642276422,0.10936964732155831,0.12265893990230836,0.04820325203252033,,
0.6,0.75,0.9,20,1000,point_rogan_gladen,500,8,492,,,,,-0.06725250596287181,0.1930710433197279
0.6,0.75,0.9,50,100,judgy,500,0,500,0.884,0.3737488305192581,0.36694287918680235,0.0047090000000000005,,
0.6,0.75,0.9,50,100,skill,500,0,500,0.902,0.41127486958728865,0.38826521092087657,0.0047090000000000005,,
0.6,0.75,0.9,50,100,repo,500,0,500,0.954,0.5232329060125319,0.5033194203746744,0.0047090000000000005,,
0.6,0.75,0.9,50,100,stratified,500,0,500,0.954,0.518423903303141,0.5,0.0047090000000000005,,
0.6,0.75,0.9,50,100,lang_reiczigel,500,0,500,0.958,0.5603429346935218,0.5434665776684924,0.0047090000000000005,,
0.6,0.75,0.9,50,100,wilson_known,500,0,500,0.766,0.3493169068894098,0.3697113723226509,0.0047090000000000005,,
0.6,0.75,0.9,50,100,point_rogan_gladen,500,0,500,,,,,-0.04632745694429862,0.16067784531592166
0.6,0.75,0.9,50,1000,judgy,500,0,500,0.94,0.36999668492917315,0.3706033482139714,0.005157999999999999,,
0.6,0.75,0.9,50,1000,skill,500,0,500,0.946,0.4067724986542485,0.3804166144652576,0.005157999999999999,,
0.6,0.75,0.9,50,1000,repo,500,0,500,0.96,0.4198557341016694,0.39111972926222405,0.005157999999999999,,
0.6,0.75,0.9,50,1000,stratified,500,0,500,0.958,0.4124787415793404,0.39126903166064003,0.005157999999999999,,
0.6,0.75,0.9,50,1000,lang_reiczigel,500,0,500,0.95,0.4629347276197697,0.43872255302980145,0.005157999999999999,,
0.6,0.75,0.9,50,1000,wilson_known,500,0,500,0.362,0.11600974947307775,0.13362025208481199,0.005157999999999999,,
0.6,0.75,0.9,50,1000,point_rogan_gladen,500,0,500,,,,,-0.026507123999279705,0.12466200312394486
0.6,0.75,0.9,100,100,judgy,500,0,500,0.8,0.2734748319112757,0.2947062601418245,0.00017600000000000002,,
0.6,0.75,0.9,100,100,skill,500,0,500,0.806,0.2758332281382625,0.29408994186097814,0.00017600000000000002,,
0.6,0.75,0.9,100,100,repo,500,0,500,0.954,0.4212251898816198,0.42213303913259437,0.00017600000000000002,,
0.6,0.75,0.9,100,100,stratified,500,0,500,0.952,0.4215905240464352,0.42163742690058476,0.00017600000000000002,,
0.6,0.75,0.9,100,100,lang_reiczigel,500,0,500,0.972,0.4549794045982872,0.45370986076866043,0.00017600000000000002,,
0.6,0.75,0.9,100,100,wilson_known,500,0,500,0.85,0.3445176771403602,0.37080265948977215,0.00017600000000000002,,
0.6,0.75,0.9,100,100,point_rogan_gladen,500,0,500,,,,,-0.02251285882229211,0.13227663706513854
0.6,0.75,0.9,100,1000,judgy,500,0,500,0.948,0.2982112506650037,0.30913711289665574,4.8e-05,,
0.6,0.75,0.9,100,1000,skill,500,0,500,0.948,0.29809203494062775,0.3099575577524731,4.8e-05,,
0.6,0.75,0.9,100,1000,repo,500,0,500,0.954,0.31732123831827475,0.32975036603061686,4.8e-05,,
0.6,0.75,0.9,100,1000,stratified,500,0,500,0.956,0.3163861663283786,0.32669246088193465,4.8e-05,,
0.6,0.75,0.9,100,1000,lang_reiczigel,500,0,500,0.972,0.3495337575524919,0.35608868954606265,4.8e-05,,
0.6,0.75,0.9,100,1000,wilson_known,500,0,500,0.486,0.12966062423172475,0.14989984358568414,4.8e-05,,
0.6,0.75,0.9,100,1000,point_rogan_gladen,500,0,500,,,,,-0.017771904915384426,0.10003424974747409
0.6,0.75,0.9,200,100,judgy,500,0,500,0.698,0.2125223053058275,0.23658759479763602,0.0,,
0.6,0.75,0.9,200,100,skill,500,0,500,0.71,0.21238899596597635,0.23533656879075515,0.0,,
0.6,0.75,0.9,200,100,repo,500,0,500,0.932,0.39374963779471184,0.4048659347339828,0.0,,
0.6,0.75,0.9,200,100,stratified,500,0,500,0.936,0.3942548832259996,0.4068030125966676,0.0,,
0.6,0.75,0.9,200,100,lang_reiczigel,500,0,500,0.948,0.41054731974954395,0.4197214780229151,0.0,,
0.6,0.75,0.9,200,100,wilson_known,500,0,500,0.892,0.35516355935527194,0.3744706153424568,0.0,,
0.6,0.75,0.9,200,100,point_rogan_gladen,500,0,500,,,,,-0.02025429726019437,0.12233165398295343
0.6,0.75,0.9,200,1000,judgy,500,0,500,0.934,0.23574084246985166,0.2454370552620352,0.0,,
0.6,0.75,0.9,200,1000,skill,500,0,500,0.93,0.23555741140337624,0.24464039142328214,0.0,,
0.6,0.75,0.9,200,1000,repo,500,0,500,0.958,0.2610788401607795,0.26890701337054385,0.0,,
0.6,0.75,0.9,200,1000,stratified,500,0,500,0.952,0.26040537059739055,0.26809699821963495,0.0,,
0.6,0.75,0.9,200,1000,lang_reiczigel,500,0,500,0.972,0.27741936319944416,0.2814644642362604,0.0,,
0.6,0.75,0.9,200,1000,wilson_known,500,0,500,0.614,0.13803159895903397,0.15334466391331075,0.0,,
0.6,0.75,0.9,200,1000,point_rogan_gladen,500,0,500,,,,,-0.0014513023985704254,0.08004091976909287
0.6,0.9,0.1,10,100,judgy,500,5,495,0.6323232323232323,0.4251867489526672,0.35999999999999993,0.03531717171717172,,
0.6,0.9,0.1,10,100,skill,500,5,495,0.6404040404040404,0.550076937714,0.4570416666666665,0.03531717171717172,,
0.6,0.9,0.1,10,100,repo,500,5,495,0.7555555555555555,0.5936169436221035,0.5224999999999995,0.03531717171717172,,
0.6,0.9,0.1,10,100,stratified,500,5,495,0.7373737373737373,0.5507424683341348,0.47499999999999964,0.03531717171717172,,
0.6,0.9,0.1,10,100,lang_reiczigel,500,5,495,1.0,0.5348163788504291,0.4727217906785014,0.03531717171717172,,
0.6,0.9,0.1,10,100,wilson_known,500,5,495,0.5070707070707071,0.21034449220361157,0.2075404284238772,0.03531717171717172,,
0.6,0.9,0.1,10,100,point_rogan_gladen,500,5,495,,,,,0.037662497995831365,0.14010166821362974
0.6,0.9,0.1,10,1000,judgy,500,4,496,0.6411290322580645,0.4344566728717853,0.3517500000000002,0.032818548387096774,,
0.6,0.9,0.1,10,1000,skill,500,4,496,0.6451612903225806,0.5325802885132899,0.43066666666666653,0.032818548387096774,,
0.6,0.9,0.1,10,1000,repo,500,4,496,0.6451612903225806,0.5460305814178636,0.4295749999999997,0.032818548387096774,,
0.6,0.9,0.1,10,1000,stratified,500,4,496,0.6431451612903226,0.4895533092117894,0.3910937499999998,0.032818548387096774,,
0.6,0.9,0.1,10,1000,lang_reiczigel,500,4,496,1.0,0.4812337332807379,0.3983975841635336,0.032818548387096774,,
0.6,0.9,0.1,10,1000,wilson_known,500,4,496,0.30443548387096775,0.0711394641551029,0.07126904433932231,0.032818548387096774,,
0.6,0.9,0.1,10,1000,point_rogan_gladen,500,4,496,,,,,0.04294167626728109,0.1373899986745713
0.6,0.9,0.1,20,100,judgy,500,0,500,0.828,0.31451195570988977,0.28042633928571403,0.005287,,
0.6,0.9,0.1,20,100,skill,500,0,500,0.836,0.3488696833716295,0.29107499999999864,0.005287,,
0.6,0.9,0.1,20,100,repo,500,0,500,0.884,0.4076870516288336,0.35539997359556963,0.005287,,
0.6,0.9,0.1,20,100,stratified,500,0,500,0.882,0.3994727200234405,0.35384615384615387,0.005287,,
0.6,0.9,0.1,20,100,lang_reiczigel,500,0,500,0.986,0.40438468554123963,0.3679680485976862,0.005287,,
0.6,0.9,0.1,20,100,wilson_known,500,0,500,0.61,0.21808377911383617,0.22038432154562246,0.005287,,
0.6,0.9,0.1,20,100,point_rogan_gladen,500,0,500,,,,,0.02224920412920411,0.12058557239917994
0.6,0.9,0.1,20,1000,judgy,500,0,500,0.864,0.30901163613559585,0.2843184031158714,0.0047729999999999995,,
0.6,0.9,0.1,20,1000,skill,500,0,500,0.87,0.34327004604013484,0.29046000000000005,0.0047729999999999995,,
0.6,0.9,0.1,20,1000,repo,500,0,500,0.872,0.3497584834332072,0.29557735294117654,0.0047729999999999995,,
0.6,0.9,0.1,20,1000,stratified,500,0,500,0.864,0.33863868895810056,0.2927507575757575,0.0047729999999999995,,
0.6,0.9,0.1,20,1000,lang_reiczigel,500,0,500,0.998,0.334112630814074,0.30495097185002235,0.0047729999999999995,,
0.6,0.9,0.1,20,1000,wilson_known,500,0,500,0.262,0.06827629281911526,0.0735627709716463,0.0047729999999999995,,
0.6,0.9,0.1,20,1000,point_rogan_gladen,500,0,500,,,,,0.010864715314097618,0.09600167892611158
0.6,0.9,0.1,50,100,judgy,500,0,500,0.836,0.21068658932653148,0.20924506414813684,2e-05,,
0.6,0.9,0.1,50,100,skill,500,0,500,0.84,0.21051478015480235,0.20809044997848897,2e-05,,
0.6,0.9,0.1,50,100,repo,500,0,500,0.938,0.2892665669063673,0.28694010139615234,2e-05,,
0.6,0.9,0.1,50,100,stratified,500,0,500,0.94,0.2891148074774838,0.28820071057974256,2e-05,,
0.6,0.9,0.1,50,100,lang_reiczigel,500,0,500,0.96,0.30440066609591593,0.30307670672253006,2e-05,,
0.6,0.9,0.1,50,100,wilson_known,500,0,500,0.824,0.23048869572513808,0.23885133440904294,2e-05,,
0.6,0.9,0.1,50,100,point_rogan_gladen,500,0,500,,,,,0.004528837623295573,0.08767873756032112
0.6,0.9,0.1,50,1000,judgy,500,0,500,0.93,0.22313622251343682,0.2202262258758068,7e-06,,
0.6,0.9,0.1,50,1000,skill,500,0,500,0.924,0.22323003727978974,0.21978920421174353,7e-06,,
0.6,0.9,0.1,50,1000,repo,500,0,500,0.934,0.23333167179743117,0.22864785303769353,7e-06,,
0.6,0.9,0.1,50,1000,stratified,500,0,500,0.94,0.2322577302563387,0.22858928571428538,7e-06,,
0.6,0.9,0.1,50,1000,lang_reiczigel,500,0,500,0.966,0.23675469530548734,0.22946405194208436,7e-06,,
0.6,0.9,0.1,50,1000,wilson_known,500,0,500,0.432,0.07799239009962418,0.08223351269921807,7e-06,,
0.6,0.9,0.1,50,1000,point_rogan_gladen,500,0,500,,,,,0.010357094957379388,0.07260574646606585
0.6,0.9,0.1,100,100,judgy,500,0,500,0.764,0.16519848926166378,0.17011992380825555,0.0,,
0.6,0.9,0.1,100,100,skill,500,0,500,0.76,0.1650464579581034,0.1697078217196799,0.0,,
0.6,0.9,0.1,100,100,repo,500,0,500,0.958,0.2636444757859953,0.268531872073189,0.0,,
0.6,0.9,0.1,100,100,stratified,500,0,500,0.954,0.2628622514095734,0.26713068181818167,0.0,,
0.6,0.9,0.1,100,100,lang_reiczigel,500,0,500,0.964,0.27889399660596675,0.28373920712258577,0.0,,
0.6,0.9,0.1,100,100,wilson_known,500,0,500,0.878,0.2370360476891146,0.24959954119956643,0.0,,
0.6,0.9,0.1,100,100,point_rogan_gladen,500,0,500,,,,,0.0014903280946527554,0.07770984574418088
0.6,0.9,0.1,100,1000,judgy,500,0,500,0.908,0.17401770376722908,0.17722633760005066,0.0,,
0.6,0.9,0.1,100,1000,skill,500,0,500,0.906,0.1737448416122191,0.1766207011405831,0.0,,
0.6,0.9,0.1,100,1000,repo,500,0,500,0.922,0.187287209137394,0.19007899828541341,0.0,,
0.6,0.9,0.1,100,1000,stratified,500,0,500,0.922,0.18699929361144632,0.18969052383884583,0.0,,
0.6,0.9,0.1,100,1000,lang_reiczigel,500,0,500,0.946,0.18948916724813505,0.1921425289221987,0.0,,
0.6,0.9,0.1,100,1000,wilson_known,500,0,500,0.556,0.081160019888857,0.08484939445122414,0.0,,
0.6,0.9,0.1,100,1000,point_rogan_gladen,500,0,500,,,,,0.0008202138894062141,0.057634983413919275
0.6,0.9,0.1,200,100,judgy,500,0,500,0.646,0.12617813546117532,0.13220662202362213,0.0,,
0.6,0.9,0.1,200,100,skill,500,0,500,0.654,0.12605185114154446,0.1321522752943785,0.0,,
0.6,0.9,0.1,200,100,repo,500,0,500,0.958,0.24714214682064622,0.24915761188327765,0.0,,
0.6,0.9,0.1,200,100,stratified,500,0,500,0.958,0.24707156189191362,0.2524123394865536,0.0,,
0.6,0.9,0.1,200,100,lang_reiczigel,500,0,500,0.97,0.2636918740395879,0.26977837920549647,0.0,,
0.6,0.9,0.1,200,100,wilson_known,500,0,500,0.928,0.23964549233515725,0.24859200871514328,0.0,,
0.6,0.9,0.1,200,100,point_rogan_gladen,500,0,500,,,,,-0.002436202080762814,0.07246713133005168
0.6,0.9,0.1,200,1000,judgy,500,0,500,0.91,0.13918391481829068,0.13957293632981926,0.0,,
0.6,0.9,0.1,200,1000,skill,500,0,500,0.91,0.13913034010788589,0.1399132441766504,0.0,,
0.6,0.9,0.1,200,1000,repo,500,0,500,0.942,0.15856434600408187,0.15955815248048066,0.0,,
0.6,0.9,0.1,200,1000,stratified,500,0,500,0.944,0.1582523164420225,0.159340390717351,0.0,,
0.6,0.9,0.1,200,1000,lang_reiczigel,500,0,500,0.954,0.159808419217945,0.16121585302935437,0.0,,
0.6,0.9,0.1,200,1000,wilson_known,500,0,500,0.658,0.08656190349808551,0.08765641296478555,0.0,,
0.6,0.9,0.1,200,1000,point_rogan_gladen,500,0,500,,,,,-0.004737750088453098,0.045499548951877335
0.6,0.9,0.3,10,100,judgy,500,10,490,0.8469387755102041,0.6329772503071531,0.6146666666666667,0.03657959183673469,,
0.6,0.9,0.3,10,100,skill,500,10,490,0.8551020408163266,0.6826681752717205,0.6658333333333335,0.03657959183673469,,
0.6,0.9,0.3,10,100,repo,500,10,490,0.9306122448979591,0.724454866980843,0.7170416666666668,0.03657959183673469,,
0.6,0.9,0.3,10,100,stratified,500,10,490,0.9306122448979591,0.6963381296566244,0.6999999999999998,0.03657959183673469,,
0.6,0.9,0.3,10,100,lang_reiczigel,500,10,490,0.9938775510204082,0.689994167629118,0.654492155419685,0.03657959183673469,,
0.6,0.9,0.3,10,100,wilson_known,500,10,490,0.6673469387755102,0.32796370581961914,0.29989118809088805,0.03657959183673469,,
0.6,0.9,0.3,10,100,point_rogan_gladen,500,10,490,,,,,0.012444930353093688,0.1976014346783824
0.6,0.9,0.3,10,1000,judgy,500,5,495,0.8323232323232324,0.6403979957637039,0.6230000000000007,0.030702020202020203,,
0.6,0.9,0.3,10,1000,skill,500,5,495,0.8303030303030303,0.6723502168506472,0.6542000000000002,0.030702020202020203,,
0.6,0.9,0.3,10,1000,repo,500,5,495,0.8505050505050505,0.6777004736327291,0.6591041666666666,0.030702020202020203,,
0.6,0.9,0.3,10,1000,stratified,500,5,495,0.8424242424242424,0.6543446759259259,0.6385714285714283,0.030702020202020203,,
0.6,0.9,0.3,10,1000,lang_reiczigel,500,5,495,0.9797979797979798,0.6394033660025892,0.5794840083049817,0.030702020202020203,,
0.6,0.9,0.3,10,1000,wilson_known,500,5,495,0.25252525252525254,0.11051405138537398,0.0932207672436891,0.030702020202020203,,
0.6,0.9,0.3,10,1000,point_rogan_gladen,500,5,495,,,,,0.039204481321148045,0.19960652679575622
0.6,0.9,0.3,20,100,judgy,500,0,500,0.814,0.5079928197213569,0.47162913685958274,0.005377000000000001,,
0.6,0.9,0.3,20,100,skill,500,0,500,0.83,0.5277316790513803,0.489792899408284,0.005377000000000001,,
0.6,0.9,0.3,20,100,repo,500,0,500,0.92,0.6089471016019044,0.5689800602598887,0.005377000000000001,,
0.6,0.9,0.3,20,100,stratified,500,0,500,0.918,0.5991673459153933,0.5564047619047616,0.005377000000000001,,
0.6,0.9,0.3,20,100,lang_reiczigel,500,0,500,0.974,0.5770495353896019,0.546031608836875,0.005377000000000001,,
0.6,0.9,0.3,20,100,wilson_known,500,0,500,0.728,0.337118060584048,0.31904516202420324,0.005377000000000001,,
0.6,0.9,0.3,20,100,point_rogan_gladen,500,0,500,,,,,0.01581599586687824,0.1749901899335745
0.6,0.9,0.3,20,1000,judgy,500,0,500,0.894,0.5253862586954312,0.4865872937386979,0.005120000000000001,,
0.6,0.9,0.3,20,1000,skill,500,0,500,0.896,0.5416252280215957,0.487917939764295,0.005120000000000001,,
0.6,0.9,0.3,20,1000,repo,500,0,500,0.914,0.5472414287952959,0.496939504042123,0.005120000000000001,,
0.6,0.9,0.3,20,1000,stratified,500,0,500,0.916,0.5384441359198247,0.4917645472582971,0.005120000000000001,,
0.6,0.9,0.3,20,1000,lang_reiczigel,500,0,500,0.992,0.49731287949439357,0.46165261728178886,0.005120000000000001,,
0.6,0.9,0.3,20,1000,wilson_known,500,0,500,0.364,0.11206382600461663,0.10530029288513809,0.005120000000000001,,
0.6,0.9,0.3,20,1000,point_rogan_gladen,500,0,500,,,,,0.005557458753664656,0.12853768950488872
0.6,0.9,0.3,50,100,judgy,500,0,500,0.804,0.3202963526080954,0.30853176757743717,1.9000000000000004e-05,,
0.6,0.9,0.3,50,100,skill,500,0,500,0.806,0.3208004691690609,0.309501417460453,1.9000000000000004e-05,,
0.6,0.9,0.3,50,100,repo,500,0,500,0.94,0.46525255142155353,0.44521983670377263,1.9000000000000004e-05,,
0.6,0.9,0.3,50,100,stratified,500,0,500,0.938,0.4653670634819506,0.4476244279176203,1.9000000000000004e-05,,
0.6,0.9,0.3,50,100,lang_reiczigel,500,0,500,0.964,0.45752036647238875,0.4427781635751372,1.9000000000000004e-05,,
0.6,0.9,0.3,50,100,wilson_known,500,0,500,0.868,0.33910341672186683,0.3308202158573139,1.9000000000000004e-05,,
0.6,0.9,0.3,50,100,point_rogan_gladen,500,0,500,,,,,-0.002364230721281686,0.11848877756369616
0.6,0.9,0.3,50,1000,judgy,500,0,500,0.904,0.3180546105380988,0.30805365311453164,4.600000000000001e-05,,
0.6,0.9,0.3,50,1000,skill,500,0,500,0.904,0.31880308085350845,0.3092153217608437,4.600000000000001e-05,,
0.6,0.9,0.3,50,1000,repo,500,0,500,0.932,0.33717144574087377,0.32656949166105953,4.600000000000001e-05,,
0.6,0.9,0.3,50,1000,stratified,500,0,500,0.924,0.3350738504836074,0.32395189889453835,4.600000000000001e-05,,
0.6,0.9,0.3,50,1000,lang_reiczigel,500,0,500,0.958,0.32663505360494627,0.32069116416831134,4.600000000000001e-05,,
0.6,0.9,0.3,50,1000,wilson_known,500,0,500,0.528,0.10909008818057604,0.10575372807480665,4.600000000000001e-05,,
0.6,0.9,0.3,50,1000,point_rogan_gladen,500,0,500,,,,,0.0006149261614155433,0.08449454400849346
0.6,0.9,0.3,100,100,judgy,500,0,500,0.688,0.21715640743917575,0.21266483821375542,0.0,,
0.6,0.9,0.3,100,100,skill,500,0,500,0.688,0.21725945292985588,0.21221101532477019,0.0,,
0.6,0.9,0.3,100,100,repo,500,0,500,0.934,0.4028657389323835,0.3979614947023389,0.0,,
0.6,0.9,0.3,100,100,stratified,500,0,500,0.938,0.4018715688335017,0.3962735849056601,0.0,,
0.6,0.9,0.3,100,100,lang_reiczigel,500,0,500,0.94,0.40100865428451665,0.3978222603207983,0.0,,
0.6,0.9,0.3,100,100,wilson_known,500,0,500,0.902,0.33530010575054836,0.33225024991864316,0.0,,
0.6,0.9,0.3,100,100,point_rogan_gladen,500,0,500,,,,,0.0007071788175140309,0.10443667512211093
0.6,0.9,0.3,100,1000,judgy,500,0,500,0.918,0.21327214883369522,0.20442020533153787,0.0,,
0.6,0.9,0.3,100,1000,skill,500,0,500,0.916,0.21325694016758392,0.20600613292924164,0.0,,
0.6,0.9,0.3,100,1000,repo,500,0,500,0.962,0.24009998041868333,0.2313194686637693,0.0,,
0.6,0.9,0.3,100,1000,stratified,500,0,500,0.96,0.239426765141205,0.23026628090321044,0.0,,
0.6,0.9,0.3,100,1000,lang_reiczigel,500,0,500,0.968,0.23697217046033264,0.22983375091285135,0.0,,
0.6,0.9,0.3,100,1000,wilson_known,500,0,500,0.694,0.10728691996125976,0.10474923309620332,0.0,,
0.6,0.9,0.3,100,1000,point_rogan_gladen,500,0,500,,,,,-0.0005057972294088129,0.05423947208668123
0.6,0.9,0.3,200,100,judgy,500,0,500,0.514,0.14947855776834734,0.14804716017702063,0.0,,
0.6,0.9,0.3,200,100,skill,500,0,500,0.514,0.1495064489186025,0.14832521981534183,0.0,,
0.6,0.9,0.3,200,100,repo,500,0,500,0.94,0.37049247008316605,0.3685580254020021,0.0,,
0.6,0.9,0.3,200,100,stratified,500,0,500,0.946,0.370201509907307,0.3695421504287703,0.0,,
0.6,0.9,0.3,200,100,lang_reiczigel,500,0,500,0.952,0.3693515919335089,0.3685922398824621,0.0,,
0.6,0.9,0.3,200,100,wilson_known,500,0,500,0.92,0.33396655568894346,0.3328799416851088,0.0,,
0.6,0.9,0.3,200,100,point_rogan_gladen,500,0,500,,,,,-0.0013511420517672928,0.09627418199599402
0.6,0.9,0.3,200,1000,judgy,500,0,500,0.884,0.14771706099365525,0.144416282896364,0.0,,
0.6,0.9,0.3,200,1000,skill,500,0,500,0.876,0.14778103811338195,0.14555042089761897,0.0,,
0.6,0.9,0.3,200,1000,repo,500,0,500,0.934,0.18342194372193166,0.18139748890495658,0.0,,
0.6,0.9,0.3,200,1000,stratified,500,0,500,0.934,0.18319699076914356,0.18065997956541713,0.0,,
0.6,0.9,0.3,200,1000,lang_reiczigel,500,0,500,0.944,0.18284878178960487,0.18038108280564275,0.0,,
0.6,0.9,0.3,200,1000,wilson_known,500,0,500,0.782,0.10769579968640429,0.10668594571297825,0.0,,
0.6,0.9,0.3,200,1000,point_rogan_gladen,500,0,500,,,,,-0.001870833088016964,0.04607730674284967
0.6,0.9,0.5,10,100,judgy,500,1,499,0.8857715430861723,0.6763861877355216,0.6211111111111112,0.030371864288857856,,
0.6,0.9,0.5,10,100,skill,500,1,499,0.8917835671342685,0.7164844868667278,0.68215,0.030371864288857856,,
0.6,0.9,0.5,10,100,repo,500,1,499,0.9378757515030061,0.7564116332546006,0.72,0.030371864288857856,,
0.6,0.9,0.5,10,100,stratified,500,1,499,0.9278557114228457,0.7380407084009286,0.7000000000000002,0.030371864288857856,,
0.6,0.9,0.5,10,100,lang_reiczigel,500,1,499,0.9659318637274549,0.7743103174307328,0.7653933020050387,0.030371864288857856,,
0.6,0.9,0.5,10,100,wilson_known,500,1,499,0.6092184368737475,0.3406049821827856,0.31552094875754455,0.030371864288857856,,
0.6,0.9,0.5,10,100,point_rogan_gladen,500,1,499,,,,,0.03250564621306107,0.23491233031905714
0.6,0.9,0.5,10,1000,judgy,500,7,493,0.9391480730223124,0.7051880378946884,0.6870946941783349,0.03234587121146781,,
0.6,0.9,0.5,10,1000,skill,500,7,493,0.9553752535496958,0.7479472085260976,0.7928571428571436,0.03234587121146781,,
0.6,0.9,0.5,10,1000,repo,500,7,493,0.9574036511156186,0.7510137442450644,0.7921173809523808,0.03234587121146781,,
0.6,0.9,0.5,10,1000,stratified,500,7,493,0.9411764705882353,0.7230312948742715,0.7484166666666656,0.03234587121146781,,
0.6,0.9,0.5,10,1000,lang_reiczigel,500,7,493,0.9695740365111561,0.7421460223361426,0.7494390540098381,0.03234587121146781,,
0.6,0.9,0.5,10,1000,wilson_known,500,7,493,0.24746450304259635,0.12200536620574762,0.11715806784992822,0.03234587121146781,,
0.6,0.9,0.5,10,1000,point_rogan_gladen,500,7,493,,,,,0.014432306255835683,0.21218265312349488
0.6,0.9,0.5,20,100,judgy,500,0,500,0.864,0.5771742385210341,0.5438636980108496,0.004916,,
0.6,0.9,0.5,20,100,skill,500,0,500,0.88,0.5918582155903185,0.552432462612515,0.004916,,
0.6,0.9,0.5,20,100,repo,500,0,500,0.942,0.674652566403025,0.6317507910750506,0.004916,,
0.6,0.9,0.5,20,100,stratified,500,0,500,0.934,0.666353788621552,0.6288751591545705,0.004916,,
0.6,0.9,0.5,20,100,lang_reiczigel,500,0,500,0.966,0.6634789191498778,0.6474359318031122,0.004916,,
0.6,0.9,0.5,20,100,wilson_known,500,0,500,0.74,0.37351500262486015,0.35379938676827805,0.004916,,
0.6,0.9,0.5,20,100,point_rogan_gladen,500,0,500,,,,,0.023150369010074882,0.18227778800541955
0.6,0.9,0.5,20,1000,judgy,500,0,500,0.924,0.5718457008025071,0.5549590909090909,0.004563,,
0.6,0.9,0.5,20,1000,skill,500,0,500,0.932,0.5861134689246027,0.5564642515586572,0.004563,,
0.6,0.9,0.5,20,1000,repo,500,0,500,0.938,0.594722061984871,0.5721370918995025,0.004563,,
0.6,0.9,0.5,20,1000,stratified,500,0,500,0.942,0.5835555246598773,0.556003125,0.004563,,
0.6,0.9,0.5,20,1000,lang_reiczigel,500,0,500,0.966,0.5627854428543949,0.5487582853005195,0.004563,,
0.6,0.9,0.5,20,1000,wilson_known,500,0,500,0.354,0.12252977938720404,0.11677491408817176,0.004563,,
0.6,0.9,0.5,20,1000,point_rogan_gladen,500,0,500,,,,,0.010973576031811311,0.15788970639066593
0.6,0.9,0.5,50,100,judgy,500,0,500,0.8,0.3637117342012237,0.3565850616630859,1.5e-05,,
0.6,0.9,0.5,50,100,skill,500,0,500,0.798,0.3633341959070229,0.3538349695576932,1.5e-05,,
0.6,0.9,0.5,50,100,repo,500,0,500,0.958,0.5267681594543612,0.516151687172335,1.5e-05,,
0.6,0.9,0.5,50,100,stratified,500,0,500,0.966,0.5250567959358675,0.519756299734748,1.5e-05,,
0.6,0.9,0.5,50,100,lang_reiczigel,500,0,500,0.968,0.5120733792357789,0.5100933430025385,1.5e-05,,
0.6,0.9,0.5,50,100,wilson_known,500,0,500,0.868,0.3706403397200304,0.3652529902350635,1.5e-05,,
0.6,0.9,0.5,50,100,point_rogan_gladen,500,0,500,,,,,-0.0053016468078503414,0.12696023809020565
0.6,0.9,0.5,50,1000,judgy,500,0,500,0.938,0.36772970687669637,0.3516692053102306,1.3000000000000001e-05,,
0.6,0.9,0.5,50,1000,skill,500,0,500,0.936,0.3685300808435973,0.34937653719386486,1.3000000000000001e-05,,
0.6,0.9,0.5,50,1000,repo,500,0,500,0.952,0.38901857855624167,0.37335490340023786,1.3000000000000001e-05,,
0.6,0.9,0.5,50,1000,stratified,500,0,500,0.958,0.38691058826377683,0.371522570361499,1.3000000000000001e-05,,
0.6,0.9,0.5,50,1000,lang_reiczigel,500,0,500,0.972,0.36862849239245554,0.35303561682601686,1.3000000000000001e-05,,
0.6,0.9,0.5,50,1000,wilson_known,500,0,500,0.494,0.12099110949314527,0.11744723685767644,1.3000000000000001e-05,,
0.6,0.9,0.5,50,1000,point_rogan_gladen,500,0,500,,,,,0.01012327033455726,0.09052107676089922
0.6,0.9,0.5,100,100,judgy,500,0,500,0.678,0.24393699080593614,0.23929822564246758,0.0,,
0.6,0.9,0.5,100,100,skill,500,0,500,0.672,0.2442142594477884,0.23736536884866657,0.0,,
0.6,0.9,0.5,100,100,repo,500,0,500,0.942,0.45327719394889215,0.4488934721899135,0.0,,
0.6,0.9,0.5,100,100,stratified,500,0,500,0.948,0.45294900564068735,0.4495861402704604,0.0,,
0.6,0.9,0.5,100,100,lang_reiczigel,500,0,500,0.952,0.4453137128898994,0.4407602127401551,0.0,,
0.6,0.9,0.5,100,100,wilson_known,500,0,500,0.89,0.36880741140421014,0.36521500695854403,0.0,,
0.6,0.9,0.5,100,100,point_rogan_gladen,500,0,500,,,,,-0.0025933393316474734,0.11523510560381992
0.6,0.9,0.5,100,1000,judgy,500,0,500,0.902,0.24368349244305784,0.23769792930723366,0.0,,
0.6,0.9,0.5,100,1000,skill,500,0,500,0.904,0.24350988656638473,0.2360999541748173,0.0,,
0.6,0.9,0.5,100,1000,repo,500,0,500,0.948,0.2731608826198511,0.2667474113875401,0.0,,
0.6,0.9,0.5,100,1000,stratified,500,0,500,0.946,0.2723719481129947,0.26709997329983837,0.0,,
0.6,0.9,0.5,100,1000,lang_reiczigel,500,0,500,0.944,0.26599607402815545,0.26135987420916723,0.0,,
0.6,0.9,0.5,100,1000,wilson_known,500,0,500,0.648,0.11962587324944494,0.11812243610642659,0.0,,
0.6,0.9,0.5,100,1000,point_rogan_gladen,500,0,500,,,,,0.004501767503372631,0.06725899152337547
0.6,0.9,0.5,200,100,judgy,500,0,500,0.59,0.16739378922146073,0.16605614913043326,0.0,,
0.6,0.9,0.5,200,100,skill,500,0,500,0.582,0.1677622897247754,0.16468715332234868,0.0,,
0.6,0.9,0.5,200,100,repo,500,0,500,0.926,0.41301773171148537,0.41263150674516225,0.0,,
0.6,0.9,0.5,200,100,stratified,500,0,500,0.936,0.41291048334423147,0.4125877350816688,0.0,,
0.6,0.9,0.5,200,100,lang_reiczigel,500,0,500,0.938,0.40794415581631516,0.40589911448205485,0.0,,
0.6,0.9,0.5,200,100,wilson_known,500,0,500,0.902,0.368190752562636,0.3662057797348931,0.0,,
0.6,0.9,0.5,200,100,point_rogan_gladen,500,0,500,,,,,-0.0004394155180654645,0.10600909722825917
0.6,0.9,0.5,200,1000,judgy,500,0,500,0.866,0.16530293060073717,0.1620373862664227,0.0,,
0.6,0.9,0.5,200,1000,skill,500,0,500,0.874,0.16535789136080406,0.16301366542820603,0.0,,
0.6,0.9,0.5,200,1000,repo,500,0,500,0.946,0.2045481081784104,0.20236781255539296,0.0,,
0.6,0.9,0.5,200,1000,stratified,500,0,500,0.944,0.20423328924972578,0.20202217223728378,0.0,,
0.6,0.9,0.5,200,1000,lang_reiczigel,500,0,500,0.952,0.20263899559774837,0.2006046692941872,0.0,,
0.6,0.9,0.5,200,1000,wilson_known,500,0,500,0.754,0.11878834056628808,0.11790066489893467,0.0,,
0.6,0.9,0.5,200,1000,point_rogan_gladen,500,0,500,,,,,0.0009288902067395935,0.05235952955716313
0.6,0.9,0.7,10,100,judgy,500,5,495,0.9050505050505051,0.6175622091123747,0.5845833333333332,0.030972728283333587,,
0.6,0.9,0.7,10,100,skill,500,5,495,0.9292929292929293,0.6831078840769716,0.6340178571428575,0.030972728283333587,,
0.6,0.9,0.7,10,100,repo,500,5,495,0.9494949494949495,0.7201244945101046,0.6864812711864408,0.030972728283333587,,
0.6,0.9,0.7,10,100,stratified,500,5,495,0.9454545454545454,0.697997747314414,0.6600000000000001,0.030972728283333587,,
0.6,0.9,0.7,10,100,lang_reiczigel,500,5,495,0.9454545454545454,0.7648115081785124,0.7553627058018795,0.030972728283333587,,
0.6,0.9,0.7,10,100,wilson_known,500,5,495,0.5717171717171717,0.3159213571748734,0.3175218654446262,0.030972728283333587,,
0.6,0.9,0.7,10,100,point_rogan_gladen,500,5,495,,,,,0.0007767356100690032,0.21456712061966424
0.6,0.9,0.7,10,1000,judgy,500,4,496,0.9274193548387096,0.6216485593054757,0.599739999999999,0.03587298487953654,,
0.6,0.9,0.7,10,1000,skill,500,4,496,0.9455645161290323,0.6935857633684013,0.6875228553921569,0.03587298487953654,,
0.6,0.9,0.7,10,1000,repo,500,4,496,0.9455645161290323,0.6955342220187299,0.6926634895614404,0.03587298487953654,,
0.6,0.9,0.7,10,1000,stratified,500,4,496,0.9415322580645161,0.6780597148217485,0.6473437500000001,0.03587298487953654,,
0.6,0.9,0.7,10,1000,lang_reiczigel,500,4,496,0.9616935483870968,0.7351021330537303,0.7192918036016648,0.03587298487953654,,
0.6,0.9,0.7,10,1000,wilson_known,500,4,496,0.18548387096774194,0.10256130992431461,0.10268452711087483,0.03587298487953654,,
0.6,0.9,0.7,10,1000,point_rogan_gladen,500,4,496,,,,,0.006201204877112217,0.19899378741696738
0.6,0.9,0.7,20,100,judgy,500,0,500,0.908,0.5037089955252941,0.4831889733421459,0.005406,,
0.6,0.9,0.7,20,100,skill,500,0,500,0.922,0.5290831195542315,0.49422100238316674,0.005406,,
0.6,0.9,0.7,20,100,repo,500,0,500,0.954,0.59909891285484,0.562643470893142,0.005406,,
0.6,0.9,0.7,20,100,stratified,500,0,500,0.954,0.5884293284355392,0.56,0.005406,,
0.6,0.9,0.7,20,100,lang_reiczigel,500,0,500,0.964,0.6210652601633875,0.5948915810968033,0.005406,,
0.6,0.9,0.7,20,100,wilson_known,500,0,500,0.704,0.3334315965269558,0.3394966683453,0.005406,,
0.6,0.9,0.7,20,100,point_rogan_gladen,500,0,500,,,,,0.007476142416235326,0.17120813164720924
0.6,0.9,0.7,20,1000,judgy,500,0,500,0.918,0.5085272041622845,0.4930756304092318,0.005686000000000001,,
0.6,0.9,0.7,20,1000,skill,500,0,500,0.934,0.5378699200824295,0.506237575400426,0.005686000000000001,,
0.6,0.9,0.7,20,1000,repo,500,0,500,0.938,0.5468172390767707,0.5111594628439646,0.005686000000000001,,
0.6,0.9,0.7,20,1000,stratified,500,0,500,0.932,0.5330332677313097,0.5057208333333334,0.005686000000000001,,
0.6,0.9,0.7,20,1000,lang_reiczigel,500,0,500,0.938,0.5637658476350115,0.5442956919500517,0.005686000000000001,,
0.6,0.9,0.7,20,1000,wilson_known,500,0,500,0.266,0.1147455559351819,0.11243193102564131,0.005686000000000001,,
0.6,0.9,0.7,20,1000,point_rogan_gladen,500,0,500,,,,,0.017909234278793155,0.16148874222989262
0.6,0.9,0.7,50,100,judgy,500,0,500,0.87,0.3702327884790636,0.36608084145001574,3e-05,,
0.6,0.9,0.7,50,100,skill,500,0,500,0.868,0.37073888989468073,0.3703491491332788,3e-05,,
0.6,0.9,0.7,50,100,repo,500,0,500,0.954,0.4933220120604181,0.48956892381437994,3e-05,,
0.6,0.9,0.7,50,100,stratified,500,0,500,0.956,0.49241394384845516,0.4876846493560197,3e-05,,
0.6,0.9,0.7,50,100,lang_reiczigel,500,0,500,0.962,0.4999452930175595,0.49297079964087254,3e-05,,
0.6,0.9,0.7,50,100,wilson_known,500,0,500,0.852,0.35993258601319367,0.3561452135401163,3e-05,,
0.6,0.9,0.7,50,100,point_rogan_gladen,500,0,500,,,,,0.008717874447207105,0.13446604161489284
0.6,0.9,0.7,50,1000,judgy,500,0,500,0.936,0.3850572466458877,0.38774168900101363,8e-06,,
0.6,0.9,0.7,50,1000,skill,500,0,500,0.942,0.38465593080889016,0.3867242619880318,8e-06,,
0.6,0.9,0.7,50,1000,repo,500,0,500,0.946,0.3999187441251556,0.40053487536617444,8e-06,,
0.6,0.9,0.7,50,1000,stratified,500,0,500,0.944,0.39818538190637637,0.39676335685483866,8e-06,,
0.6,0.9,0.7,50,1000,lang_reiczigel,500,0,500,0.954,0.4013763310395475,0.4009868345089437,8e-06,,
0.6,0.9,0.7,50,1000,wilson_known,500,0,500,0.47,0.12318954355984259,0.12272357585975291,8e-06,,
0.6,0.9,0.7,50,1000,point_rogan_gladen,500,0,500,,,,,0.007995606412801802,0.10426354039048123
0.6,0.9,0.7,100,100,judgy,500,0,500,0.75,0.27623056095168286,0.2767167781707778,0.0,,
0.6,0.9,0.7,100,100,skill,500,0,500,0.748,0.2761754112099259,0.2762713254707636,0.0,,
0.6,0.9,0.7,100,100,repo,500,0,500,0.928,0.4458555255362886,0.4485397682074447,0.0,,
0.6,0.9,0.7,100,100,stratified,500,0,500,0.934,0.4454312264036001,0.4480691102747094,0.0,,
0.6,0.9,0.7,100,100,lang_reiczigel,500,0,500,0.932,0.4460597532773485,0.4456079179560446,0.0,,
0.6,0.9,0.7,100,100,wilson_known,500,0,500,0.88,0.3662344061752843,0.36639882538776625,0.0,,
0.6,0.9,0.7,100,100,point_rogan_gladen,500,0,500,,,,,0.002768254742369383,0.1251101528132223
0.6,0.9,0.7,100,1000,judgy,500,0,500,0.916,0.28904893014941324,0.2878609847061481,0.0,,
0.6,0.9,0.7,100,1000,skill,500,0,500,0.916,0.28908427392670544,0.28922037564401354,0.0,,
0.6,0.9,0.7,100,1000,repo,500,0,500,0.942,0.31310170988467245,0.3121236042529299,0.0,,
0.6,0.9,0.7,100,1000,stratified,500,0,500,0.936,0.3123100070641508,0.3120935542229913,0.0,,
0.6,0.9,0.7,100,1000,lang_reiczigel,500,0,500,0.946,0.30886108355372666,0.30771723461398637,0.0,,
0.6,0.9,0.7,100,1000,wilson_known,500,0,500,0.572,0.12438059362206441,0.12321017039747328,0.0,,
0.6,0.9,0.7,100,1000,point_rogan_gladen,500,0,500,,,,,0.00521050030441054,0.0803037449765258
0.6,0.9,0.7,200,100,judgy,500,0,500,0.542,0.1963167532814103,0.19448372777290174,0.0,,
0.6,0.9,0.7,200,100,skill,500,0,500,0.546,0.1963518957574293,0.19524432230554833,0.0,,
0.6,0.9,0.7,200,100,repo,500,0,500,0.94,0.4129366297941947,0.4157221780252879,0.0,,
0.6,0.9,0.7,200,100,stratified,500,0,500,0.944,0.41351566589945427,0.4160870170829619,0.0,,
0.6,0.9,0.7,200,100,lang_reiczigel,500,0,500,0.946,0.41009011490665176,0.4125998371835601,0.0,,
0.6,0.9,0.7,200,100,wilson_known,500,0,500,0.912,0.36718653383858624,0.36848728601654657,0.0,,
0.6,0.9,0.7,200,100,point_rogan_gladen,500,0,500,,,,,-0.0030486789439375,0.11629891223636668
0.6,0.9,0.7,200,1000,judgy,500,0,500,0.902,0.20197010317510306,0.1985432634645718,0.0,,
0.6,0.9,0.7,200,1000,skill,500,0,500,0.908,0.2017564926130313,0.19851805635526454,0.0,,
0.6,0.9,0.7,200,1000,repo,500,0,500,0.95,0.23729199843381615,0.23523473709411996,0.0,,
0.6,0.9,0.7,200,1000,stratified,500,0,500,0.96,0.23709453478463177,0.2336894089740607,0.0,,
0.6,0.9,0.7,200,1000,lang_reiczigel,500,0,500,0.95,0.23459721810577833,0.23171418537160748,0.0,,
0.6,0.9,0.7,200,1000,wilson_known,500,0,500,0.698,0.12329071276800714,0.12218861238394385,0.0,,
0.6,0.9,0.7,200,1000,point_rogan_gladen,500,0,500,,,,,-7.784288936706352e-05,0.059748019770273164
0.6,0.9,0.9,10,100,judgy,500,3,497,0.9255533199195171,0.479325470250792,0.44999999999999996,0.03261876612350441,,
0.6,0.9,0.9,10,100,skill,500,3,497,0.937625754527163,0.5853215901431306,0.5092207792207792,0.03261876612350441,,
0.6,0.9,0.9,10,100,repo,500,3,497,0.9496981891348089,0.6192803624034702,0.5519999999999998,0.03261876612350441,,
0.6,0.9,0.9,10,100,stratified,500,3,497,0.9436619718309859,0.5918703890006707,0.5250000000000001,0.03261876612350441,,
0.6,0.9,0.9,10,100,lang_reiczigel,500,3,497,0.9537223340040242,0.6795478370253455,0.633810622084249,0.03261876612350441,,
0.6,0.9,0.9,10,100,wilson_known,500,3,497,0.49295774647887325,0.23094567784541356,0.25569220901575385,0.03261876612350441,,
0.6,0.9,0.9,10,100,point_rogan_gladen,500,3,497,,,,,-0.06037726358148895,0.18386020965631214
0.6,0.9,0.9,10,1000,judgy,500,2,498,0.9497991967871486,0.48103213791078764,0.45699999999999985,0.03323496738329004,,
0.6,0.9,0.9,10,1000,skill,500,2,498,0.9598393574297188,0.5763259665627614,0.497080934065934,0.03323496738329004,,
0.6,0.9,0.9,10,1000,repo,500,2,498,0.9538152610441767,0.5812677496333081,0.5022228571428572,0.03323496738329004,,
0.6,0.9,0.9,10,1000,stratified,500,2,498,0.9538152610441767,0.5551449609947726,0.47360416666666666,0.03323496738329004,,
0.6,0.9,0.9,10,1000,lang_reiczigel,500,2,498,0.9618473895582329,0.6339378923749439,0.5786040170578255,0.03323496738329004,,
0.6,0.9,0.9,10,1000,wilson_known,500,2,498,0.23293172690763053,0.07180293567912661,0.08803086314768144,0.03323496738329004,,
0.6,0.9,0.9,10,1000,point_rogan_gladen,500,2,498,,,,,-0.04822446930579459,0.15795794627832083
0.6,0.9,0.9,20,100,judgy,500,0,500,0.924,0.3721967500494519,0.37732732665655433,0.005253,,
0.6,0.9,0.9,20,100,skill,500,0,500,0.948,0.4140528113273102,0.3934440667467242,0.005253,,
0.6,0.9,0.9,20,100,repo,500,0,500,0.976,0.4682114542982064,0.4461195768226061,0.005253,,
0.6,0.9,0.9,20,100,stratified,500,0,500,0.976,0.45623876572743566,0.4428571428571427,0.005253,,
0.6,0.9,0.9,20,100,lang_reiczigel,500,0,500,0.97,0.5203577722906523,0.5009082389716784,0.005253,,
0.6,0.9,0.9,20,100,wilson_known,500,0,500,0.582,0.23866153978769622,0.2736527319636661,0.005253,,
0.6,0.9,0.9,20,100,point_rogan_gladen,500,0,500,,,,,-0.03440278169542877,0.142228689276518
0.6,0.9,0.9,20,1000,judgy,500,0,500,0.912,0.3681023251817195,0.37359040492978834,0.005521000000000001,,
0.6,0.9,0.9,20,1000,skill,500,0,500,0.934,0.40611977983667236,0.38609525971377656,0.005521000000000001,,
0.6,0.9,0.9,20,1000,repo,500,0,500,0.934,0.41348388027064786,0.3931458088235293,0.005521000000000001,,
0.6,0.9,0.9,20,1000,stratified,500,0,500,0.924,0.3967021995367248,0.38312614379084964,0.005521000000000001,,
0.6,0.9,0.9,20,1000,lang_reiczigel,500,0,500,0.934,0.4615116237856007,0.4370582685485234,0.005521000000000001,,
0.6,0.9,0.9,20,1000,wilson_known,500,0,500,0.222,0.07731095606637321,0.09458416856658713,0.005521000000000001,,
0.6,0.9,0.9,20,1000,point_rogan_gladen,500,0,500,,,,,-0.03625166235072118,0.13779581729743937
0.6,0.9,0.9,50,100,judgy,500,0,500,0.87,0.275539712583036,0.29174170390570087,2.1000000000000002e-05,,
0.6,0.9,0.9,50,100,skill,500,0,500,0.878,0.27550154363013024,0.29300713610116563,2.1000000000000002e-05,,
0.6,0.9,0.9,50,100,repo,500,0,500,0.94,0.35409609374124845,0.36802865527197326,2.1000000000000002e-05,,
0.6,0.9,0.9,50,100,stratified,500,0,500,0.94,0.35326880753902173,0.36666666666666664,2.1000000000000002e-05,,
0.6,0.9,0.9,50,100,lang_reiczigel,500,0,500,0.964,0.381643719209074,0.38968659181969934,2.1000000000000002e-05,,
0.6,0.9,0.9,50,100,wilson_known,500,0,500,0.79,0.25955386249806484,0.29422286059801284,2.1000000000000002e-05,,
0.6,0.9,0.9,50,100,point_rogan_gladen,500,0,500,,,,,-0.01954325186288353,0.11341438516205453
0.6,0.9,0.9,50,1000,judgy,500,0,500,0.946,0.28363434047930197,0.29172573214018693,1.9000000000000004e-05,,
0.6,0.9,0.9,50,1000,skill,500,0,500,0.94,0.28367966395267,0.291291578741544,1.9000000000000004e-05,,
0.6,0.9,0.9,50,1000,repo,500,0,500,0.948,0.2930198006225377,0.3020857278477544,1.9000000000000004e-05,,
0.6,0.9,0.9,50,1000,stratified,500,0,500,0.948,0.2912398637242351,0.30003571428571446,1.9000000000000004e-05,,
0.6,0.9,0.9,50,1000,lang_reiczigel,500,0,500,0.966,0.3185708979314148,0.32248614693769895,1.9000000000000004e-05,,
0.6,0.9,0.9,50,1000,wilson_known,500,0,500,0.382,0.09241449820343135,0.10653652273068703,1.9000000000000004e-05,,
0.6,0.9,0.9,50,1000,point_rogan_gladen,500,0,500,,,,,-0.010600351465500892,0.09358346535063043
0.6,0.9,0.9,100,100,judgy,500,0,500,0.784,0.2169130048356889,0.23450718571449675,0.0,,
0.6,0.9,0.9,100,100,skill,500,0,500,0.78,0.21715888687067578,0.23671174018854946,0.0,,
0.6,0.9,0.9,100,100,repo,500,0,500,0.928,0.3237265673760332,0.3367488716663845,0.0,,
0.6,0.9,0.9,100,100,stratified,500,0,500,0.92,0.324514938344371,0.33914237744986053,0.0,,
0.6,0.9,0.9,100,100,lang_reiczigel,500,0,500,0.936,0.33657699947044567,0.350129340863902,0.0,,
0.6,0.9,0.9,100,100,wilson_known,500,0,500,0.838,0.26814116617750255,0.2928381083526231,0.0,,
0.6,0.9,0.9,100,100,point_rogan_gladen,500,0,500,,,,,-0.01586979080877499,0.1087509782012698
0.6,0.9,0.9,100,1000,judgy,500,0,500,0.948,0.2339739049692031,0.2433514881059281,0.0,,
0.6,0.9,0.9,100,1000,skill,500,0,500,0.95,0.23424019564594387,0.24358052464503538,0.0,,
0.6,0.9,0.9,100,1000,repo,500,0,500,0.958,0.2470559489181293,0.25632139844902607,0.0,,
0.6,0.9,0.9,100,1000,stratified,500,0,500,0.956,0.24655282376712012,0.25742024309879596,0.0,,
0.6,0.9,0.9,100,1000,lang_reiczigel,500,0,500,0.966,0.25838735613921243,0.2668909051230218,0.0,,
0.6,0.9,0.9,100,1000,wilson_known,500,0,500,0.496,0.10103114469385978,0.11230980158462228,0.0,,
0.6,0.9,0.9,100,1000,point_rogan_gladen,500,0,500,,,,,-0.004095873367205826,0.07631767980087072
0.6,0.9,0.9,200,100,judgy,500,0,500,0.682,0.17365882885374354,0.19357040434037176,0.0,,
0.6,0.9,0.9,200,100,skill,500,0,500,0.686,0.17411283868454744,0.1934188812188395,0.0,,
0.6,0.9,0.9,200,100,repo,500,0,500,0.94,0.3135417150865552,0.32251364883118283,0.0,,
0.6,0.9,0.9,200,100,stratified,500,0,500,0.938,0.3128439337575676,0.3247062166101077,0.0,,
0.6,0.9,0.9,200,100,lang_reiczigel,500,0,500,0.95,0.3190682021001956,0.3312186332865477,0.0,,
0.6,0.9,0.9,200,100,wilson_known,500,0,500,0.898,0.28247592934362786,0.3018230714248311,0.0,,
0.6,0.9,0.9,200,100,point_rogan_gladen,500,0,500,,,,,-0.01799133517617966,0.09823775615540745
0.6,0.9,0.9,200,1000,judgy,500,0,500,0.918,0.1867406214160426,0.1965534931043767,0.0,,
0.6,0.9,0.9,200,1000,skill,500,0,500,0.916,0.18676271904905414,0.19561828433709733,0.0,,
0.6,0.9,0.9,200,1000,repo,500,0,500,0.948,0.20549440875536598,0.2134537944828372,0.0,,
0.6,0.9,0.9,200,1000,stratified,500,0,500,0.948,0.2056899400166089,0.21499966393294317,0.0,,
0.6,0.9,0.9,200,1000,lang_reiczigel,500,0,500,0.962,0.21100178699507388,0.21878714477611982,0.0,,
0.6,0.9,0.9,200,1000,wilson_known,500,0,500,0.592,0.10701884013484878,0.11629586286893268,0.0,,
0.6,0.9,0.9,200,1000,point_rogan_gladen,500,0,500,,,,,0.0020179722751467047,0.0639007792334929
0.75,0.6,0.1,10,100,judgy,500,34,466,0.9506437768240343,0.6670367374435684,0.6341047722868217,0.08704831331974999,,
0.75,0.6,0.1,10,100,skill,500,34,466,0.9635193133047211,0.8296866225646544,1.0,0.08704831331974999,,
0.75,0.6,0.1,10,100,repo,500,34,466,0.9721030042918455,0.8504160095825776,1.0,0.08704831331974999,,
0.75,0.6,0.1,10,100,stratified,500,34,466,0.9656652360515021,0.8180412579194767,1.0,0.08704831331974999,,
0.75,0.6,0.1,10,100,lang_reiczigel,500,34,466,0.9678111587982833,0.8350222834039326,0.9067192839070399,0.08704831331974999,,
0.75,0.6,0.1,10,100,wilson_known,500,34,466,0.5300429184549357,0.32225960211236093,0.3165855103767049,0.08704831331974999,,
0.75,0.6,0.1,10,100,point_rogan_gladen,500,34,466,,,,,0.09846174807548197,0.24278527163897892
0.75,0.6,0.1,10,1000,judgy,500,36,464,0.9504310344827587,0.6552705631063831,0.6184617187499997,0.0897575463378241,,
0.75,0.6,0.1,10,1000,skill,500,36,464,0.959051724137931,0.8096314707146561,1.0,0.0897575463378241,,
0.75,0.6,0.1,10,1000,repo,500,36,464,0.959051724137931,0.8116246783646923,1.0,0.0897575463378241,,
0.75,0.6,0.1,10,1000,stratified,500,36,464,0.9547413793103449,0.7769931040896961,1.0,0.0897575463378241,,
0.75,0.6,0.1,10,1000,lang_reiczigel,500,36,464,0.9612068965517241,0.7939701825652713,0.8451104752370391,0.0897575463378241,,
0.75,0.6,0.1,10,1000,wilson_known,500,36,464,0.22629310344827586,0.10729511732181954,0.10235917206530937,0.0897575463378241,,
0.75,0.6,0.1,10,1000,point_rogan_gladen,500,36,464,,,,,0.09542197762725775,0.2289728376746495
0.75,0.6,0.1,20,100,judgy,500,6,494,0.937246963562753,0.5358457587074927,0.4890301112452286,0.050846153846153846,,
0.75,0.6,0.1,20,100,skill,500,6,494,0.9655870445344129,0.6973389480777186,0.6666620823457452,0.050846153846153846,,
0.75,0.6,0.1,20,100,repo,500,6,494,0.97165991902834,0.746359029632767,0.7631143427309779,0.050846153846153846,,
0.75,0.6,0.1,20,100,stratified,500,6,494,0.97165991902834,0.727418329109234,0.7160793650793646,0.050846153846153846,,
0.75,0.6,0.1,20,100,lang_reiczigel,500,6,494,0.9696356275303644,0.7428783406757292,0.7317519914503909,0.050846153846153846,,
0.75,0.6,0.1,20,100,wilson_known,500,6,494,0.645748987854251,0.3360202673611233,0.34363072500187614,0.050846153846153846,,
0.75,0.6,0.1,20,100,point_rogan_gladen,500,6,494,,,,,0.05429511783762796,0.17983049012886984
0.75,0.6,0.1,20,1000,judgy,500,7,493,0.9310344827586207,0.5261051564103855,0.49175497881355934,0.042520283975659226,,
0.75,0.6,0.1,20,1000,skill,500,7,493,0.9553752535496958,0.6779664108795462,0.6018705070993915,0.042520283975659226,,
0.75,0.6,0.1,20,1000,repo,500,7,493,0.9553752535496958,0.6845015961723016,0.6156188235294114,0.042520283975659226,,
0.75,0.6,0.1,20,1000,stratified,500,7,493,0.9553752535496958,0.6645306180006071,0.5923454545454546,0.042520283975659226,,
0.75,0.6,0.1,20,1000,lang_reiczigel,500,7,493,0.9350912778904665,0.6734231205267535,0.6105203967995525,0.042520283975659226,,
0.75,0.6,0.1,20,1000,wilson_known,500,7,493,0.24746450304259635,0.10803525471641508,0.11216698512622886,0.042520283975659226,,
0.75,0.6,0.1,20,1000,point_rogan_gladen,500,7,493,,,,,0.05687881553279476,0.18323377839003552
0.75,0.6,0.1,50,100,judgy,500,0,500,0.88,0.38022072306229754,0.3850802603041449,0.005028,,
0.75,0.6,0.1,50,100,skill,500,0,500,0.906,0.41614318142469287,0.39796275003452686,0.005028,,
0.75,0.6,0.1,50,100,repo,500,0,500,0.956,0.5336265997889802,0.5202293300348514,0.005028,,
0.75,0.6,0.1,50,100,stratified,500,0,500,0.96,0.5262820428880022,0.5073080357142846,0.005028,,
0.75,0.6,0.1,50,100,lang_reiczigel,500,0,500,0.954,0.567642832755746,0.5527809922641236,0.005028,,
0.75,0.6,0.1,50,100,wilson_known,500,0,500,0.794,0.3631768397169966,0.3851646589567035,0.005028,,
0.75,0.6,0.1,50,100,point_rogan_gladen,500,0,500,,,,,0.05172181657108375,0.15788638708566596
0.75,0.6,0.1,50,1000,judgy,500,0,500,0.944,0.3747287820383322,0.36841190724932205,0.0048579999999999995,,
0.75,0.6,0.1,50,1000,skill,500,0,500,0.954,0.4083655023362628,0.37512735047846857,0.0048579999999999995,,
0.75,0.6,0.1,50,1000,repo,500,0,500,0.962,0.42280512134061177,0.391238662676186,0.0048579999999999995,,
0.75,0.6,0.1,50,1000,stratified,500,0,500,0.958,0.4159274408594258,0.38732078853046586,0.0048579999999999995,,
0.75,0.6,0.1,50,1000,lang_reiczigel,500,0,500,0.948,0.4633307431132953,0.43693183198878754,0.0048579999999999995,,
0.75,0.6,0.1,50,1000,wilson_known,500,0,500,0.39,0.11922681904954717,0.13796873699735138,0.0048579999999999995,,
0.75,0.6,0.1,50,1000,point_rogan_gladen,500,0,500,,,,,0.02893355262447281,0.12753763888101433
0.75,0.6,0.1,100,100,judgy,500,0,500,0.792,0.27430785963200877,0.29004902262565635,0.00016,,
0.75,0.6,0.1,100,100,skill,500,0,500,0.794,0.27716600802251445,0.29290402461566467,0.00016,,
0.75,0.6,0.1,100,100,repo,500,0,500,0.936,0.421804584296904,0.4253837401952859,0.00016,,
0.75,0.6,0.1,100,100,stratified,500,0,500,0.94,0.4215657818970281,0.4230914918414913,0.00016,,
0.75,0.6,0.1,100,100,lang_reiczigel,500,0,500,0.962,0.45417042622655446,0.4571883119105675,0.00016,,
0.75,0.6,0.1,100,100,wilson_known,500,0,500,0.834,0.3459563556833891,0.36795172342992,0.00016,,
0.75,0.6,0.1,100,100,point_rogan_gladen,500,0,500,,,,,0.023626887685348416,0.13337267363301356
0.75,0.6,0.1,100,1000,judgy,500,0,500,0.93,0.29469015029631973,0.306488354720462,0.00013800000000000002,,
0.75,0.6,0.1,100,1000,skill,500,0,500,0.936,0.29482007183911785,0.30831131273948587,0.00013800000000000002,,
0.75,0.6,0.1,100,1000,repo,500,0,500,0.946,0.31389869075052684,0.3249058821672627,0.00013800000000000002,,
0.75,0.6,0.1,100,1000,stratified,500,0,500,0.944,0.3127171839628537,0.32417721188169263,0.00013800000000000002,,
0.75,0.6,0.1,100,1000,lang_reiczigel,500,0,500,0.952,0.3455743643166535,0.35138649337318567,0.00013800000000000002,,
0.75,0.6,0.1,100,1000,wilson_known,500,0,500,0.484,0.12854686878808838,0.14666506977930782,0.00013800000000000002,,
0.75,0.6,0.1,100,1000,point_rogan_gladen,500,0,500,,,,,0.016992900107868143,0.10186718230579396
0.75,0.6,0.1,200,100,judgy,500,0,500,0.7,0.21912501918619287,0.2391597693503913,0.0,,
0.75,0.6,0.1,200,100,skill,500,0,500,0.69,0.2185191150198845,0.23627943566291276,0.0,,
0.75,0.6,0.1,200,100,repo,500,0,500,0.944,0.4050703767874176,0.413142336737691,0.0,,
0.75,0.6,0.1,200,100,stratified,500,0,500,0.944,0.4044638626848602,0.4117843137254901,0.0,,
0.75,0.6,0.1,200,100,lang_reiczigel,500,0,500,0.946,0.42051474849647175,0.4286701719242918,0.0,,
0.75,0.6,0.1,200,100,wilson_known,500,0,500,0.898,0.36570039571175045,0.38286840253704774,0.0,,
0.75,0.6,0.1,200,100,point_rogan_gladen,500,0,500,,,,,0.028258291616708016,0.13052363868314126
0.75,0.6,0.1,200,1000,judgy,500,0,500,0.894,0.22837596762959114,0.23989180911691077,0.0,,
0.75,0.6,0.1,200,1000,skill,500,0,500,0.9,0.22909936676056702,0.2431229992556248,0.0,,
0.75,0.6,0.1,200,1000,repo,500,0,500,0.93,0.25307279268889854,0.263270910404664,0.0,,
0.75,0.6,0.1,200,1000,stratified,500,0,500,0.924,0.25325054397820734,0.2644121437725503,0.0,,
0.75,0.6,0.1,200,1000,lang_reiczigel,500,0,500,0.952,0.27044232389014905,0.27867887808702435,0.0,,
0.75,0.6,0.1,200,1000,wilson_known,500,0,500,0.616,0.1331024459393558,0.15317801284015448,0.0,,
0.75,0.6,0.1,200,1000,point_rogan_gladen,500,0,500,,,,,-0.0006148827597395554,0.08257484859501012
0.75,0.6,0.3,10,100,judgy,500,38,462,0.9415584415584416,0.7883396169205337,0.8606976744186046,0.0982045530340928,,
0.75,0.6,0.3,10,100,skill,500,38,462,0.9653679653679653,0.869520059316412,1.0,0.0982045530340928,,
0.75,0.6,0.3,10,100,repo,500,38,462,0.9718614718614719,0.887374610982182,1.0,0.0982045530340928,,
0.75,0.6,0.3,10,100,stratified,500,38,462,0.9718614718614719,0.8695159868240224,1.0,0.0982045530340928,,
0.75,0.6,0.3,10,100,lang_reiczigel,500,38,462,0.9848484848484849,0.8858261053006385,0.9996015618921039,0.0982045530340928,,
0.75,0.6,0.3,10,100,wilson_known,500,38,462,0.5844155844155844,0.4218236547274651,0.3843774095344825,0.0982045530340928,,
0.75,0.6,0.3,10,100,point_rogan_gladen,500,38,462,,,,,0.054558510272796026,0.28482099702114155
0.75,0.6,0.3,10,1000,judgy,500,38,462,0.9393939393939394,0.7687824090840841,0.8173931743421043,0.08990606017294363,,
0.75,0.6,0.3,10,1000,skill,500,38,462,0.9675324675324676,0.8726162970011664,1.0,0.08990606017294363,,
0.75,0.6,0.3,10,1000,repo,500,38,462,0.9696969696969697,0.8718955863388032,1.0,0.08990606017294363,,
0.75,0.6,0.3,10,1000,stratified,500,38,462,0.9632034632034632,0.8548288398440184,1.0,0.08990606017294363,,
0.75,0.6,0.3,10,1000,lang_reiczigel,500,38,462,0.9783549783549783,0.8482401739610889,0.8910846901906719,0.08990606017294363,,
0.75,0.6,0.3,10,1000,wilson_known,500,38,462,0.21645021645021645,0.13251859701476226,0.12368893342430409,0.08990606017294363,,
0.75,0.6,0.3,10,1000,point_rogan_gladen,500,38,462,,,,,0.00040718408575551797,0.25069427479402995
0.75,0.6,0.3,20,100,judgy,500,7,493,0.8924949290060852,0.6640955217665531,0.6412500000000003,0.04490365111561866,,
0.75,0.6,0.3,20,100,skill,500,7,493,0.9533468559837728,0.7741870449422358,0.82,0.04490365111561866,,
0.75,0.6,0.3,20,100,repo,500,7,493,0.9776876267748479,0.8258874291941889,0.9304999999999993,0.04490365111561866,,
0.75,0.6,0.3,20,100,stratified,500,7,493,0.9695740365111561,0.809583056399727,0.8666666666666665,0.04490365111561866,,
0.75,0.6,0.3,20,100,lang_reiczigel,500,7,493,0.9756592292089249,0.8052062371547417,0.8102918001173501,0.04490365111561866,,
0.75,0.6,0.3,20,100,wilson_known,500,7,493,0.6855983772819473,0.43188025068333447,0.4253524227343526,0.04490365111561866,,
0.75,0.6,0.3,20,100,point_rogan_gladen,500,7,493,,,,,0.0053858548483295314,0.24908759092622407
0.75,0.6,0.3,20,1000,judgy,500,6,494,0.9352226720647774,0.6922038678023724,0.6685789339438143,0.041046558704453444,,
0.75,0.6,0.3,20,1000,skill,500,6,494,0.9655870445344129,0.7784734306272245,0.8006403489191726,0.041046558704453444,,
0.75,0.6,0.3,20,1000,repo,500,6,494,0.97165991902834,0.7862825916578562,0.8342972302697299,0.041046558704453444,,
0.75,0.6,0.3,20,1000,stratified,500,6,494,0.9635627530364372,0.7626408506187456,0.7651041666666665,0.041046558704453444,,
0.75,0.6,0.3,20,1000,lang_reiczigel,500,6,494,0.9635627530364372,0.7470752397518737,0.7340619544967109,0.041046558704453444,,
0.75,0.6,0.3,20,1000,wilson_known,500,6,494,0.26720647773279355,0.1575758146549839,0.15432612533947015,0.041046558704453444,,
0.75,0.6,0.3,20,1000,point_rogan_gladen,500,6,494,,,,,0.0059843725774900046,0.21877473378109627
0.75,0.6,0.3,50,100,judgy,500,0,500,0.838,0.5021997299538932,0.4864859069389035,0.003606,,
0.75,0.6,0.3,50,100,skill,500,0,500,0.848,0.517108423243364,0.49521302871415845,0.003606,,
0.75,0.6,0.3,50,100,repo,500,0,500,0.94,0.6635251065857692,0.6408745264442446,0.003606,,
0.75,0.6,0.3,50,100,stratified,500,0,500,0.942,0.6588863509405471,0.6414999999999998,0.003606,,
0.75,0.6,0.3,50,100,lang_reiczigel,500,0,500,0.958,0.6641559248206145,0.6463759304340126,0.003606,,
0.75,0.6,0.3,50,100,wilson_known,500,0,500,0.818,0.47110861078992644,0.47407984435068784,0.003606,,
0.75,0.6,0.3,50,100,point_rogan_gladen,500,0,500,,,,,-0.004997697735864019,0.19072165637177543
0.75,0.6,0.3,50,1000,judgy,500,0,500,0.948,0.5302558798606306,0.4981711999119551,0.005013,,
0.75,0.6,0.3,50,1000,skill,500,0,500,0.95,0.5518573189003492,0.5037917269208505,0.005013,,
0.75,0.6,0.3,50,1000,repo,500,0,500,0.96,0.5694909546952286,0.5254654128634124,0.005013,,
0.75,0.6,0.3,50,1000,stratified,500,0,500,0.958,0.5627387474690339,0.5224868024132728,0.005013,,
0.75,0.6,0.3,50,1000,lang_reiczigel,500,0,500,0.962,0.5609444492803266,0.5353653609344717,0.005013,,
0.75,0.6,0.3,50,1000,wilson_known,500,0,500,0.416,0.17279662503710522,0.16811571511549728,0.005013,,
0.75,0.6,0.3,50,1000,point_rogan_gladen,500,0,500,,,,,-0.016772090065437333,0.15524144885291516
0.75,0.6,0.3,100,100,judgy,500,0,500,0.778,0.3881563261912479,0.37440386777382517,0.000121,,
0.75,0.6,0.3,100,100,skill,500,0,500,0.77,0.3895938986299827,0.37537158560739164,0.000121,,
0.75,0.6,0.3,100,100,repo,500,0,500,0.95,0.6020163338450375,0.5966135319864903,0.000121,,
0.75,0.6,0.3,100,100,stratified,500,0,500,0.948,0.6023959303956192,0.5999999999999996,0.000121,,
0.75,0.6,0.3,100,100,lang_reiczigel,500,0,500,0.956,0.5992563933203037,0.5862900477083113,0.000121,,
0.75,0.6,0.3,100,100,wilson_known,500,0,500,0.902,0.49330010693558246,0.4847990599842069,0.000121,,
0.75,0.6,0.3,100,100,point_rogan_gladen,500,0,500,,,,,0.0015385784591482228,0.16899366164754492
0.75,0.6,0.3,100,1000,judgy,500,0,500,0.936,0.4001621893432077,0.3894014807581886,0.00011,,
0.75,0.6,0.3,100,1000,skill,500,0,500,0.94,0.4014811383248685,0.3934925341733302,0.00011,,
0.75,0.6,0.3,100,1000,repo,500,0,500,0.956,0.42987655598551,0.4188621054211461,0.00011,,
0.75,0.6,0.3,100,1000,stratified,500,0,500,0.958,0.4307523994773668,0.4195352642276422,0.00011,,
0.75,0.6,0.3,100,1000,lang_reiczigel,500,0,500,0.976,0.4282022693439903,0.4186427000354147,0.00011,,
0.75,0.6,0.3,100,1000,wilson_known,500,0,500,0.504,0.17490337178932003,0.171654351667993,0.00011,,
0.75,0.6,0.3,100,1000,point_rogan_gladen,500,0,500,,,,,-0.012648904091626379,0.12134837026471608
0.75,0.6,0.3,200,100,judgy,500,0,500,0.628,0.286035914833065,0.28497676236427427,0.0,,
0.75,0.6,0.3,200,100,skill,500,0,500,0.634,0.28658046923484914,0.28691102557936715,0.0,,
0.75,0.6,0.3,200,100,repo,500,0,500,0.956,0.5582135292263215,0.5629478938260126,0.0,,
0.75,0.6,0.3,200,100,stratified,500,0,500,0.954,0.5586779229631837,0.5614309210526314,0.0,,
0.75,0.6,0.3,200,100,lang_reiczigel,500,0,500,0.96,0.5550707256319609,0.55801769501938,0.0,,
0.75,0.6,0.3,200,100,wilson_known,500,0,500,0.936,0.4991045296003274,0.5055157308853091,0.0,,
0.75,0.6,0.3,200,100,point_rogan_gladen,500,0,500,,,,,0.003235069224469654,0.15525103981262878
0.75,0.6,0.3,200,1000,judgy,500,0,500,0.906,0.3005630583554049,0.29829764399158076,0.0,,
0.75,0.6,0.3,200,1000,skill,500,0,500,0.904,0.3004740684798377,0.29753697157692494,0.0,,
0.75,0.6,0.3,200,1000,repo,500,0,500,0.95,0.34661409822493305,0.3432014437753257,0.0,,
0.75,0.6,0.3,200,1000,stratified,500,0,500,0.944,0.34603980183983324,0.34202955501697857,0.0,,
0.75,0.6,0.3,200,1000,lang_reiczigel,500,0,500,0.952,0.34094010951568715,0.3373752310464254,0.0,,
0.75,0.6,0.3,200,1000,wilson_known,500,0,500,0.672,0.17842606635054617,0.17425143279233823,0.0,,
0.75,0.6,0.3,200,1000,point_rogan_gladen,500,0,500,,,,,-0.002840043713275646,0.0900363479749826
0.75,0.6,0.5,10,100,judgy,500,43,457,0.9015317286652079,0.8053583993518384,0.8800000000000001,0.08991915706211968,,
0.75,0.6,0.5,10,100,skill,500,43,457,0.9518599562363238,0.8890708753741167,1.0,0.08991915706211968,,
0.75,0.6,0.5,10,100,repo,500,43,457,0.9606126914660832,0.9064193474810853,1.0,0.08991915706211968,,
0.75,0.6,0.5,10,100,stratified,500,43,457,0.9562363238512035,0.8882222526136639,1.0,0.08991915706211968,,
0.75,0.6,0.5,10,100,lang_reiczigel,500,43,457,0.9824945295404814,0.8882556234045433,0.9935688717834315,0.08991915706211968,,
0.75,0.6,0.5,10,100,wilson_known,500,43,457,0.6214442013129103,0.4268054262941596,0.3840065014111871,0.08991915706211968,,
0.75,0.6,0.5,10,100,point_rogan_gladen,500,43,457,,,,,-0.009793338195963995,0.2937793005146469
0.75,0.6,0.5,10,1000,judgy,500,36,464,0.9288793103448276,0.8062010899065503,0.8995808823529414,0.09238469827586206,,
0.75,0.6,0.5,10,1000,skill,500,36,464,0.9504310344827587,0.8644795657865991,1.0,0.09238469827586206,,
0.75,0.6,0.5,10,1000,repo,500,36,464,0.9482758620689655,0.8688440613462016,1.0,0.09238469827586206,,
0.75,0.6,0.5,10,1000,stratified,500,36,464,0.9396551724137931,0.848938341543514,1.0,0.09238469827586206,,
0.75,0.6,0.5,10,1000,lang_reiczigel,500,36,464,0.9956896551724138,0.8546169354026062,0.9218165793364939,0.09238469827586206,,
0.75,0.6,0.5,10,1000,wilson_known,500,36,464,0.22198275862068967,0.15044503782164986,0.12307854141374586,0.09238469827586206,,
0.75,0.6,0.5,10,1000,point_rogan_gladen,500,36,464,,,,,-0.0005606270525452227,0.2851678082057202
0.75,0.6,0.5,20,100,judgy,500,11,489,0.8936605316973415,0.7479673969087793,0.7521156524160981,0.04134560327198364,,
0.75,0.6,0.5,20,100,skill,500,11,489,0.9386503067484663,0.8134394426177073,0.8740884615384631,0.04134560327198364,,
0.75,0.6,0.5,20,100,repo,500,11,489,0.9713701431492843,0.8631300789473634,0.9916191950464397,0.04134560327198364,,
0.75,0.6,0.5,20,100,stratified,500,11,489,0.9734151329243353,0.8508134875937113,0.9441666666666642,0.04134560327198364,,
0.75,0.6,0.5,20,100,lang_reiczigel,500,11,489,0.9918200408997955,0.827914510784156,0.8462922312929286,0.04134560327198364,,
0.75,0.6,0.5,20,100,wilson_known,500,11,489,0.7259713701431493,0.4890832754383469,0.47149031694119836,0.04134560327198364,,
0.75,0.6,0.5,20,100,point_rogan_gladen,500,11,489,,,,,-0.00010834087521201545,0.2616273468418592
0.75,0.6,0.5,20,1000,judgy,500,12,488,0.944672131147541,0.7656499326978718,0.7739607541478134,0.04340881147540984,,
0.75,0.6,0.5,20,1000,skill,500,12,488,0.9672131147540983,0.8178584694183889,0.870616087912087,0.04340881147540984,,
0.75,0.6,0.5,20,1000,repo,500,12,488,0.9713114754098361,0.8243761371996564,0.8900744961025997,0.04340881147540984,,
0.75,0.6,0.5,20,1000,stratified,500,12,488,0.9692622950819673,0.8087326909156751,0.838191666666666,0.04340881147540984,,
0.75,0.6,0.5,20,1000,lang_reiczigel,500,12,488,0.9918032786885246,0.7689622131690763,0.7698635144028563,0.04340881147540984,,
0.75,0.6,0.5,20,1000,wilson_known,500,12,488,0.3237704918032787,0.17026475303394173,0.1533243072671614,0.04340881147540984,,
0.75,0.6,0.5,20,1000,point_rogan_gladen,500,12,488,,,,,-0.012765277868761494,0.24220823224232363
0.75,0.6,0.5,50,100,judgy,500,0,500,0.834,0.5700625554820008,0.5365326855293422,0.0047279999999999996,,
0.75,0.6,0.5,50,100,skill,500,0,500,0.852,0.5858157311833263,0.5400470689251426,0.0047279999999999996,,
0.75,0.6,0.5,50,100,repo,500,0,500,0.978,0.7396543204339179,0.7128805355115135,0.0047279999999999996,,
0.75,0.6,0.5,50,100,stratified,500,0,500,0.978,0.737008048360792,0.7098853137746324,0.0047279999999999996,,
0.75,0.6,0.5,50,100,lang_reiczigel,500,0,500,0.992,0.712945329034632,0.6852337175503126,0.0047279999999999996,,
0.75,0.6,0.5,50,100,wilson_known,500,0,500,0.866,0.5257445536431499,0.5013503138599362,0.0047279999999999996,,
0.75,0.6,0.5,50,100,point_rogan_gladen,500,0,500,,,,,-0.0020100439844720984,0.1954400769671203
0.75,0.6,0.5,50,1000,judgy,500,0,500,0.916,0.6196205828920666,0.5862885334264331,0.004508000000000001,,
0.75,0.6,0.5,50,1000,skill,500,0,500,0.934,0.6341263979779318,0.595027060389522,0.004508000000000001,,
0.75,0.6,0.5,50,1000,repo,500,0,500,0.946,0.6534746253086002,0.6160202354178785,0.004508000000000001,,
0.75,0.6,0.5,50,1000,stratified,500,0,500,0.948,0.6479437079944025,0.618339037698413,0.004508000000000001,,
0.75,0.6,0.5,50,1000,lang_reiczigel,500,0,500,0.974,0.5992367309801507,0.5802038408833474,0.004508000000000001,,
0.75,0.6,0.5,50,1000,wilson_known,500,0,500,0.474,0.1884271856620101,0.1793364538724581,0.004508000000000001,,
0.75,0.6,0.5,50,1000,point_rogan_gladen,500,0,500,,,,,-0.012190863412108953,0.16019978842409532
0.75,0.6,0.5,100,100,judgy,500,0,500,0.712,0.40960324926067687,0.3977039161479128,9.400000000000001e-05,,
0.75,0.6,0.5,100,100,skill,500,0,500,0.716,0.41163878584150465,0.40234170750490206,9.400000000000001e-05,,
0.75,0.6,0.5,100,100,repo,500,0,500,0.942,0.663047640600949,0.6551810246258053,9.400000000000001e-05,,
0.75,0.6,0.5,100,100,stratified,500,0,500,0.95,0.6637198418192595,0.6552128232758618,9.400000000000001e-05,,
0.75,0.6,0.5,100,100,lang_reiczigel,500,0,500,0.962,0.6409463960706965,0.6294271152502648,9.400000000000001e-05,,
0.75,0.6,0.5,100,100,wilson_known,500,0,500,0.894,0.5306573096860511,0.5217013142629479,9.400000000000001e-05,,
0.75,0.6,0.5,100,100,point_rogan_gladen,500,0,500,,,,,-0.008372525194862522,0.17227331744832225
0.75,0.6,0.5,100,1000,judgy,500,0,500,0.922,0.42814051524805147,0.40911264962472704,0.000115,,
0.75,0.6,0.5,100,1000,skill,500,0,500,0.928,0.42686040838610595,0.40872822052306657,0.000115,,
0.75,0.6,0.5,100,1000,repo,500,0,500,0.95,0.46665298393465887,0.4460284654077381,0.000115,,
0.75,0.6,0.5,100,1000,stratified,500,0,500,0.95,0.4654921783498651,0.44782043301773644,0.000115,,
0.75,0.6,0.5,100,1000,lang_reiczigel,500,0,500,0.968,0.43402377822560806,0.4191201598082965,0.000115,,
0.75,0.6,0.5,100,1000,wilson_known,500,0,500,0.602,0.18115293200146554,0.17453324867062994,0.000115,,
0.75,0.6,0.5,100,1000,point_rogan_gladen,500,0,500,,,,,0.0027540364302779635,0.11114846429189412
0.75,0.6,0.5,200,100,judgy,500,0,500,0.548,0.2909977486654899,0.28644664079624005,0.0,,
0.75,0.6,0.5,200,100,skill,500,0,500,0.54,0.29119236420203126,0.28510157819465415,0.0,,
0.75,0.6,0.5,200,100,repo,500,0,500,0.948,0.6155839908942232,0.6113794171565156,0.0,,
0.75,0.6,0.5,200,100,stratified,500,0,500,0.952,0.6143294055368019,0.6114096030924445,0.0,,
0.75,0.6,0.5,200,100,lang_reiczigel,500,0,500,0.958,0.6008113697815681,0.5988305120889807,0.0,,
0.75,0.6,0.5,200,100,wilson_known,500,0,500,0.908,0.5402599231607351,0.5365745413647094,0.0,,
0.75,0.6,0.5,200,100,point_rogan_gladen,500,0,500,,,,,-0.007920573495346521,0.16888766323672294
0.75,0.6,0.5,200,1000,judgy,500,0,500,0.9,0.278471874749886,0.27238575623072103,0.0,,
0.75,0.6,0.5,200,1000,skill,500,0,500,0.904,0.27869321416191073,0.2716809219098554,0.0,,
0.75,0.6,0.5,200,1000,repo,500,0,500,0.95,0.33420720203251997,0.32896665489410404,0.0,,
0.75,0.6,0.5,200,1000,stratified,500,0,500,0.96,0.33381583563585643,0.32658260379511705,0.0,,
0.75,0.6,0.5,200,1000,lang_reiczigel,500,0,500,0.962,0.3220535398581249,0.31642167082196043,0.0,,
0.75,0.6,0.5,200,1000,wilson_known,500,0,500,0.71,0.1766800004017657,0.173767410712304,0.0,,
0.75,0.6,0.5,200,1000,point_rogan_gladen,500,0,500,,,,,0.0012173639311142852,0.08145685888843411
0.75,0.6,0.7,10,100,judgy,500,37,463,0.8790496760259179,0.7541700317092139,0.8000000000000007,0.0920324314425031,,
0.75,0.6,0.7,10,100,skill,500,37,463,0.9265658747300216,0.8568363129228906,1.0,0.0920324314425031,,
0.75,0.6,0.7,10,100,repo,500,37,463,0.9416846652267818,0.876718826555648,1.0,0.0920324314425031,,
0.75,0.6,0.7,10,100,stratified,500,37,463,0.9416846652267818,0.848532028866262,1.0,0.0920324314425031,,
0.75,0.6,0.7,10,100,lang_reiczigel,500,37,463,0.9827213822894169,0.8430835271721119,0.9667981445131326,0.0920324314425031,,
0.75,0.6,0.7,10,100,wilson_known,500,37,463,0.5658747300215983,0.39423241083073385,0.3652150069585445,0.0920324314425031,,
0.75,0.6,0.7,10,100,point_rogan_gladen,500,37,463,,,,,-0.04398848092152624,0.28439837806468
0.75,0.6,0.7,10,1000,judgy,500,33,467,0.9143468950749465,0.7739241922098868,0.8226000000000001,0.08860920770877943,,
0.75,0.6,0.7,10,1000,skill,500,33,467,0.9271948608137045,0.8609498653352907,1.0,0.08860920770877943,,
0.75,0.6,0.7,10,1000,repo,500,33,467,0.9271948608137045,0.8609381609369344,1.0,0.08860920770877943,,
0.75,0.6,0.7,10,1000,stratified,500,33,467,0.9271948608137045,0.8271820665935896,0.9081250000000002,0.08860920770877943,,
0.75,0.6,0.7,10,1000,lang_reiczigel,500,33,467,0.9957173447537473,0.8107374688453942,0.8556341609945005,0.08860920770877943,,
0.75,0.6,0.7,10,1000,wilson_known,500,33,467,0.21199143468950749,0.13414399136734773,0.11857390565684867,0.08860920770877943,,
0.75,0.6,0.7,10,1000,point_rogan_gladen,500,33,467,,,,,-0.05058094558308683,0.26363109425361236
0.75,0.6,0.7,20,100,judgy,500,6,494,0.8906882591093117,0.6804365575847644,0.6702024608852395,0.03833299595141701,,
0.75,0.6,0.7,20,100,skill,500,6,494,0.9311740890688259,0.764190856791228,0.8005142045454547,0.03833299595141701,,
0.75,0.6,0.7,20,100,repo,500,6,494,0.951417004048583,0.8171682532081854,0.9011617647058823,0.03833299595141701,,
0.75,0.6,0.7,20,100,stratified,500,6,494,0.9534412955465587,0.8012130971073725,0.8703124999999996,0.03833299595141701,,
0.75,0.6,0.7,20,100,lang_reiczigel,500,6,494,0.9736842105263158,0.7699541100234483,0.7813858160222126,0.03833299595141701,,
0.75,0.6,0.7,20,100,wilson_known,500,6,494,0.7105263157894737,0.4405025606856092,0.41733575439477416,0.03833299595141701,,
0.75,0.6,0.7,20,100,point_rogan_gladen,500,6,494,,,,,-0.020263219686296546,0.23485492874776742
0.75,0.6,0.7,20,1000,judgy,500,8,492,0.943089430894309,0.7115767300541502,0.6824935163659616,0.04510772357723577,,
0.75,0.6,0.7,20,1000,skill,500,8,492,0.9634146341463414,0.7827555022741505,0.8665804098747932,0.04510772357723577,,
0.75,0.6,0.7,20,1000,repo,500,8,492,0.9634146341463414,0.7916792301922962,0.8783989999999993,0.04510772357723577,,
0.75,0.6,0.7,20,1000,stratified,500,8,492,0.9634146341463414,0.7704433841879693,0.8291000000000002,0.04510772357723577,,
0.75,0.6,0.7,20,1000,lang_reiczigel,500,8,492,0.9857723577235772,0.7233490333933336,0.7102023301986267,0.04510772357723577,,
0.75,0.6,0.7,20,1000,wilson_known,500,8,492,0.2886178861788618,0.1568194840356587,0.1475079005942398,0.04510772357723577,,
0.75,0.6,0.7,20,1000,point_rogan_gladen,500,8,492,,,,,-0.00569115279481124,0.21740418929978175
0.75,0.6,0.7,50,100,judgy,500,0,500,0.828,0.5276142048156732,0.5036435180612988,0.004362,,
0.75,0.6,0.7,50,100,skill,500,0,500,0.84,0.5449488985851035,0.5092269030105877,0.004362,,
0.75,0.6,0.7,50,100,repo,500,0,500,0.968,0.6901141486272193,0.6834449368445761,0.004362,,
0.75,0.6,0.7,50,100,stratified,500,0,500,0.968,0.6862888174388224,0.6830442583732055,0.004362,,
0.75,0.6,0.7,50,100,lang_reiczigel,500,0,500,0.978,0.6697010773174811,0.6627928354984618,0.004362,,
0.75,0.6,0.7,50,100,wilson_known,500,0,500,0.832,0.49411336603087114,0.48054606178755804,0.004362,,
0.75,0.6,0.7,50,100,point_rogan_gladen,500,0,500,,,,,-0.00511197457636464,0.18328987885973388
0.75,0.6,0.7,50,1000,judgy,500,0,500,0.948,0.5351404270046914,0.5084785680871085,0.0052840000000000005,,
0.75,0.6,0.7,50,1000,skill,500,0,500,0.95,0.5527421632378825,0.5164085609012958,0.0052840000000000005,,
0.75,0.6,0.7,50,1000,repo,500,0,500,0.964,0.5712038964160513,0.534140072430141,0.0052840000000000005,,
0.75,0.6,0.7,50,1000,stratified,500,0,500,0.964,0.5666822497951564,0.5312749474789913,0.0052840000000000005,,
0.75,0.6,0.7,50,1000,lang_reiczigel,500,0,500,0.972,0.537067778926859,0.5188850582828524,0.0052840000000000005,,
0.75,0.6,0.7,50,1000,wilson_known,500,0,500,0.486,0.17076065867883858,0.16389766732693314,0.0052840000000000005,,
0.75,0.6,0.7,50,1000,point_rogan_gladen,500,0,500,,,,,0.01060830108111431,0.14224026362109682
0.75,0.6,0.7,100,100,judgy,500,0,500,0.732,0.37926382049399887,0.3725092363510225,0.000224,,
0.75,0.6,0.7,100,100,skill,500,0,500,0.732,0.3803418173991298,0.3703134986395292,0.000224,,
0.75,0.6,0.7,100,100,repo,500,0,500,0.942,0.5947054072232236,0.5909344782797324,0.000224,,
0.75,0.6,0.7,100,100,stratified,500,0,500,0.948,0.59534853236652,0.5935968978937729,0.000224,,
0.75,0.6,0.7,100,100,lang_reiczigel,500,0,500,0.968,0.5895442548855936,0.5846849244725613,0.000224,,
0.75,0.6,0.7,100,100,wilson_known,500,0,500,0.902,0.4911268441353229,0.49004144515625514,0.000224,,
0.75,0.6,0.7,100,100,point_rogan_gladen,500,0,500,,,,,0.00459452468966748,0.16593471401794777
0.75,0.6,0.7,100,1000,judgy,500,0,500,0.912,0.39283702575957274,0.38722578724280154,0.000104,,
0.75,0.6,0.7,100,1000,skill,500,0,500,0.902,0.3925369151765103,0.3850040298215652,0.000104,,
0.75,0.6,0.7,100,1000,repo,500,0,500,0.932,0.42541774146624867,0.41522930177465367,0.000104,,
0.75,0.6,0.7,100,1000,stratified,500,0,500,0.936,0.42337576430179164,0.414497500162856,0.000104,,
0.75,0.6,0.7,100,1000,lang_reiczigel,500,0,500,0.946,0.41078706568394807,0.40288054172843457,0.000104,,
0.75,0.6,0.7,100,1000,wilson_known,500,0,500,0.544,0.17150837655044307,0.16760649318820847,0.000104,,
0.75,0.6,0.7,100,1000,point_rogan_gladen,500,0,500,,,,,0.0009752410090888547,0.11585587914269437
0.75,0.6,0.7,200,100,judgy,500,0,500,0.608,0.2689698528487404,0.2651341849746336,0.0,,
0.75,0.6,0.7,200,100,skill,500,0,500,0.616,0.26815395457834523,0.2647081293442649,0.0,,
0.75,0.6,0.7,200,100,repo,500,0,500,0.942,0.5423630036897358,0.549497306325194,0.0,,
0.75,0.6,0.7,200,100,stratified,500,0,500,0.944,0.5420566944595744,0.5491462153687385,0.0,,
0.75,0.6,0.7,200,100,lang_reiczigel,500,0,500,0.954,0.5394837267329937,0.5414266360296413,0.0,,
0.75,0.6,0.7,200,100,wilson_known,500,0,500,0.916,0.48705519567946565,0.49285100377865176,0.0,,
0.75,0.6,0.7,200,100,point_rogan_gladen,500,0,500,,,,,0.006889931952636827,0.1495592182806378
0.75,0.6,0.7,200,1000,judgy,500,0,500,0.91,0.28492742217685696,0.27993295467583973,0.0,,
0.75,0.6,0.7,200,1000,skill,500,0,500,0.91,0.28501189974035823,0.2786256966799804,0.0,,
0.75,0.6,0.7,200,1000,repo,500,0,500,0.956,0.3326865013325597,0.3264297263288132,0.0,,
0.75,0.6,0.7,200,1000,stratified,500,0,500,0.958,0.33264893767288195,0.3283999991074802,0.0,,
0.75,0.6,0.7,200,1000,lang_reiczigel,500,0,500,0.962,0.32527979072069807,0.3229147134794943,0.0,,
0.75,0.6,0.7,200,1000,wilson_known,500,0,500,0.692,0.1728844117818987,0.1694729338203549,0.0,,
0.75,0.6,0.7,200,1000,point_rogan_gladen,500,0,500,,,,,0.0062299469998245436,0.08344147273180048
0.75,0.6,0.9,10,100,judgy,500,41,459,0.9237472766884531,0.6523237954421391,0.6204787961696306,0.09335661022232249,,
0.75,0.6,0.9,10,100,skill,500,41,459,0.9455337690631809,0.8149827762590465,1.0,0.09335661022232249,,
0.75,0.6,0.9,10,100,repo,500,41,459,0.9498910675381264,0.8356837026249634,1.0,0.09335661022232249,,
0.75,0.6,0.9,10,100,stratified,500,41,459,0.9455337690631809,0.7967888288031263,1.0,0.09335661022232249,,
0.75,0.6,0.9,10,100,lang_reiczigel,500,41,459,0.9869281045751634,0.7764356759203326,0.8380705075358686,0.09335661022232249,,
0.75,0.6,0.9,10,100,wilson_known,500,41,459,0.4880174291938998,0.31062222939966905,0.2930887730708238,0.09335661022232249,,
0.75,0.6,0.9,10,100,point_rogan_gladen,500,41,459,,,,,-0.10680222706366499,0.2519079578076183
0.75,0.6,0.9,10,1000,judgy,500,49,451,0.9090909090909091,0.6898458760558155,0.672,0.0941197544448499,,
0.75,0.6,0.9,10,1000,skill,500,49,451,0.926829268292683,0.8360138810393187,1.0,0.0941197544448499,,
0.75,0.6,0.9,10,1000,repo,500,49,451,0.926829268292683,0.8398573023769071,1.0,0.0941197544448499,,
0.75,0.6,0.9,10,1000,stratified,500,49,451,0.9246119733924612,0.8065978069017703,1.0,0.0941197544448499,,
0.75,0.6,0.9,10,1000,lang_reiczigel,500,49,451,0.9379157427937915,0.7613604728616928,0.8422505768155688,0.0941197544448499,,
0.75,0.6,0.9,10,1000,wilson_known,500,49,451,0.11086474501108648,0.09721392152639527,0.09350998021373808,0.0941197544448499,,
0.75,0.6,0.9,10,1000,point_rogan_gladen,500,49,451,,,,,-0.10793949072607617,0.2496750150419429
0.75,0.6,0.9,20,100,judgy,500,4,496,0.907258064516129,0.5578966142933703,0.5131001432391136,0.040805443548387096,,
0.75,0.6,0.9,20,100,skill,500,4,496,0.9274193548387096,0.693062000761426,0.6850809530542985,0.040805443548387096,,
0.75,0.6,0.9,20,100,repo,500,4,496,0.9556451612903226,0.7491746322767062,0.7901115956072353,0.040805443548387096,,
0.75,0.6,0.9,20,100,stratified,500,4,496,0.9495967741935484,0.723382894948629,0.734940476190476,0.040805443548387096,,
0.75,0.6,0.9,20,100,lang_reiczigel,500,4,496,0.9637096774193549,0.6952332013596999,0.6744473577878061,0.040805443548387096,,
0.75,0.6,0.9,20,100,wilson_known,500,4,496,0.6350806451612904,0.3546028723516488,0.3472568845115713,0.040805443548387096,,
0.75,0.6,0.9,20,100,point_rogan_gladen,500,4,496,,,,,-0.0806767179952664,0.20009957937910094
0.75,0.6,0.9,20,1000,judgy,500,6,494,0.9331983805668016,0.5464747785800396,0.49581029456958664,0.04317712550607288,,
0.75,0.6,0.9,20,1000,skill,500,6,494,0.951417004048583,0.6997971102370338,0.7017985585297131,0.04317712550607288,,
0.75,0.6,0.9,20,1000,repo,500,6,494,0.9534412955465587,0.7090311564720007,0.7160860583522168,0.04317712550607288,,
0.75,0.6,0.9,20,1000,stratified,500,6,494,0.9473684210526315,0.6802703761216478,0.6562222222222223,0.04317712550607288,,
0.75,0.6,0.9,20,1000,lang_reiczigel,500,6,494,0.97165991902834,0.6389646035245758,0.5945626125687388,0.04317712550607288,,
0.75,0.6,0.9,20,1000,wilson_known,500,6,494,0.25101214574898784,0.10241991813074644,0.10927324033515329,0.04317712550607288,,
0.75,0.6,0.9,20,1000,point_rogan_gladen,500,6,494,,,,,-0.049060533258913894,0.16027178473752995
0.75,0.6,0.9,50,100,judgy,500,0,500,0.88,0.35389270888661656,0.3454496911748292,0.004144,,
0.75,0.6,0.9,50,100,skill,500,0,500,0.894,0.38792963524176916,0.36434500985199464,0.004144,,
0.75,0.6,0.9,50,100,repo,500,0,500,0.956,0.5004883114571681,0.47562469917468825,0.004144,,
0.75,0.6,0.9,50,100,stratified,500,0,500,0.96,0.49436326524724256,0.46825856854838727,0.004144,,
0.75,0.6,0.9,50,100,lang_reiczigel,500,0,500,0.974,0.5201228514684341,0.5028045290061595,0.004144,,
0.75,0.6,0.9,50,100,wilson_known,500,0,500,0.794,0.3428185419381938,0.3545642846827062,0.004144,,
0.75,0.6,0.9,50,100,point_rogan_gladen,500,0,500,,,,,-0.03353909365405314,0.13907524626350398
0.75,0.6,0.9,50,1000,judgy,500,0,500,0.93,0.34599701698968716,0.34267026981897397,0.004444000000000001,,
0.75,0.6,0.9,50,1000,skill,500,0,500,0.94,0.38112070089888517,0.3512881074427018,0.004444000000000001,,
0.75,0.6,0.9,50,1000,repo,500,0,500,0.954,0.39774793387194624,0.3657220424504805,0.004444000000000001,,
0.75,0.6,0.9,50,1000,stratified,500,0,500,0.952,0.3888604508168431,0.360317231656728,0.004444000000000001,,
0.75,0.6,0.9,50,1000,lang_reiczigel,500,0,500,0.958,0.41853133014158117,0.3953504581835644,0.004444000000000001,,
0.75,0.6,0.9,50,1000,wilson_known,500,0,500,0.376,0.10866670838499055,0.1252590435339076,0.004444000000000001,,
0.75,0.6,0.9,50,1000,point_rogan_gladen,500,0,500,,,,,-0.012132284084421418,0.11138613753589134
0.75,0.6,0.9,100,100,judgy,500,0,500,0.798,0.25933867904739666,0.26853725341522494,0.00032400000000000007,,
0.75,0.6,0.9,100,100,skill,500,0,500,0.798,0.2630456323577652,0.2688833584369414,0.00032400000000000007,,
0.75,0.6,0.9,100,100,repo,500,0,500,0.936,0.40689966545865686,0.4026768569883513,0.00032400000000000007,,
0.75,0.6,0.9,100,100,stratified,500,0,500,0.942,0.40534854535328724,0.39999999999999974,0.00032400000000000007,,
0.75,0.6,0.9,100,100,lang_reiczigel,500,0,500,0.942,0.4367339339338871,0.43044498967610756,0.00032400000000000007,,
0.75,0.6,0.9,100,100,wilson_known,500,0,500,0.864,0.34106574590590233,0.35338451140653876,0.00032400000000000007,,
0.75,0.6,0.9,100,100,point_rogan_gladen,500,0,500,,,,,-0.021614203580113216,0.1309461879593896
0.75,0.6,0.9,100,1000,judgy,500,0,500,0.918,0.27482253734302764,0.2786558010542527,0.00020600000000000002,,
0.75,0.6,0.9,100,1000,skill,500,0,500,0.92,0.2782629676569352,0.2814457436494233,0.00020600000000000002,,
0.75,0.6,0.9,100,1000,repo,500,0,500,0.932,0.2962933700837768,0.2968137604379701,0.00020600000000000002,,
0.75,0.6,0.9,100,1000,stratified,500,0,500,0.932,0.2942122191001847,0.2972657266788365,0.00020600000000000002,,
0.75,0.6,0.9,100,1000,lang_reiczigel,500,0,500,0.95,0.3161958904971083,0.31628400350262803,0.00020600000000000002,,
0.75,0.6,0.9,100,1000,wilson_known,500,0,500,0.482,0.12165706651648593,0.13701416523080595,0.00020600000000000002,,
0.75,0.6,0.9,100,1000,point_rogan_gladen,500,0,500,,,,,-0.008857056030534409,0.09528651473450876
0.75,0.6,0.9,200,100,judgy,500,0,500,0.68,0.20005105012684488,0.22376591976683102,0.0,,
0.75,0.6,0.9,200,100,skill,500,0,500,0.674,0.19988212466911284,0.22303647328123904,0.0,,
0.75,0.6,0.9,200,100,repo,500,0,500,0.942,0.3750980007684229,0.3829444099130464,0.0,,
0.75,0.6,0.9,200,100,stratified,500,0,500,0.944,0.3751500567328535,0.3841335551577417,0.0,,
0.75,0.6,0.9,200,100,lang_reiczigel,500,0,500,0.96,0.39490787840485414,0.40614962537728905,0.0,,
0.75,0.6,0.9,200,100,wilson_known,500,0,500,0.888,0.34887083345146724,0.3676479541463994,0.0,,
0.75,0.6,0.9,200,100,point_rogan_gladen,500,0,500,,,,,-0.017735233757701578,0.11706998302371786
0.75,0.6,0.9,200,1000,judgy,500,0,500,0.906,0.21722385434120867,0.22850824906625816,1e-06,,
0.75,0.6,0.9,200,1000,skill,500,0,500,0.908,0.2170998426847027,0.2292320575282462,1e-06,,
0.75,0.6,0.9,200,1000,repo,500,0,500,0.95,0.24165782668864771,0.2518882331165832,1e-06,,
0.75,0.6,0.9,200,1000,stratified,500,0,500,0.948,0.2418176725769337,0.25596007969517964,1e-06,,
0.75,0.6,0.9,200,1000,lang_reiczigel,500,0,500,0.966,0.25289447645219887,0.2619310834440728,1e-06,,
0.75,0.6,0.9,200,1000,wilson_known,500,0,500,0.62,0.12888011620814843,0.14105164349171445,1e-06,,
0.75,0.6,0.9,200,1000,point_rogan_gladen,500,0,500,,,,,-0.00043200145406919256,0.07568339173679109
0.75,0.75,0.1,10,100,judgy,500,5,495,0.907070707070707,0.4909904511626385,0.4333333333333333,0.042450597015679555,,
0.75,0.75,0.1,10,100,skill,500,5,495,0.9232323232323232,0.6278268999413175,0.5485714285714285,0.042450597015679555,,
0.75,0.75,0.1,10,100,repo,500,5,495,0.9252525252525252,0.6578510768603144,0.5951249999999995,0.042450597015679555,,
0.75,0.75,0.1,10,100,stratified,500,5,495,0.9232323232323232,0.6107747594997596,0.5333333333333338,0.042450597015679555,,
0.75,0.75,0.1,10,100,lang_reiczigel,500,5,495,0.9696969696969697,0.6210341696378531,0.5640863028033835,0.042450597015679555,,
0.75,0.75,0.1,10,100,wilson_known,500,5,495,0.5050505050505051,0.2349821759186627,0.2396213658336666,0.042450597015679555,,
0.75,0.75,0.1,10,100,point_rogan_gladen,500,5,495,,,,,0.0548456790123457,0.16568598406155097
0.75,0.75,0.1,10,1000,judgy,500,4,496,0.9375,0.532044430444441,0.4679166666666669,0.04463408972631476,,
0.75,0.75,0.1,10,1000,skill,500,4,496,0.9475806451612904,0.6713109451054101,0.6422624999999998,0.04463408972631476,,
0.75,0.75,0.1,10,1000,repo,500,4,496,0.9475806451612904,0.6743801797664483,0.6441874999999997,0.04463408972631476,,
0.75,0.75,0.1,10,1000,stratified,500,4,496,0.9475806451612904,0.6256333297331028,0.5561666666666657,0.04463408972631476,,
0.75,0.75,0.1,10,1000,lang_reiczigel,500,4,496,0.9536290322580645,0.6062174218151987,0.5565788840175341,0.04463408972631476,,
0.75,0.75,0.1,10,1000,wilson_known,500,4,496,0.12096774193548387,0.07822065275665661,0.08166080631453407,0.04463408972631476,,
0.75,0.75,0.1,10,1000,point_rogan_gladen,500,4,496,,,,,0.054350750448028666,0.1695298169644897
0.75,0.75,0.1,20,100,judgy,500,0,500,0.89,0.36693130125667495,0.3433414373883579,0.009198,,
0.75,0.75,0.1,20,100,skill,500,0,500,0.912,0.42312171833117385,0.3672784498650099,0.009198,,
0.75,0.75,0.1,20,100,repo,500,0,500,0.938,0.47937298911317916,0.4248227911646584,0.009198,,
0.75,0.75,0.1,20,100,stratified,500,0,500,0.928,0.4635501065090739,0.41744318181818163,0.009198,,
0.75,0.75,0.1,20,100,lang_reiczigel,500,0,500,0.956,0.48534605704099143,0.4499386858709442,0.009198,,
0.75,0.75,0.1,20,100,wilson_known,500,0,500,0.594,0.23532033562767551,0.25447708912101075,0.009198,,
0.75,0.75,0.1,20,100,point_rogan_gladen,500,0,500,,,,,0.031116788407670782,0.14033297890448887
0.75,0.75,0.1,20,1000,judgy,500,1,499,0.9378757515030061,0.37826633319438097,0.3617605633802816,0.008697394789579158,,
0.75,0.75,0.1,20,1000,skill,500,1,499,0.9458917835671342,0.4308020815457164,0.3788980311355308,0.008697394789579158,,
0.75,0.75,0.1,20,1000,repo,500,1,499,0.9478957915831663,0.4415965586213612,0.38667499999999966,0.008697394789579158,,
0.75,0.75,0.1,20,1000,stratified,500,1,499,0.9498997995991983,0.42259642119098967,0.37387499999999974,0.008697394789579158,,
0.75,0.75,0.1,20,1000,lang_reiczigel,500,1,499,0.969939879759519,0.4379903660680127,0.4077805480275726,0.008697394789579158,,
0.75,0.75,0.1,20,1000,wilson_known,500,1,499,0.22444889779559118,0.07765759202471033,0.08844320911784453,0.008697394789579158,,
0.75,0.75,0.1,20,1000,point_rogan_gladen,500,1,499,,,,,0.026494082884776036,0.12334547176610397
0.75,0.75,0.1,50,100,judgy,500,0,500,0.86,0.2526197053101882,0.25944538607494905,0.00012200000000000001,,
0.75,0.75,0.1,50,100,skill,500,0,500,0.862,0.25481069857857375,0.2586015003500385,0.00012200000000000001,,
0.75,0.75,0.1,50,100,repo,500,0,500,0.954,0.3362322029193839,0.3333372703412072,0.00012200000000000001,,
0.75,0.75,0.1,50,100,stratified,500,0,500,0.954,0.33365002399427673,0.33333333333333337,0.00012200000000000001,,
0.75,0.75,0.1,50,100,lang_reiczigel,500,0,500,0.978,0.35690919752141764,0.35478401068366183,0.00012200000000000001,,
0.75,0.75,0.1,50,100,wilson_known,500,0,500,0.778,0.24557057739972696,0.2659486775123212,0.00012200000000000001,,
0.75,0.75,0.1,50,100,point_rogan_gladen,500,0,500,,,,,0.006267532315050792,0.10455697611932338
0.75,0.75,0.1,50,1000,judgy,500,0,500,0.926,0.2626631595724375,0.26672171711477133,7.600000000000002e-05,,
0.75,0.75,0.1,50,1000,skill,500,0,500,0.922,0.2627817385278614,0.26681812799981164,7.600000000000002e-05,,
0.75,0.75,0.1,50,1000,repo,500,0,500,0.926,0.2719494840560834,0.276904761261509,7.600000000000002e-05,,
0.75,0.75,0.1,50,1000,stratified,500,0,500,0.928,0.2713879450316123,0.275,7.600000000000002e-05,,
0.75,0.75,0.1,50,1000,lang_reiczigel,500,0,500,0.952,0.2882149316330914,0.28912547773236863,7.600000000000002e-05,,
0.75,0.75,0.1,50,1000,wilson_known,500,0,500,0.354,0.08434121727685999,0.098244367504518,7.600000000000002e-05,,
0.75,0.75,0.1,50,1000,point_rogan_gladen,500,0,500,,,,,0.005763918878057756,0.09174007151692185
0.75,0.75,0.1,100,100,judgy,500,0,500,0.824,0.2101687251721209,0.22479467304428125,0.0,,
0.75,0.75,0.1,100,100,skill,500,0,500,0.83,0.2104184389503777,0.22346787527951723,0.0,,
0.75,0.75,0.1,100,100,repo,500,0,500,0.958,0.3160027596091651,0.3238726306200548,0.0,,
0.75,0.75,0.1,100,100,stratified,500,0,500,0.958,0.31539620399946283,0.3240588897250441,0.0,,
0.75,0.75,0.1,100,100,lang_reiczigel,500,0,500,0.962,0.32814413591728125,0.33448290491650884,0.0,,
0.75,0.75,0.1,100,100,wilson_known,500,0,500,0.91,0.27063185367739884,0.2890453957093165,0.0,,
0.75,0.75,0.1,100,100,point_rogan_gladen,500,0,500,,,,,0.012055112592718067,0.09356503999436766
0.75,0.75,0.1,100,1000,judgy,500,0,500,0.918,0.21764967324548726,0.226449914673524,0.0,,
0.75,0.75,0.1,100,1000,skill,500,0,500,0.916,0.21754271567452532,0.22527288313090488,0.0,,
0.75,0.75,0.1,100,1000,repo,500,0,500,0.936,0.23098006684548825,0.23948156246320115,0.0,,
0.75,0.75,0.1,100,1000,stratified,500,0,500,0.936,0.23061078055516657,0.237516242203742,0.0,,
0.75,0.75,0.1,100,1000,lang_reiczigel,500,0,500,0.938,0.2376922097482661,0.24466946391018252,0.0,,
0.75,0.75,0.1,100,1000,wilson_known,500,0,500,0.49,0.09511564994265025,0.10498158009888751,0.0,,
0.75,0.75,0.1,100,1000,point_rogan_gladen,500,0,500,,,,,0.0038455885943573516,0.07342165804603622
0.75,0.75,0.1,200,100,judgy,500,0,500,0.672,0.15789910754993797,0.1747171253322619,0.0,,
0.75,0.75,0.1,200,100,skill,500,0,500,0.67,0.15809845216078725,0.1739869795132281,0.0,,
0.75,0.75,0.1,200,100,repo,500,0,500,0.946,0.29287686231941873,0.30288732294035237,0.0,,
0.75,0.75,0.1,200,100,stratified,500,0,500,0.954,0.2929939552894379,0.30422016407762453,0.0,,
0.75,0.75,0.1,200,100,lang_reiczigel,500,0,500,0.954,0.3028365891867801,0.3139083881020187,0.0,,
0.75,0.75,0.1,200,100,wilson_known,500,0,500,0.882,0.2710027827585093,0.2918223030694949,0.0,,
0.75,0.75,0.1,200,100,point_rogan_gladen,500,0,500,,,,,0.008204098670162516,0.08913207473258994
0.75,0.75,0.1,200,1000,judgy,500,0,500,0.91,0.17781692186290957,0.183642833208706,0.0,,
0.75,0.75,0.1,200,1000,skill,500,0,500,0.908,0.177595412283364,0.1823969848971118,0.0,,
0.75,0.75,0.1,200,1000,repo,500,0,500,0.942,0.19756962980272266,0.20482865949428547,0.0,,
0.75,0.75,0.1,200,1000,stratified,500,0,500,0.94,0.19700539507370057,0.20547664657350906,0.0,,
0.75,0.75,0.1,200,1000,lang_reiczigel,500,0,500,0.952,0.20043849386153953,0.20677023823577545,0.0,,
0.75,0.75,0.1,200,1000,wilson_known,500,0,500,0.634,0.10394274137440741,0.1095314699970667,0.0,,
0.75,0.75,0.1,200,1000,point_rogan_gladen,500,0,500,,,,,0.0012745230171642267,0.05868063582273873
0.75,0.75,0.3,10,100,judgy,500,10,490,0.889795918367347,0.6680210837811854,0.6400000000000001,0.0523912226521424,,
0.75,0.75,0.3,10,100,skill,500,10,490,0.936734693877551,0.7765968769321561,0.9002999999999999,0.0523912226521424,,
0.75,0.75,0.3,10,100,repo,500,10,490,0.9448979591836735,0.8033078021126364,0.9308999999999998,0.0523912226521424,,
0.75,0.75,0.3,10,100,stratified,500,10,490,0.9428571428571428,0.7750749493845156,0.8238333333333328,0.0523912226521424,,
0.75,0.75,0.3,10,100,lang_reiczigel,500,10,490,0.9897959183673469,0.7741940575494767,0.7783184749554448,0.0523912226521424,,
0.75,0.75,0.3,10,100,wilson_known,500,10,490,0.5877551020408164,0.32638550193219606,0.3143268779607988,0.0523912226521424,,
0.75,0.75,0.3,10,100,point_rogan_gladen,500,10,490,,,,,0.0017476514415289918,0.23442944272749874
0.75,0.75,0.3,10,1000,judgy,500,6,494,0.9230769230769231,0.682419264781473,0.6479999999999999,0.04305061640131807,,
0.75,0.75,0.3,10,1000,skill,500,6,494,0.9473684210526315,0.7578636066866536,0.8046698717948719,0.04305061640131807,,
0.75,0.75,0.3,10,1000,repo,500,6,494,0.9473684210526315,0.7620817107780368,0.8064396908738194,0.04305061640131807,,
0.75,0.75,0.3,10,1000,stratified,500,6,494,0.9453441295546559,0.7320917395652592,0.7410625,0.04305061640131807,,
0.75,0.75,0.3,10,1000,lang_reiczigel,500,6,494,0.97165991902834,0.7188767156046199,0.6824865625772943,0.04305061640131807,,
0.75,0.75,0.3,10,1000,wilson_known,500,6,494,0.1902834008097166,0.10975815943884568,0.10132846648633231,0.04305061640131807,,
0.75,0.75,0.3,10,1000,point_rogan_gladen,500,6,494,,,,,0.019859520596362725,0.21828919069048927
0.75,0.75,0.3,20,100,judgy,500,0,500,0.896,0.5367985195892916,0.49543332998392264,0.011004000000000002,,
0.75,0.75,0.3,20,100,skill,500,0,500,0.91,0.5675907924642309,0.5102621507472386,0.011004000000000002,,
0.75,0.75,0.3,20,100,repo,500,0,500,0.946,0.642362618419325,0.594164466615007,0.011004000000000002,,
0.75,0.75,0.3,20,100,stratified,500,0,500,0.942,0.629158621829323,0.5858590367965366,0.011004000000000002,,
0.75,0.75,0.3,20,100,lang_reiczigel,500,0,500,0.966,0.6216641884043227,0.5940995143156469,0.011004000000000002,,
0.75,0.75,0.3,20,100,wilson_known,500,0,500,0.714,0.35093870244527986,0.3421792875037526,0.011004000000000002,,
0.75,0.75,0.3,20,100,point_rogan_gladen,500,0,500,,,,,-0.010990550136138373,0.1749088519762909
0.75,0.75,0.3,20,1000,judgy,500,2,498,0.9497991967871486,0.5527007048013902,0.5198558209339434,0.009408634538152608,,
0.75,0.75,0.3,20,1000,skill,500,2,498,0.9558232931726908,0.5878232205127029,0.5340427226523181,0.009408634538152608,,
0.75,0.75,0.3,20,1000,repo,500,2,498,0.9598393574297188,0.5961175571330469,0.5391395568181816,0.009408634538152608,,
0.75,0.75,0.3,20,1000,stratified,500,2,498,0.9558232931726908,0.5809917629893532,0.5320531249999997,0.009408634538152608,,
0.75,0.75,0.3,20,1000,lang_reiczigel,500,2,498,0.9799196787148594,0.5593051912931013,0.5274846823594953,0.009408634538152608,,
0.75,0.75,0.3,20,1000,wilson_known,500,2,498,0.3373493975903614,0.1211445340631257,0.11118896667080894,0.009408634538152608,,
0.75,0.75,0.3,20,1000,point_rogan_gladen,500,2,498,,,,,-0.01459554201802605,0.15172443061334578
0.75,0.75,0.3,50,100,judgy,500,0,500,0.832,0.36735591016736496,0.3549098800263034,9.900000000000001e-05,,
0.75,0.75,0.3,50,100,skill,500,0,500,0.84,0.3682386027995958,0.35424808444101885,9.900000000000001e-05,,
0.75,0.75,0.3,50,100,repo,500,0,500,0.956,0.5017717827859934,0.4907781491044438,9.900000000000001e-05,,
0.75,0.75,0.3,50,100,stratified,500,0,500,0.954,0.499403278275431,0.4847911518142026,9.900000000000001e-05,,
0.75,0.75,0.3,50,100,lang_reiczigel,500,0,500,0.964,0.4970091360701205,0.48708339025696606,9.900000000000001e-05,,
0.75,0.75,0.3,50,100,wilson_known,500,0,500,0.868,0.36427099274941566,0.355601721796008,9.900000000000001e-05,,
0.75,0.75,0.3,50,100,point_rogan_gladen,500,0,500,,,,,-0.004636200593931403,0.13633359223656466
0.75,0.75,0.3,50,1000,judgy,500,0,500,0.944,0.386852678286045,0.3772489173096701,0.00011099999999999999,,
0.75,0.75,0.3,50,1000,skill,500,0,500,0.946,0.38777716371462456,0.38015691027960896,0.00011099999999999999,,
0.75,0.75,0.3,50,1000,repo,500,0,500,0.962,0.40453510860410746,0.3941416447782313,0.00011099999999999999,,
0.75,0.75,0.3,50,1000,stratified,500,0,500,0.954,0.40315570281748714,0.3933496355244992,0.00011099999999999999,,
0.75,0.75,0.3,50,1000,lang_reiczigel,500,0,500,0.978,0.3957390720439784,0.3900221981078688,0.00011099999999999999,,
0.75,0.75,0.3,50,1000,wilson_known,500,0,500,0.496,0.12387460549298412,0.12130639178856151,0.00011099999999999999,,
0.75,0.75,0.3,50,1000,point_rogan_gladen,500,0,500,,,,,-0.008375842375800708,0.10362076709726917
0.75,0.75,0.3,100,100,judgy,500,0,500,0.764,0.26733774789513154,0.26540027040596326,0.0,,
0.75,0.75,0.3,100,100,skill,500,0,500,0.766,0.2671760643829527,0.26529711852752225,0.0,,
0.75,0.75,0.3,100,100,repo,500,0,500,0.948,0.4515788408067042,0.450036605382127,0.0,,
0.75,0.75,0.3,100,100,stratified,500,0,500,0.946,0.4510806314100129,0.4504064964463944,0.0,,
0.75,0.75,0.3,100,100,lang_reiczigel,500,0,500,0.946,0.4468346332165167,0.4449694503012278,0.0,,
0.75,0.75,0.3,100,100,wilson_known,500,0,500,0.906,0.3697481352143611,0.3665224598433371,0.0,,
0.75,0.75,0.3,100,100,point_rogan_gladen,500,0,500,,,,,0.0004209547360178312,0.11484842431025799
0.75,0.75,0.3,100,1000,judgy,500,0,500,0.908,0.27181633302114894,0.26635472588175413,0.0,,
0.75,0.75,0.3,100,1000,skill,500,0,500,0.898,0.2714816974236002,0.26546547962572387,0.0,,
0.75,0.75,0.3,100,1000,repo,500,0,500,0.93,0.2977855242469741,0.29430692689815513,0.0,,
0.75,0.75,0.3,100,1000,stratified,500,0,500,0.924,0.29720763824256413,0.29250692424150376,0.0,,
0.75,0.75,0.3,100,1000,lang_reiczigel,500,0,500,0.932,0.2921347539724566,0.28794169289441823,0.0,,
0.75,0.75,0.3,100,1000,wilson_known,500,0,500,0.58,0.12166561477415289,0.1193221592848201,0.0,,
0.75,0.75,0.3,100,1000,point_rogan_gladen,500,0,500,,,,,-0.0038881021870439216,0.07752319733510904
0.75,0.75,0.3,200,100,judgy,500,0,500,0.594,0.18761954378539708,0.18549802835454615,0.0,,
0.75,0.75,0.3,200,100,skill,500,0,500,0.58,0.1875518179466679,0.18492124087301762,0.0,,
0.75,0.75,0.3,200,100,repo,500,0,500,0.956,0.4124323150109183,0.4133753560866227,0.0,,
0.75,0.75,0.3,200,100,stratified,500,0,500,0.958,0.4134172583903887,0.4112362589302258,0.0,,
0.75,0.75,0.3,200,100,lang_reiczigel,500,0,500,0.962,0.40935458999573815,0.4092368288214226,0.0,,
0.75,0.75,0.3,200,100,wilson_known,500,0,500,0.924,0.36830079697203244,0.3662054880591473,0.0,,
0.75,0.75,0.3,200,100,point_rogan_gladen,500,0,500,,,,,-0.0014267275125962016,0.11023146481879395
0.75,0.75,0.3,200,1000,judgy,500,0,500,0.902,0.18782247042812256,0.18490244670406536,0.0,,
0.75,0.75,0.3,200,1000,skill,500,0,500,0.898,0.18805802333037833,0.18497250030043083,0.0,,
0.75,0.75,0.3,200,1000,repo,500,0,500,0.944,0.2243094712459578,0.22095807085573949,0.0,,
0.75,0.75,0.3,200,1000,stratified,500,0,500,0.948,0.22454279964317894,0.22253388188941667,0.0,,
0.75,0.75,0.3,200,1000,lang_reiczigel,500,0,500,0.948,0.22218092698700592,0.21927113807310034,0.0,,
0.75,0.75,0.3,200,1000,wilson_known,500,0,500,0.714,0.12124271811664296,0.120475549889977,0.0,,
0.75,0.75,0.3,200,1000,point_rogan_gladen,500,0,500,,,,,0.001073705233606523,0.05766373392560601
0.75,0.75,0.5,10,100,judgy,500,13,487,0.8583162217659137,0.7153493265843327,0.6896220930232557,0.03953593994122318,,
0.75,0.75,0.5,10,100,skill,500,13,487,0.8829568788501027,0.7652680212218529,0.7800000000000002,0.03953593994122318,,
0.75,0.75,0.5,10,100,repo,500,13,487,0.944558521560575,0.7983183830417364,0.839817073170732,0.03953593994122318,,
0.75,0.75,0.5,10,100,stratified,500,13,487,0.9301848049281314,0.7774974577099834,0.7999999999999998,0.03953593994122318,,
0.75,0.75,0.5,10,100,lang_reiczigel,500,13,487,0.9876796714579056,0.7825282507028516,0.7771099345692908,0.03953593994122318,,
0.75,0.75,0.5,10,100,wilson_known,500,13,487,0.5893223819301848,0.3723654563631607,0.32056156544668124,0.03953593994122318,,
0.75,0.75,0.5,10,100,point_rogan_gladen,500,13,487,,,,,0.0027016720445878694,0.23790606367651676
0.75,0.75,0.5,10,1000,judgy,500,7,493,0.8945233265720081,0.7352052715005686,0.7328571428571428,0.03728860018244416,,
0.75,0.75,0.5,10,1000,skill,500,7,493,0.9249492900608519,0.7913793334356818,0.9202499999999986,0.03728860018244416,,
0.75,0.75,0.5,10,1000,repo,500,7,493,0.9432048681541582,0.7898181476800582,0.8913599999999997,0.03728860018244416,,
0.75,0.75,0.5,10,1000,stratified,500,7,493,0.9310344827586207,0.7741157860845487,0.8671249999999998,0.03728860018244416,,
0.75,0.75,0.5,10,1000,lang_reiczigel,500,7,493,0.9959432048681541,0.7515322414054957,0.7067463910812586,0.03728860018244416,,
0.75,0.75,0.5,10,1000,wilson_known,500,7,493,0.23123732251521298,0.12168802076248654,0.10310133210631899,0.03728860018244416,,
0.75,0.75,0.5,10,1000,point_rogan_gladen,500,7,493,,,,,-5.775298625195766e-05,0.23835651508564223
0.75,0.75,0.5,20,100,judgy,500,1,499,0.87374749498998,0.6131433131140354,0.5797443181818186,0.007474949899799599,,
0.75,0.75,0.5,20,100,skill,500,1,499,0.8877755511022044,0.6267176177763459,0.5870984030330875,0.007474949899799599,,
0.75,0.75,0.5,20,100,repo,500,1,499,0.9498997995991983,0.7088751427881618,0.680445845873594,0.007474949899799599,,
0.75,0.75,0.5,20,100,stratified,500,1,499,0.9519038076152304,0.6987101023664822,0.6667857142857145,0.007474949899799599,,
0.75,0.75,0.5,20,100,lang_reiczigel,500,1,499,0.9739478957915831,0.6768457417232325,0.6473438753136793,0.007474949899799599,,
0.75,0.75,0.5,20,100,wilson_known,500,1,499,0.7474949899799599,0.3912472997999154,0.36888492506394704,0.007474949899799599,,
0.75,0.75,0.5,20,100,point_rogan_gladen,500,1,499,,,,,0.016212265539744034,0.1868708184490116
0.75,0.75,0.5,20,1000,judgy,500,0,500,0.924,0.6363006791577716,0.6041437567204297,0.009935000000000001,,
0.75,0.75,0.5,20,1000,skill,500,0,500,0.926,0.6533384932403159,0.6112153140718318,0.009935000000000001,,
0.75,0.75,0.5,20,1000,repo,500,0,500,0.94,0.6647676789529193,0.6246714246937647,0.009935000000000001,,
0.75,0.75,0.5,20,1000,stratified,500,0,500,0.94,0.6528615433058728,0.6132015692640688,0.009935000000000001,,
0.75,0.75,0.5,20,1000,lang_reiczigel,500,0,500,0.976,0.6140781082439462,0.5960152157777938,0.009935000000000001,,
0.75,0.75,0.5,20,1000,wilson_known,500,0,500,0.33,0.13265682508526105,0.1236544099773822,0.009935000000000001,,
0.75,0.75,0.5,20,1000,point_rogan_gladen,500,0,500,,,,,0.003743714403243817,0.17208839319242122
0.75,0.75,0.5,50,100,judgy,500,0,500,0.798,0.39588404717115316,0.38548390535410504,8.3e-05,,
0.75,0.75,0.5,50,100,skill,500,0,500,0.796,0.39662094105481366,0.3829885495990643,8.3e-05,,
0.75,0.75,0.5,50,100,repo,500,0,500,0.936,0.5625789261215843,0.5519635750965761,8.3e-05,,
0.75,0.75,0.5,50,100,stratified,500,0,500,0.944,0.5601563308512664,0.5510828147546893,8.3e-05,,
0.75,0.75,0.5,50,100,lang_reiczigel,500,0,500,0.948,0.5411947158417569,0.5333807565353987,8.3e-05,,
0.75,0.75,0.5,50,100,wilson_known,500,0,500,0.848,0.3913862581278501,0.38348662735215333,8.3e-05,,
0.75,0.75,0.5,50,100,point_rogan_gladen,500,0,500,,,,,-0.0036497088065396625,0.14390757223384945
0.75,0.75,0.5,50,1000,judgy,500,0,500,0.934,0.40618327466628734,0.39551924269317573,0.0003,,
0.75,0.75,0.5,50,1000,skill,500,0,500,0.934,0.4061246454503673,0.3940522805395972,0.0003,,
0.75,0.75,0.5,50,1000,repo,500,0,500,0.958,0.4278182557221303,0.41553491796939745,0.0003,,
0.75,0.75,0.5,50,1000,stratified,500,0,500,0.958,0.42458214269584965,0.4121812297955034,0.0003,,
0.75,0.75,0.5,50,1000,lang_reiczigel,500,0,500,0.976,0.3997144970458753,0.39301643516366336,0.0003,,
0.75,0.75,0.5,50,1000,wilson_known,500,0,500,0.506,0.12934344333581604,0.12371851728256011,0.0003,,
0.75,0.75,0.5,50,1000,point_rogan_gladen,500,0,500,,,,,-0.006490830334795883,0.0967282805786574
0.75,0.75,0.5,100,100,judgy,500,0,500,0.692,0.26608062035108393,0.25890072538277753,0.0,,
0.75,0.75,0.5,100,100,skill,500,0,500,0.696,0.2657850566446923,0.2586151256122103,0.0,,
0.75,0.75,0.5,100,100,repo,500,0,500,0.948,0.48614172113751203,0.47482970386463974,0.0,,
0.75,0.75,0.5,100,100,stratified,500,0,500,0.952,0.48535759153134744,0.4765359795154427,0.0,,
0.75,0.75,0.5,100,100,lang_reiczigel,500,0,500,0.954,0.47198280895504696,0.46307218012405893,0.0,,
0.75,0.75,0.5,100,100,wilson_known,500,0,500,0.908,0.38948902243587813,0.38348662735215333,0.0,,
0.75,0.75,0.5,100,100,point_rogan_gladen,500,0,500,,,,,0.0006540484208161281,0.11912848409331186
0.75,0.75,0.5,100,1000,judgy,500,0,500,0.914,0.2621343971616204,0.2552964772338082,0.0,,
0.75,0.75,0.5,100,1000,skill,500,0,500,0.914,0.2619270936076518,0.2557705532373782,0.0,,
0.75,0.75,0.5,100,1000,repo,500,0,500,0.938,0.2921836385170213,0.2827367060082425,0.0,,
0.75,0.75,0.5,100,1000,stratified,500,0,500,0.948,0.2919584421657409,0.2842425313289002,0.0,,
0.75,0.75,0.5,100,1000,lang_reiczigel,500,0,500,0.95,0.2837981148729987,0.2757344546852146,0.0,,
0.75,0.75,0.5,100,1000,wilson_known,500,0,500,0.66,0.12593458246137446,0.12367660472812192,0.0,,
0.75,0.75,0.5,100,1000,point_rogan_gladen,500,0,500,,,,,-0.002285530807217623,0.06814396771636644
0.75,0.75,0.5,200,100,judgy,500,0,500,0.558,0.17822965836055282,0.17756414261357836,0.0,,
0.75,0.75,0.5,200,100,skill,500,0,500,0.554,0.1783305568598884,0.17642181098855123,0.0,,
0.75,0.75,0.5,200,100,repo,500,0,500,0.952,0.43437357000052734,0.4324239518114174,0.0,,
0.75,0.75,0.5,200,100,stratified,500,0,500,0.954,0.43493742411619896,0.4334445012872431,0.0,,
0.75,0.75,0.5,200,100,lang_reiczigel,500,0,500,0.958,0.4262538513940428,0.42360567097029334,0.0,,
0.75,0.75,0.5,200,100,wilson_known,500,0,500,0.94,0.3845493810646821,0.38222350461043714,0.0,,
0.75,0.75,0.5,200,100,point_rogan_gladen,500,0,500,,,,,0.00047848470585920653,0.10524176347694243
0.75,0.75,0.5,200,1000,judgy,500,0,500,0.902,0.17637436885236507,0.1741410201982289,0.0,,
0.75,0.75,0.5,200,1000,skill,500,0,500,0.896,0.17663707336079396,0.17464644986352323,0.0,,
0.75,0.75,0.5,200,1000,repo,500,0,500,0.958,0.21760133776585283,0.21564571495044652,0.0,,
0.75,0.75,0.5,200,1000,stratified,500,0,500,0.956,0.21709232484704194,0.21580293826782943,0.0,,
0.75,0.75,0.5,200,1000,lang_reiczigel,500,0,500,0.956,0.21492486458048282,0.21249828029067752,0.0,,
0.75,0.75,0.5,200,1000,wilson_known,500,0,500,0.75,0.1246109815220714,0.1236858512594814,0.0,,
0.75,0.75,0.5,200,1000,point_rogan_gladen,500,0,500,,,,,-0.002801048392360724,0.053690394426426924
0.75,0.75,0.7,10,100,judgy,500,10,490,0.8938775510204081,0.6503605574860303,0.6119910714285712,0.04044708476687323,,
0.75,0.75,0.7,10,100,skill,500,10,490,0.9224489795918367,0.7360084498775769,0.7499687499999999,0.04044708476687323,,
0.75,0.75,0.7,10,100,repo,500,10,490,0.9571428571428572,0.7696062637188743,0.8039819100391139,0.04044708476687323,,
0.75,0.75,0.7,10,100,stratified,500,10,490,0.9489795918367347,0.7384189382896016,0.7439285714285713,0.04044708476687323,,
0.75,0.75,0.7,10,100,lang_reiczigel,500,10,490,0.9836734693877551,0.7398275167657631,0.7361475249428371,0.04044708476687323,,
0.75,0.75,0.7,10,100,wilson_known,500,10,490,0.5877551020408164,0.3187458685859487,0.314326877960799,0.04044708476687323,,
0.75,0.75,0.7,10,100,point_rogan_gladen,500,10,490,,,,,0.005594347262714653,0.22002482046988778
0.75,0.75,0.7,10,1000,judgy,500,3,497,0.9275653923541247,0.6748068106889842,0.6559069767441859,0.046458752515090546,,
0.75,0.75,0.7,10,1000,skill,500,3,497,0.9496981891348089,0.7544775274215016,0.7813333333333331,0.046458752515090546,,
0.75,0.75,0.7,10,1000,repo,500,3,497,0.9476861167002012,0.759457175921319,0.786278571428571,0.046458752515090546,,
0.75,0.75,0.7,10,1000,stratified,500,3,497,0.9456740442655935,0.7320392188448149,0.7272499999999996,0.046458752515090546,,
0.75,0.75,0.7,10,1000,lang_reiczigel,500,3,497,0.9798792756539235,0.7219828214813355,0.6804778099225763,0.046458752515090546,,
0.75,0.75,0.7,10,1000,wilson_known,500,3,497,0.2152917505030181,0.11092172199147568,0.10164160030588731,0.046458752515090546,,
0.75,0.75,0.7,10,1000,point_rogan_gladen,500,3,497,,,,,-0.003448740059404021,0.21689827985679624
0.75,0.75,0.7,20,100,judgy,500,0,500,0.874,0.5426087613030293,0.5125694931545992,0.008579,,
0.75,0.75,0.7,20,100,skill,500,0,500,0.882,0.5729616461063608,0.5250000000000001,0.008579,,
0.75,0.75,0.7,20,100,repo,500,0,500,0.936,0.6474122930249134,0.6098822686572366,0.008579,,
0.75,0.75,0.7,20,100,stratified,500,0,500,0.93,0.6335024644843888,0.6000000000000001,0.008579,,
0.75,0.75,0.7,20,100,lang_reiczigel,500,0,500,0.962,0.6246238517904551,0.6048023242367035,0.008579,,
0.75,0.75,0.7,20,100,wilson_known,500,0,500,0.732,0.3547704398115104,0.3421792875037527,0.008579,,
0.75,0.75,0.7,20,100,point_rogan_gladen,500,0,500,,,,,-0.006045811247575903,0.1761108488994806
0.75,0.75,0.7,20,1000,judgy,500,0,500,0.92,0.5449757075759951,0.5139076923076926,0.009222999999999999,,
0.75,0.75,0.7,20,1000,skill,500,0,500,0.928,0.5803324240090928,0.5377018038565203,0.009222999999999999,,
0.75,0.75,0.7,20,1000,repo,500,0,500,0.932,0.5894604525785564,0.5424057850551703,0.009222999999999999,,
0.75,0.75,0.7,20,1000,stratified,500,0,500,0.93,0.5744843137161728,0.5359066620879116,0.009222999999999999,,
0.75,0.75,0.7,20,1000,lang_reiczigel,500,0,500,0.958,0.5584849514744383,0.5310302564997565,0.009222999999999999,,
0.75,0.75,0.7,20,1000,wilson_known,500,0,500,0.302,0.11494087842150995,0.11074516275579915,0.009222999999999999,,
0.75,0.75,0.7,20,1000,point_rogan_gladen,500,0,500,,,,,0.016277668341462465,0.16421463296517758
0.75,0.75,0.7,50,100,judgy,500,0,500,0.816,0.3696051623124755,0.3574579605771643,9.1e-05,,
0.75,0.75,0.7,50,100,skill,500,0,500,0.818,0.3698496330369071,0.35849226511111776,9.1e-05,,
0.75,0.75,0.7,50,100,repo,500,0,500,0.942,0.5064496191492444,0.4946614929426742,9.1e-05,,
0.75,0.75,0.7,50,100,stratified,500,0,500,0.948,0.5053386748112954,0.494194078947368,9.1e-05,,
0.75,0.75,0.7,50,100,lang_reiczigel,500,0,500,0.964,0.5005759532519211,0.48918544389775737,9.1e-05,,
0.75,0.75,0.7,50,100,wilson_known,500,0,500,0.836,0.365229107242812,0.3559499176230504,9.1e-05,,
0.75,0.75,0.7,50,100,point_rogan_gladen,500,0,500,,,,,0.004607499608508375,0.14208937152755882
0.75,0.75,0.7,50,1000,judgy,500,0,500,0.928,0.3781388924223873,0.3688959620135477,5.6000000000000006e-05,,
0.75,0.75,0.7,50,1000,skill,500,0,500,0.928,0.37919772811685537,0.3711088648639366,5.6000000000000006e-05,,
0.75,0.75,0.7,50,1000,repo,500,0,500,0.942,0.39571058794904634,0.38574364300590336,5.6000000000000006e-05,,
0.75,0.75,0.7,50,1000,stratified,500,0,500,0.936,0.39330331620507875,0.3831029021836005,5.6000000000000006e-05,,
0.75,0.75,0.7,50,1000,lang_reiczigel,500,0,500,0.956,0.3874691676785256,0.38200319016922035,5.6000000000000006e-05,,
0.75,0.75,0.7,50,1000,wilson_known,500,0,500,0.474,0.12204193120280624,0.1178620196929116,5.6000000000000006e-05,,
0.75,0.75,0.7,50,1000,point_rogan_gladen,500,0,500,,,,,0.011153135424645076,0.10381603123660331
0.75,0.75,0.7,100,100,judgy,500,0,500,0.742,0.26638509715366615,0.26285598772169005,0.0,,
0.75,0.75,0.7,100,100,skill,500,0,500,0.738,0.26612342016173773,0.26199245102458346,0.0,,
0.75,0.75,0.7,100,100,repo,500,0,500,0.958,0.44890042362327265,0.4429208192356739,0.0,,
0.75,0.75,0.7,100,100,stratified,500,0,500,0.958,0.4479638301377264,0.4423076923076923,0.0,,
0.75,0.75,0.7,100,100,lang_reiczigel,500,0,500,0.964,0.4437895158941914,0.4370015392885259,0.0,,
0.75,0.75,0.7,100,100,wilson_known,500,0,500,0.912,0.3683819955827076,0.36356442582037024,0.0,,
0.75,0.75,0.7,100,100,point_rogan_gladen,500,0,500,,,,,-6.333111962815386e-06,0.11336408437291139
0.75,0.75,0.7,100,1000,judgy,500,0,500,0.908,0.27793692586323177,0.27382676649165794,0.0,,
0.75,0.75,0.7,100,1000,skill,500,0,500,0.91,0.27766212642963567,0.27226120910235596,0.0,,
0.75,0.75,0.7,100,1000,repo,500,0,500,0.932,0.30321576265578565,0.29721161039287414,0.0,,
0.75,0.75,0.7,100,1000,stratified,500,0,500,0.932,0.30209201385419504,0.29786291046352037,0.0,,
0.75,0.75,0.7,100,1000,lang_reiczigel,500,0,500,0.944,0.29796060008326414,0.2930151800404738,0.0,,
0.75,0.75,0.7,100,1000,wilson_known,500,0,500,0.554,0.12390892876214712,0.12140439987186169,0.0,,
0.75,0.75,0.7,100,1000,point_rogan_gladen,500,0,500,,,,,0.011762836968850002,0.08226410050583395
0.75,0.75,0.7,200,100,judgy,500,0,500,0.634,0.18893166065902078,0.1867093107930597,0.0,,
0.75,0.75,0.7,200,100,skill,500,0,500,0.63,0.18902948266909272,0.1857756147717135,0.0,,
0.75,0.75,0.7,200,100,repo,500,0,500,0.96,0.41527251162743073,0.4147953071637507,0.0,,
0.75,0.75,0.7,200,100,stratified,500,0,500,0.962,0.4151917715562642,0.4153237422668934,0.0,,
0.75,0.75,0.7,200,100,lang_reiczigel,500,0,500,0.97,0.411108102328129,0.41085776419444975,0.0,,
0.75,0.75,0.7,200,100,wilson_known,500,0,500,0.932,0.3702048406968471,0.3698979649327584,0.0,,
0.75,0.75,0.7,200,100,point_rogan_gladen,500,0,500,,,,,0.004095322426922714,0.10504217749416797
0.75,0.75,0.7,200,1000,judgy,500,0,500,0.904,0.18903308856040213,0.18695757254470008,0.0,,
0.75,0.75,0.7,200,1000,skill,500,0,500,0.908,0.1889710966871063,0.1869174900194509,0.0,,
0.75,0.75,0.7,200,1000,repo,500,0,500,0.942,0.22556403793827315,0.22309604651894982,0.0,,
0.75,0.75,0.7,200,1000,stratified,500,0,500,0.942,0.2259001045689108,0.22295475840314977,0.0,,
0.75,0.75,0.7,200,1000,lang_reiczigel,500,0,500,0.942,0.22343662419364596,0.221463676637209,0.0,,
0.75,0.75,0.7,200,1000,wilson_known,500,0,500,0.736,0.12197996569249107,0.12102225917895315,0.0,,
0.75,0.75,0.7,200,1000,point_rogan_gladen,500,0,500,,,,,-0.004626790655435866,0.05634627203945439
0.75,0.75,0.9,10,100,judgy,500,4,496,0.9012096774193549,0.4880763011376895,0.4388419507575757,0.038264140134583416,,
0.75,0.75,0.9,10,100,skill,500,4,496,0.9254032258064516,0.6626300998047902,0.6394444444444447,0.038264140134583416,,
0.75,0.75,0.9,10,100,repo,500,4,496,0.9334677419354839,0.6883108024904196,0.668328125,0.038264140134583416,,
0.75,0.75,0.9,10,100,stratified,500,4,496,0.9294354838709677,0.6339754564292115,0.5821875,0.038264140134583416,,
0.75,0.75,0.9,10,100,lang_reiczigel,500,4,496,0.9717741935483871,0.6397334604242946,0.5899236155841642,0.038264140134583416,,
0.75,0.75,0.9,10,100,wilson_known,500,4,496,0.4838709677419355,0.22652757772759985,0.242375585491986,0.038264140134583416,,
0.75,0.75,0.9,10,100,point_rogan_gladen,500,4,496,,,,,-0.0546070948540707,0.17552707448771676
0.75,0.75,0.9,10,1000,judgy,500,7,493,0.920892494929006,0.5026067492915246,0.4365,0.042944303287546406,,
0.75,0.75,0.9,10,1000,skill,500,7,493,0.9269776876267748,0.6530937252144972,0.6034033333333335,0.042944303287546406,,
0.75,0.75,0.9,10,1000,repo,500,7,493,0.9269776876267748,0.6502536911078416,0.5619215544871798,0.042944303287546406,,
0.75,0.75,0.9,10,1000,stratified,500,7,493,0.9269776876267748,0.599172801764384,0.49085714285714277,0.042944303287546406,,
0.75,0.75,0.9,10,1000,lang_reiczigel,500,7,493,0.947261663286004,0.5891109699256666,0.5382816765471106,0.042944303287546406,,
0.75,0.75,0.9,10,1000,wilson_known,500,7,493,0.12170385395537525,0.07105517379135666,0.07776239125770268,0.042944303287546406,,
0.75,0.75,0.9,10,1000,point_rogan_gladen,500,7,493,,,,,-0.041358551466563684,0.1624592856511809
0.75,0.75,0.9,20,100,judgy,500,0,500,0.894,0.3836916463370089,0.3566705457817375,0.00784,,
0.75,0.75,0.9,20,100,skill,500,0,500,0.92,0.4323719455883446,0.38411352892102335,0.00784,,
0.75,0.75,0.9,20,100,repo,500,0,500,0.958,0.4905206864088352,0.4490586336530984,0.00784,,
0.75,0.75,0.9,20,100,stratified,500,0,500,0.944,0.47449119366598314,0.4364232954545453,0.00784,,
0.75,0.75,0.9,20,100,lang_reiczigel,500,0,500,0.974,0.4922479562063727,0.47162572622149085,0.00784,,
0.75,0.75,0.9,20,100,wilson_known,500,0,500,0.63,0.2503781654137726,0.2606510620523681,0.00784,,
0.75,0.75,0.9,20,100,point_rogan_gladen,500,0,500,,,,,-0.037190002775002805,0.1391541086031152
0.75,0.75,0.9,20,1000,judgy,500,1,499,0.9318637274549099,0.3678693657947296,0.35663157894736863,0.008138276553106212,,
0.75,0.75,0.9,20,1000,skill,500,1,499,0.9458917835671342,0.4213414267016251,0.3761842893963918,0.008138276553106212,,
0.75,0.75,0.9,20,1000,repo,500,1,499,0.9458917835671342,0.4231175868408381,0.3804334918621859,0.008138276553106212,,
0.75,0.75,0.9,20,1000,stratified,500,1,499,0.9378757515030061,0.4050328555099895,0.3704163961038963,0.008138276553106212,,
0.75,0.75,0.9,20,1000,lang_reiczigel,500,1,499,0.9639278557114228,0.4252558713324301,0.3984483673095143,0.008138276553106212,,
0.75,0.75,0.9,20,1000,wilson_known,500,1,499,0.23246492985971945,0.07634841675237666,0.0877444856179499,0.008138276553106212,,
0.75,0.75,0.9,20,1000,point_rogan_gladen,500,1,499,,,,,-0.02057190106774574,0.11792556017370438
0.75,0.75,0.9,50,100,judgy,500,0,500,0.82,0.26556256432075337,0.2733290167979904,9.800000000000001e-05,,
0.75,0.75,0.9,50,100,skill,500,0,500,0.826,0.26517196372639196,0.2736363384481646,9.800000000000001e-05,,
0.75,0.75,0.9,50,100,repo,500,0,500,0.928,0.35247946737247166,0.36496601975914594,9.800000000000001e-05,,
0.75,0.75,0.9,50,100,stratified,500,0,500,0.926,0.35090402252189007,0.36112308429118767,9.800000000000001e-05,,
0.75,0.75,0.9,50,100,lang_reiczigel,500,0,500,0.948,0.3719088484305599,0.3774552517559792,9.800000000000001e-05,,
0.75,0.75,0.9,50,100,wilson_known,500,0,500,0.746,0.26062825892248787,0.2852376911169934,9.800000000000001e-05,,
0.75,0.75,0.9,50,100,point_rogan_gladen,500,0,500,,,,,-0.025487449393271716,0.11684884760709834
0.75,0.75,0.9,50,1000,judgy,500,0,500,0.954,0.26578930112081606,0.27051354231543756,4.8e-05,,
0.75,0.75,0.9,50,1000,skill,500,0,500,0.946,0.2656071583363755,0.27119493634414,4.8e-05,,
0.75,0.75,0.9,50,1000,repo,500,0,500,0.956,0.27454674196504825,0.28093417932085657,4.8e-05,,
0.75,0.75,0.9,50,1000,stratified,500,0,500,0.952,0.27389062625158844,0.27879775232051635,4.8e-05,,
0.75,0.75,0.9,50,1000,lang_reiczigel,500,0,500,0.98,0.2893170136072587,0.29184238571596494,4.8e-05,,
0.75,0.75,0.9,50,1000,wilson_known,500,0,500,0.388,0.08590087561611173,0.09820105975650495,4.8e-05,,
0.75,0.75,0.9,50,1000,point_rogan_gladen,500,0,500,,,,,-0.0043603970634766035,0.08622076690278001
0.75,0.75,0.9,100,100,judgy,500,0,500,0.79,0.21205886886302489,0.2259392427868997,0.0,,
0.75,0.75,0.9,100,100,skill,500,0,500,0.79,0.21147997846921582,0.2247838772601441,0.0,,
0.75,0.75,0.9,100,100,repo,500,0,500,0.942,0.31984101398768233,0.32821915832827975,0.0,,
0.75,0.75,0.9,100,100,stratified,500,0,500,0.94,0.31950253482126023,0.32727664576802495,0.0,,
0.75,0.75,0.9,100,100,lang_reiczigel,500,0,500,0.958,0.3327172324698092,0.3440296870144159,0.0,,
0.75,0.75,0.9,100,100,wilson_known,500,0,500,0.848,0.2735402521032786,0.2939664222078654,0.0,,
0.75,0.75,0.9,100,100,point_rogan_gladen,500,0,500,,,,,-0.016779999854021156,0.09904219398667427
0.75,0.75,0.9,100,1000,judgy,500,0,500,0.944,0.21967713828016802,0.2235048745382739,1e-06,,
0.75,0.75,0.9,100,1000,skill,500,0,500,0.942,0.21967730280441633,0.22449006529040383,1e-06,,
0.75,0.75,0.9,100,1000,repo,500,0,500,0.958,0.23284164067677054,0.23749284045375907,1e-06,,
0.75,0.75,0.9,100,1000,stratified,500,0,500,0.954,0.23246584021291386,0.2376146702682564,1e-06,,
0.75,0.75,0.9,100,1000,lang_reiczigel,500,0,500,0.966,0.2393306901121229,0.24106231532943767,1e-06,,
0.75,0.75,0.9,100,1000,wilson_known,500,0,500,0.508,0.0977342196470747,0.1048684734985319,1e-06,,
0.75,0.75,0.9,100,1000,point_rogan_gladen,500,0,500,,,,,-0.0013070026281227199,0.0705273604942343
0.75,0.75,0.9,200,100,judgy,500,0,500,0.65,0.15751436069338903,0.17276884228012107,0.0,,
0.75,0.75,0.9,200,100,skill,500,0,500,0.658,0.15724258984610412,0.17180552725639142,0.0,,
0.75,0.75,0.9,200,100,repo,500,0,500,0.944,0.2914671799833041,0.2978093160290276,0.0,,
0.75,0.75,0.9,200,100,stratified,500,0,500,0.946,0.29194912157765757,0.29667659031242377,0.0,,
0.75,0.75,0.9,200,100,lang_reiczigel,500,0,500,0.952,0.3016538132947485,0.30878036388219626,0.0,,
0.75,0.75,0.9,200,100,wilson_known,500,0,500,0.9,0.2702648904850459,0.28502686993917037,0.0,,
0.75,0.75,0.9,200,100,point_rogan_gladen,500,0,500,,,,,-0.00636630226605311,0.09411113943885548
0.75,0.75,0.9,200,1000,judgy,500,0,500,0.922,0.1764385365114966,0.1823979979016056,0.0,,
0.75,0.75,0.9,200,1000,skill,500,0,500,0.922,0.17667236784947635,0.18276134502390506,0.0,,
0.75,0.75,0.9,200,1000,repo,500,0,500,0.958,0.19618862464680695,0.20201822641589823,0.0,,
0.75,0.75,0.9,200,1000,stratified,500,0,500,0.952,0.19576931076651619,0.202085377725086,0.0,,
0.75,0.75,0.9,200,1000,lang_reiczigel,500,0,500,0.958,0.19931727896689702,0.2046793792517408,0.0,,
0.75,0.75,0.9,200,1000,wilson_known,500,0,500,0.648,0.10314638820773184,0.10873888412751792,0.0,,
0.75,0.75,0.9,200,1000,point_rogan_gladen,500,0,500,,,,,0.0010556247776982383,0.05656598936364084
0.75,0.9,0.1,10,100,judgy,500,0,500,0.646,0.28573627023222015,0.2414285714285715,0.00988900100050025,,
0.75,0.9,0.1,10,100,skill,500,0,500,0.654,0.33547245098512585,0.25521249999999884,0.00988900100050025,,
0.75,0.9,0.1,10,100,repo,500,0,500,0.768,0.3888332190768706,0.2999999999999998,0.00988900100050025,,
0.75,0.9,0.1,10,100,stratified,500,0,500,0.756,0.35806163888888876,0.2877083333333321,0.00988900100050025,,
0.75,0.9,0.1,10,100,lang_reiczigel,500,0,500,1.0,0.38520572063335584,0.34521970337549374,0.00988900100050025,,
0.75,0.9,0.1,10,100,wilson_known,500,0,500,0.514,0.17462940961715198,0.1790622612558182,0.00988900100050025,,
0.75,0.9,0.1,10,100,point_rogan_gladen,500,0,500,,,,,0.02054142857142859,0.11072969739692015
0.75,0.9,0.1,10,1000,judgy,500,0,500,0.632,0.2956436161635549,0.26049999999999995,0.010289000000000001,,
0.75,0.9,0.1,10,1000,skill,500,0,500,0.636,0.3577687422605812,0.2730000000000001,0.010289000000000001,,
0.75,0.9,0.1,10,1000,repo,500,0,500,0.638,0.36270141222570773,0.277965625,0.010289000000000001,,
0.75,0.9,0.1,10,1000,stratified,500,0,500,0.632,0.32708416706349186,0.2650089285714285,0.010289000000000001,,
0.75,0.9,0.1,10,1000,lang_reiczigel,500,0,500,0.996,0.35760096798825897,0.320357786221307,0.010289000000000001,,
0.75,0.9,0.1,10,1000,wilson_known,500,0,500,0.31,0.05226380034035211,0.058379903793421006,0.010289000000000001,,
0.75,0.9,0.1,10,1000,point_rogan_gladen,500,0,500,,,,,0.023206174603174583,0.1061537293046075
0.75,0.9,0.1,20,100,judgy,500,0,500,0.83,0.22410195044531048,0.21782349983912475,0.000656,,
0.75,0.9,0.1,20,100,skill,500,0,500,0.836,0.22843392488416595,0.21851146092279805,0.000656,,
0.75,0.9,0.1,20,100,repo,500,0,500,0.884,0.283111961671005,0.2700321428571427,0.000656,,
0.75,0.9,0.1,20,100,stratified,500,0,500,0.878,0.27981393136211036,0.2666666666666667,0.000656,,
0.75,0.9,0.1,20,100,lang_reiczigel,500,0,500,0.984,0.29870530826535047,0.2930749885385262,0.000656,,
0.75,0.9,0.1,20,100,wilson_known,500,0,500,0.628,0.17713531439801744,0.18976513701189082,0.000656,,
0.75,0.9,0.1,20,100,point_rogan_gladen,500,0,500,,,,,0.00770326304414538,0.089978640662215
0.75,0.9,0.1,20,1000,judgy,500,0,500,0.854,0.23490501019665094,0.2338078947368421,0.000174,,
0.75,0.9,0.1,20,1000,skill,500,0,500,0.854,0.2360076788127517,0.23426996753246743,0.000174,,
0.75,0.9,0.1,20,1000,repo,500,0,500,0.858,0.2426681404980784,0.24028398365699677,0.000174,,
0.75,0.9,0.1,20,1000,stratified,500,0,500,0.854,0.23883726605209366,0.2363186813186813,0.000174,,
0.75,0.9,0.1,20,1000,lang_reiczigel,500,0,500,0.99,0.2522214118498198,0.24930154176417413,0.000174,,
0.75,0.9,0.1,20,1000,wilson_known,500,0,500,0.248,0.05989165314759353,0.06490238800456753,0.000174,,
0.75,0.9,0.1,20,1000,point_rogan_gladen,500,0,500,,,,,0.012697469668446405,0.08155012482932142
0.75,0.9,0.1,50,100,judgy,500,0,500,0.836,0.17527093927772322,0.1764842534368213,0.0,,
0.75,0.9,0.1,50,100,skill,500,0,500,0.838,0.17514068832642984,0.1764254356743059,0.0,,
0.75,0.9,0.1,50,100,repo,500,0,500,0.95,0.24328031585483076,0.24801447038195334,0.0,,
0.75,0.9,0.1,50,100,stratified,500,0,500,0.952,0.2430401367009095,0.24575131040797152,0.0,,
0.75,0.9,0.1,50,100,lang_reiczigel,500,0,500,0.964,0.25294041373461956,0.2568832495882091,0.0,,
0.75,0.9,0.1,50,100,wilson_known,500,0,500,0.834,0.1963833290957698,0.20362359055445783,0.0,,
0.75,0.9,0.1,50,100,point_rogan_gladen,500,0,500,,,,,0.0044183620273565314,0.0710694884213789
0.75,0.9,0.1,50,1000,judgy,500,0,500,0.882,0.17847115590984042,0.1817149193129749,0.0,,
0.75,0.9,0.1,50,1000,skill,500,0,500,0.886,0.1781015382894988,0.179677940456766,0.0,,
0.75,0.9,0.1,50,1000,repo,500,0,500,0.9,0.18713305280581446,0.18843542323807438,0.0,,
0.75,0.9,0.1,50,1000,stratified,500,0,500,0.894,0.18630951396161288,0.18793326159134974,0.0,,
0.75,0.9,0.1,50,1000,lang_reiczigel,500,0,500,0.944,0.1909129129052697,0.1919902305246668,0.0,,
0.75,0.9,0.1,50,1000,wilson_known,500,0,500,0.408,0.06499119535543446,0.06792665392128777,0.0,,
0.75,0.9,0.1,50,1000,point_rogan_gladen,500,0,500,,,,,0.0035373898183267177,0.06024147101922031
0.75,0.9,0.1,100,100,judgy,500,0,500,0.758,0.1358747952734262,0.13835614569458005,0.0,,
0.75,0.9,0.1,100,100,skill,500,0,500,0.768,0.1358729251683701,0.13859556306171933,0.0,,
0.75,0.9,0.1,100,100,repo,500,0,500,0.948,0.22275681832748967,0.22782548626635304,0.0,,
0.75,0.9,0.1,100,100,stratified,500,0,500,0.948,0.22268290080777853,0.226681818181818,0.0,,
0.75,0.9,0.1,100,100,lang_reiczigel,500,0,500,0.964,0.23257777108660566,0.23726216318239857,0.0,,
0.75,0.9,0.1,100,100,wilson_known,500,0,500,0.902,0.19887538753509484,0.20787684565769962,0.0,,
0.75,0.9,0.1,100,100,point_rogan_gladen,500,0,500,,,,,0.001161863512895413,0.06419143182077995
0.75,0.9,0.1,100,1000,judgy,500,0,500,0.906,0.14450965849785735,0.1454174933278491,0.0,,
0.75,0.9,0.1,100,1000,skill,500,0,500,0.906,0.144652363805846,0.14597756681163881,0.0,,
0.75,0.9,0.1,100,1000,repo,500,0,500,0.924,0.15667714998131027,0.15746074632195514,0.0,,
0.75,0.9,0.1,100,1000,stratified,500,0,500,0.926,0.15667279254505465,0.15777501201338662,0.0,,
0.75,0.9,0.1,100,1000,lang_reiczigel,500,0,500,0.936,0.15872270358645754,0.16089218803620756,0.0,,
0.75,0.9,0.1,100,1000,wilson_known,500,0,500,0.592,0.06830037288227801,0.06922962219839854,0.0,,
0.75,0.9,0.1,100,1000,point_rogan_gladen,500,0,500,,,,,-0.0009131279516866988,0.044449779793268585
0.75,0.9,0.1,200,100,judgy,500,0,500,0.638,0.10434902347826164,0.10780835082661283,0.0,,
0.75,0.9,0.1,200,100,skill,500,0,500,0.642,0.10444648953027334,0.10775982357581551,0.0,,
0.75,0.9,0.1,200,100,repo,500,0,500,0.942,0.21004208539352032,0.21774158392842757,0.0,,
0.75,0.9,0.1,200,100,stratified,500,0,500,0.954,0.20984261924760886,0.21613176319528193,0.0,,
0.75,0.9,0.1,200,100,lang_reiczigel,500,0,500,0.956,0.2204192456089497,0.22863781539694839,0.0,,
0.75,0.9,0.1,200,100,wilson_known,500,0,500,0.924,0.20143449237037503,0.2099403982666492,0.0,,
0.75,0.9,0.1,200,100,point_rogan_gladen,500,0,500,,,,,-0.0037866534794966985,0.06207232869865854
0.75,0.9,0.1,200,1000,judgy,500,0,500,0.9,0.11257697254494667,0.11313416573140467,0.0,,
0.75,0.9,0.1,200,1000,skill,500,0,500,0.908,0.11262106395274386,0.11362420967081693,0.0,,
0.75,0.9,0.1,200,1000,repo,500,0,500,0.948,0.13097225341298802,0.13128938597123452,0.0,,
0.75,0.9,0.1,200,1000,stratified,500,0,500,0.954,0.13095617908123552,0.131476389744485,0.0,,
0.75,0.9,0.1,200,1000,lang_reiczigel,500,0,500,0.96,0.13229063566338903,0.13327528735747424,0.0,,
0.75,0.9,0.1,200,1000,wilson_known,500,0,500,0.7,0.07057664040908561,0.07062842027923102,0.0,,
0.75,0.9,0.1,200,1000,point_rogan_gladen,500,0,500,,,,,0.0031123533113696224,0.034120364044840236
0.75,0.9,0.3,10,100,judgy,500,2,498,0.714859437751004,0.5127857387621018,0.4800000000000003,0.009346385542168675,,
0.75,0.9,0.3,10,100,skill,500,2,498,0.7188755020080321,0.5348903194003031,0.4955000000000002,0.009346385542168675,,
0.75,0.9,0.3,10,100,repo,500,2,498,0.9196787148594378,0.5897520665205571,0.544741517857142,0.009346385542168675,,
0.75,0.9,0.3,10,100,stratified,500,2,498,0.9216867469879518,0.5712215289730349,0.5319444444444446,0.009346385542168675,,
0.75,0.9,0.3,10,100,lang_reiczigel,500,2,498,0.9899598393574297,0.5807534163914975,0.5523229403978569,0.009346385542168675,,
0.75,0.9,0.3,10,100,wilson_known,500,2,498,0.6164658634538153,0.26884164666897487,0.2566163736393213,0.009346385542168675,,
0.75,0.9,0.3,10,100,point_rogan_gladen,500,2,498,,,,,0.013151335500733134,0.158314978950099
0.75,0.9,0.3,10,1000,judgy,500,0,500,0.772,0.5108846941808575,0.48099383333333257,0.009057012006003003,,
0.75,0.9,0.3,10,1000,skill,500,0,500,0.784,0.5336789717586892,0.49000000000000005,0.009057012006003003,,
0.75,0.9,0.3,10,1000,repo,500,0,500,0.848,0.5449623239360804,0.4960395833333332,0.009057012006003003,,
0.75,0.9,0.3,10,1000,stratified,500,0,500,0.832,0.5210472944444443,0.4760416666666666,0.009057012006003003,,
0.75,0.9,0.3,10,1000,lang_reiczigel,500,0,500,0.998,0.5204750309502966,0.4858812933014165,0.009057012006003003,,
0.75,0.9,0.3,10,1000,wilson_known,500,0,500,0.312,0.08674747349452855,0.08102431205744626,0.009057012006003003,,
0.75,0.9,0.3,10,1000,point_rogan_gladen,500,0,500,,,,,0.009202841269841285,0.1435686791884913
0.75,0.9,0.3,20,100,judgy,500,0,500,0.83,0.3658583116835083,0.34887501799923487,0.00031000000000000005,,
0.75,0.9,0.3,20,100,skill,500,0,500,0.824,0.36703078291418956,0.3479396817078134,0.00031000000000000005,,
0.75,0.9,0.3,20,100,repo,500,0,500,0.94,0.45585766407863454,0.4319716110105922,0.00031000000000000005,,
0.75,0.9,0.3,20,100,stratified,500,0,500,0.94,0.44972118985056897,0.42726739926739915,0.00031000000000000005,,
0.75,0.9,0.3,20,100,lang_reiczigel,500,0,500,0.97,0.45726223958445744,0.4376374785647349,0.00031000000000000005,,
0.75,0.9,0.3,20,100,wilson_known,500,0,500,0.782,0.27147381766804474,0.26403896335951776,0.00031000000000000005,,
0.75,0.9,0.3,20,100,point_rogan_gladen,500,0,500,,,,,0.0038006474622728605,0.12409984303589093
0.75,0.9,0.3,20,1000,judgy,500,0,500,0.868,0.3703783058726591,0.3593613649027798,0.00029299999999999997,,
0.75,0.9,0.3,20,1000,skill,500,0,500,0.872,0.37192987816805284,0.3585706977849452,0.00029299999999999997,,
0.75,0.9,0.3,20,1000,repo,500,0,500,0.896,0.3821725560631986,0.3672783234126983,0.00029299999999999997,,
0.75,0.9,0.3,20,1000,stratified,500,0,500,0.898,0.37674882840351925,0.3637169237012985,0.00029299999999999997,,
0.75,0.9,0.3,20,1000,lang_reiczigel,500,0,500,0.976,0.3807513634919152,0.3675207010094264,0.00029299999999999997,,
0.75,0.9,0.3,20,1000,wilson_known,500,0,500,0.4,0.08878815895217265,0.08640487473242286,0.00029299999999999997,,
0.75,0.9,0.3,20,1000,point_rogan_gladen,500,0,500,,,,,0.002854911030318144,0.09286989659867896
0.75,0.9,0.3,50,100,judgy,500,0,500,0.782,0.22621773520441435,0.22052581982639946,0.0,,
0.75,0.9,0.3,50,100,skill,500,0,500,0.776,0.22644511741208795,0.221081133891472,0.0,,
0.75,0.9,0.3,50,100,repo,500,0,500,0.962,0.35743250831753987,0.3530947880130258,0.0,,
0.75,0.9,0.3,50,100,stratified,500,0,500,0.96,0.3560993424704054,0.349163100640513,0.0,,
0.75,0.9,0.3,50,100,lang_reiczigel,500,0,500,0.97,0.3596413038024983,0.3534741444723416,0.0,,
0.75,0.9,0.3,50,100,wilson_known,500,0,500,0.892,0.2714500495247636,0.2667904966591241,0.0,,
0.75,0.9,0.3,50,100,point_rogan_gladen,500,0,500,,,,,0.002783665689520072,0.08535289967376221
0.75,0.9,0.3,50,1000,judgy,500,0,500,0.914,0.23206786871915072,0.22607779479993767,0.0,,
0.75,0.9,0.3,50,1000,skill,500,0,500,0.914,0.23193597683810868,0.2279423715916517,0.0,,
0.75,0.9,0.3,50,1000,repo,500,0,500,0.938,0.24883374576010972,0.24264288761518815,0.0,,
0.75,0.9,0.3,50,1000,stratified,500,0,500,0.932,0.24807467825545193,0.24216791827936118,0.0,,
0.75,0.9,0.3,50,1000,lang_reiczigel,500,0,500,0.966,0.2508114654142915,0.24675069543098888,0.0,,
0.75,0.9,0.3,50,1000,wilson_known,500,0,500,0.552,0.08842793230971656,0.08669594445622347,0.0,,
0.75,0.9,0.3,50,1000,point_rogan_gladen,500,0,500,,,,,-0.0007642319493622891,0.061827788361417
0.75,0.9,0.3,100,100,judgy,500,0,500,0.628,0.15691905907484358,0.15560987478493749,0.0,,
0.75,0.9,0.3,100,100,skill,500,0,500,0.636,0.15691363142488254,0.15709072293490323,0.0,,
0.75,0.9,0.3,100,100,repo,500,0,500,0.946,0.3176446568491298,0.31567386414313664,0.0,,
0.75,0.9,0.3,100,100,stratified,500,0,500,0.948,0.31760759145238776,0.31635466952402413,0.0,,
0.75,0.9,0.3,100,100,lang_reiczigel,500,0,500,0.952,0.31840269361608897,0.3161973342151097,0.0,,
0.75,0.9,0.3,100,100,wilson_known,500,0,500,0.912,0.270926425971614,0.2693062061022071,0.0,,
0.75,0.9,0.3,100,100,point_rogan_gladen,500,0,500,,,,,0.0017944549332650434,0.08266870709977918
0.75,0.9,0.3,100,1000,judgy,500,0,500,0.908,0.156854260029258,0.15419694365861153,0.0,,
0.75,0.9,0.3,100,1000,skill,500,0,500,0.91,0.156577128584955,0.15439212304932207,0.0,,
0.75,0.9,0.3,100,1000,repo,500,0,500,0.952,0.17985316263970055,0.17706753570648545,0.0,,
0.75,0.9,0.3,100,1000,stratified,500,0,500,0.95,0.17985888479704773,0.1782107520237996,0.0,,
0.75,0.9,0.3,100,1000,lang_reiczigel,500,0,500,0.958,0.18138651486952148,0.17875370216810232,0.0,,
0.75,0.9,0.3,100,1000,wilson_known,500,0,500,0.668,0.08760003914747436,0.08679442793935896,0.0,,
0.75,0.9,0.3,100,1000,point_rogan_gladen,500,0,500,,,,,0.0009564152827243544,0.0449135097662955
0.75,0.9,0.3,200,100,judgy,500,0,500,0.528,0.10889661715814615,0.10836227932272938,0.0,,
0.75,0.9,0.3,200,100,skill,500,0,500,0.53,0.10879733515553147,0.10792198405312653,0.0,,
0.75,0.9,0.3,200,100,repo,500,0,500,0.944,0.29697812907760407,0.29598056221263447,0.0,,
0.75,0.9,0.3,200,100,stratified,500,0,500,0.95,0.2963596074297949,0.29583178848567726,0.0,,
0.75,0.9,0.3,200,100,lang_reiczigel,500,0,500,0.948,0.29578726517603277,0.29606775851634193,0.0,,
0.75,0.9,0.3,200,100,wilson_known,500,0,500,0.938,0.27112140168878424,0.27106786716773357,0.0,,
0.75,0.9,0.3,200,100,point_rogan_gladen,500,0,500,,,,,0.002633337443323761,0.07417289932857495
0.75,0.9,0.3,200,1000,judgy,500,0,500,0.838,0.10780484839218864,0.10743987488574233,0.0,,
0.75,0.9,0.3,200,1000,skill,500,0,500,0.836,0.10756308900027688,0.10733518959960563,0.0,,
0.75,0.9,0.3,200,1000,repo,500,0,500,0.938,0.13886337789713588,0.1378442061138606,0.0,,
0.75,0.9,0.3,200,1000,stratified,500,0,500,0.938,0.13876799345613056,0.13820678271614384,0.0,,
0.75,0.9,0.3,200,1000,lang_reiczigel,500,0,500,0.942,0.13961741200374017,0.13948037326538187,0.0,,
0.75,0.9,0.3,200,1000,wilson_known,500,0,500,0.76,0.08718751588420813,0.08695352994906413,0.0,,
0.75,0.9,0.3,200,1000,point_rogan_gladen,500,0,500,,,,,0.0023701231292541265,0.037052539244381004
0.75,0.9,0.5,10,100,judgy,500,1,499,0.875751503006012,0.5899426943981928,0.5777777777777778,0.010304609218436874,,
0.75,0.9,0.5,10,100,skill,500,1,499,0.8837675350701403,0.6060344003615802,0.5831720779220769,0.010304609218436874,,
0.75,0.9,0.5,10,100,repo,500,1,499,0.9318637274549099,0.65812188771696,0.6400000000000001,0.010304609218436874,,
0.75,0.9,0.5,10,100,stratified,500,1,499,0.9298597194388778,0.6442567953367051,0.6250000000000001,0.010304609218436874,,
0.75,0.9,0.5,10,100,lang_reiczigel,500,1,499,0.9779559118236473,0.6752446636202354,0.6480769790850827,0.010304609218436874,,
0.75,0.9,0.5,10,100,wilson_known,500,1,499,0.7134268537074149,0.3017314832815837,0.27429035815084823,0.010304609218436874,,
0.75,0.9,0.5,10,100,point_rogan_gladen,500,1,499,,,,,0.015941327098641725,0.17212186254700051
0.75,0.9,0.5,10,1000,judgy,500,0,500,0.9,0.5680084227455224,0.5714859523809521,0.008079002501250626,,
0.75,0.9,0.5,10,1000,skill,500,0,500,0.9,0.5778032987101105,0.5742784090909091,0.008079002501250626,,
0.75,0.9,0.5,10,1000,repo,500,0,500,0.902,0.5847241823550886,0.5726219383445944,0.008079002501250626,,
0.75,0.9,0.5,10,1000,stratified,500,0,500,0.9,0.5709155972222222,0.5544583333333333,0.008079002501250626,,
0.75,0.9,0.5,10,1000,lang_reiczigel,500,0,500,0.978,0.5993368138234754,0.5806893456612419,0.008079002501250626,,
0.75,0.9,0.5,10,1000,wilson_known,500,0,500,0.31,0.09666620862968456,0.08762552223617787,0.008079002501250626,,
0.75,0.9,0.5,10,1000,point_rogan_gladen,500,0,500,,,,,0.011872063492063477,0.1493226388577252
0.75,0.9,0.5,20,100,judgy,500,0,500,0.852,0.43576202638790973,0.4299633064889103,0.00041200000000000004,,
0.75,0.9,0.5,20,100,skill,500,0,500,0.858,0.4362855533458593,0.42501039123396545,0.00041200000000000004,,
0.75,0.9,0.5,20,100,repo,500,0,500,0.946,0.533652329771915,0.518361918261222,0.00041200000000000004,,
0.75,0.9,0.5,20,100,stratified,500,0,500,0.944,0.5282305676194288,0.5134848484848484,0.00041200000000000004,,
0.75,0.9,0.5,20,100,lang_reiczigel,500,0,500,0.962,0.5256388883065515,0.5156364079753836,0.00041200000000000004,,
0.75,0.9,0.5,20,100,wilson_known,500,0,500,0.814,0.30077183239797967,0.29309710656427035,0.00041200000000000004,,
0.75,0.9,0.5,20,100,point_rogan_gladen,500,0,500,,,,,0.004459601875592582,0.12490599274850148
0.75,0.9,0.5,20,1000,judgy,500,0,500,0.932,0.43775128878703473,0.4274131194393703,0.0004940000000000001,,
0.75,0.9,0.5,20,1000,skill,500,0,500,0.932,0.43849766088567976,0.4248065753724803,0.0004940000000000001,,
0.75,0.9,0.5,20,1000,repo,500,0,500,0.938,0.45109752896657646,0.4382648127660599,0.0004940000000000001,,
0.75,0.9,0.5,20,1000,stratified,500,0,500,0.944,0.44308430949654903,0.42956435821123307,0.0004940000000000001,,
0.75,0.9,0.5,20,1000,lang_reiczigel,500,0,500,0.976,0.4340257832584126,0.41573395069594044,0.0004940000000000001,,
0.75,0.9,0.5,20,1000,wilson_known,500,0,500,0.396,0.0977040547415313,0.09411213046863634,0.0004940000000000001,,
0.75,0.9,0.5,20,1000,point_rogan_gladen,500,0,500,,,,,0.004315366853133094,0.10139535786193547
0.75,0.9,0.5,50,100,judgy,500,0,500,0.75,0.2448587617360915,0.2381704819179275,0.0,,
0.75,0.9,0.5,50,100,skill,500,0,500,0.748,0.2448009445028872,0.23632234924830217,0.0,,
0.75,0.9,0.5,50,100,repo,500,0,500,0.96,0.39095352034417247,0.3807570935377984,0.0,,
0.75,0.9,0.5,50,100,stratified,500,0,500,0.966,0.39056734987215846,0.38484392756622293,0.0,,
0.75,0.9,0.5,50,100,lang_reiczigel,500,0,500,0.964,0.38839401667958134,0.3814080555686534,0.0,,
0.75,0.9,0.5,50,100,wilson_known,500,0,500,0.878,0.2921374273658822,0.2886562413132965,0.0,,
0.75,0.9,0.5,50,100,point_rogan_gladen,500,0,500,,,,,-0.006673487166213631,0.09565404127060134
0.75,0.9,0.5,50,1000,judgy,500,0,500,0.926,0.24649858803665844,0.23783616911256586,0.0,,
0.75,0.9,0.5,50,1000,skill,500,0,500,0.92,0.24615101746261786,0.238328132317237,0.0,,
0.75,0.9,0.5,50,1000,repo,500,0,500,0.944,0.2648635899309005,0.2562769514024176,0.0,,
0.75,0.9,0.5,50,1000,stratified,500,0,500,0.942,0.2638477243877892,0.2562033964019848,0.0,,
0.75,0.9,0.5,50,1000,lang_reiczigel,500,0,500,0.952,0.2615897480750868,0.2534153191666053,0.0,,
0.75,0.9,0.5,50,1000,wilson_known,500,0,500,0.524,0.09482484680032217,0.09289895615411062,0.0,,
0.75,0.9,0.5,50,1000,point_rogan_gladen,500,0,500,,,,,0.0024568138107161764,0.06572005911606334
0.75,0.9,0.5,100,100,judgy,500,0,500,0.668,0.1679702208511615,0.16332250277758079,0.0,,
0.75,0.9,0.5,100,100,skill,500,0,500,0.666,0.1678604160352583,0.16428576460882466,0.0,,
0.75,0.9,0.5,100,100,repo,500,0,500,0.952,0.3457636856325709,0.3418060210199303,0.0,,
0.75,0.9,0.5,100,100,stratified,500,0,500,0.956,0.3454858024692714,0.33954236592330955,0.0,,
0.75,0.9,0.5,100,100,lang_reiczigel,500,0,500,0.954,0.34340698869293523,0.3389135652973025,0.0,,
0.75,0.9,0.5,100,100,wilson_known,500,0,500,0.922,0.2935190191160842,0.2905201722364798,0.0,,
0.75,0.9,0.5,100,100,point_rogan_gladen,500,0,500,,,,,-0.001499336921310717,0.0842409182085185
0.75,0.9,0.5,100,1000,judgy,500,0,500,0.904,0.16621107057003626,0.16244431599061362,0.0,,
0.75,0.9,0.5,100,1000,skill,500,0,500,0.902,0.1661340508268255,0.1634049433505906,0.0,,
0.75,0.9,0.5,100,1000,repo,500,0,500,0.942,0.19199296391166568,0.18846611604538563,0.0,,
0.75,0.9,0.5,100,1000,stratified,500,0,500,0.94,0.1917435704176219,0.18804043644664964,0.0,,
0.75,0.9,0.5,100,1000,lang_reiczigel,500,0,500,0.944,0.191540657233517,0.1882128491839304,0.0,,
0.75,0.9,0.5,100,1000,wilson_known,500,0,500,0.678,0.09452769844652874,0.09332336096077151,0.0,,
0.75,0.9,0.5,100,1000,point_rogan_gladen,500,0,500,,,,,0.0017840434144166606,0.04967854991778942
0.75,0.9,0.5,200,100,judgy,500,0,500,0.49,0.1160063728850132,0.11505587013975604,0.0,,
0.75,0.9,0.5,200,100,skill,500,0,500,0.488,0.11594275859257516,0.11504470969021527,0.0,,
0.75,0.9,0.5,200,100,repo,500,0,500,0.94,0.3203491029420253,0.3179824880344416,0.0,,
0.75,0.9,0.5,200,100,stratified,500,0,500,0.942,0.32039189810826085,0.31888089386074003,0.0,,
0.75,0.9,0.5,200,100,lang_reiczigel,500,0,500,0.942,0.3172866617155271,0.31497356666331144,0.0,,
0.75,0.9,0.5,200,100,wilson_known,500,0,500,0.924,0.2920781470147916,0.29001301550069525,0.0,,
0.75,0.9,0.5,200,100,point_rogan_gladen,500,0,500,,,,,-0.0023553675490098234,0.08431644114931569
0.75,0.9,0.5,200,1000,judgy,500,0,500,0.864,0.11481485744703462,0.11374853910303784,0.0,,
0.75,0.9,0.5,200,1000,skill,500,0,500,0.862,0.11477447590783038,0.11380284529139714,0.0,,
0.75,0.9,0.5,200,1000,repo,500,0,500,0.952,0.1489677985326601,0.14754679038254734,0.0,,
0.75,0.9,0.5,200,1000,stratified,500,0,500,0.952,0.1488710150055859,0.14753012641147792,0.0,,
0.75,0.9,0.5,200,1000,lang_reiczigel,500,0,500,0.952,0.1492679680961881,0.14783643098318627,0.0,,
0.75,0.9,0.5,200,1000,wilson_known,500,0,500,0.8,0.09436334364718732,0.0937366291983528,0.0,,
0.75,0.9,0.5,200,1000,point_rogan_gladen,500,0,500,,,,,0.0012104383038787684,0.03687392046902964
0.75,0.9,0.7,10,100,judgy,500,0,500,0.866,0.4843066589176782,0.45109642857142873,0.008974002501250624,,
0.75,0.9,0.7,10,100,skill,500,0,500,0.88,0.5170496396718757,0.47,0.008974002501250624,,
0.75,0.9,0.7,10,100,repo,500,0,500,0.91,0.5677965441983039,0.5175868489583332,0.008974002501250624,,
0.75,0.9,0.7,10,100,stratified,500,0,500,0.908,0.547846371031746,0.5,0.008974002501250624,,
0.75,0.9,0.7,10,100,lang_reiczigel,500,0,500,0.958,0.591744424448958,0.5628080425389651,0.008974002501250624,,
0.75,0.9,0.7,10,100,wilson_known,500,0,500,0.554,0.2601890054424233,0.26942303825211333,0.008974002501250624,,
0.75,0.9,0.7,10,100,point_rogan_gladen,500,0,500,,,,,0.01383674603174606,0.17533927849139966
0.75,0.9,0.7,10,1000,judgy,500,1,499,0.9338677354709419,0.5116597781952658,0.47799999999999976,0.010493987975951904,,
0.75,0.9,0.7,10,1000,skill,500,1,499,0.9498997995991983,0.5453889305879908,0.500347142857143,0.010493987975951904,,
0.75,0.9,0.7,10,1000,repo,500,1,499,0.9539078156312625,0.5529037021470488,0.5088539473684213,0.010493987975951904,,
0.75,0.9,0.7,10,1000,stratified,500,1,499,0.9478957915831663,0.5331414406193339,0.48717460317460337,0.010493987975951904,,
0.75,0.9,0.7,10,1000,lang_reiczigel,500,1,499,0.9779559118236473,0.5706346955761774,0.5559866628266624,0.010493987975951904,,
0.75,0.9,0.7,10,1000,wilson_known,500,1,499,0.23246492985971945,0.08797678450565012,0.08789519101969123,0.010493987975951904,,
0.75,0.9,0.7,10,1000,point_rogan_gladen,500,1,499,,,,,0.022859806915418193,0.15271030122630172
0.75,0.9,0.7,20,100,judgy,500,0,500,0.892,0.398822219135061,0.3944470424484454,0.0005740000000000001,,
0.75,0.9,0.7,20,100,skill,500,0,500,0.892,0.40102226427869475,0.3966542753543642,0.0005740000000000001,,
0.75,0.9,0.7,20,100,repo,500,0,500,0.934,0.47824820661326223,0.4666836770272963,0.0005740000000000001,,
0.75,0.9,0.7,20,100,stratified,500,0,500,0.932,0.47414990613407054,0.46155048076923055,0.0005740000000000001,,
0.75,0.9,0.7,20,100,lang_reiczigel,500,0,500,0.964,0.48867963812570236,0.47595510041470607,0.0005740000000000001,,
0.75,0.9,0.7,20,100,wilson_known,500,0,500,0.732,0.28021464216634656,0.27463471151611296,0.0005740000000000001,,
0.75,0.9,0.7,20,100,point_rogan_gladen,500,0,500,,,,,0.005580310800310842,0.1348561369059381
0.75,0.9,0.7,20,1000,judgy,500,0,500,0.92,0.39726715958616504,0.3979687096774195,0.0005380000000000001,,
0.75,0.9,0.7,20,1000,skill,500,0,500,0.918,0.4006849160871853,0.398824788121392,0.0005380000000000001,,
0.75,0.9,0.7,20,1000,repo,500,0,500,0.928,0.4084527631838563,0.4031858610558318,0.0005380000000000001,,
0.75,0.9,0.7,20,1000,stratified,500,0,500,0.924,0.4047257002908425,0.4030058223026972,0.0005380000000000001,,
0.75,0.9,0.7,20,1000,lang_reiczigel,500,0,500,0.95,0.41850175606258266,0.4156495181127594,0.0005380000000000001,,
0.75,0.9,0.7,20,1000,wilson_known,500,0,500,0.348,0.09177202892441075,0.08830211477934269,0.0005380000000000001,,
0.75,0.9,0.7,20,1000,point_rogan_gladen,500,0,500,,,,,0.008471851314835889,0.1148868299995556
0.75,0.9,0.7,50,100,judgy,500,0,500,0.814,0.2790343684399006,0.277335665241348,0.0,,
0.75,0.9,0.7,50,100,skill,500,0,500,0.818,0.2791606462294594,0.27750328406648705,0.0,,
0.75,0.9,0.7,50,100,repo,500,0,500,0.938,0.3988939837465125,0.4004109895320699,0.0,,
0.75,0.9,0.7,50,100,stratified,500,0,500,0.942,0.3971106564364625,0.39508941203815967,0.0,,
0.75,0.9,0.7,50,100,lang_reiczigel,500,0,500,0.946,0.39866035067266226,0.39753972434161966,0.0,,
0.75,0.9,0.7,50,100,wilson_known,500,0,500,0.848,0.2916474014508641,0.2909140162205964,0.0,,
0.75,0.9,0.7,50,100,point_rogan_gladen,500,0,500,,,,,0.004476198926263289,0.10436498397983926
0.75,0.9,0.7,50,1000,judgy,500,0,500,0.948,0.2860503075353263,0.28939747955857936,0.0,,
0.75,0.9,0.7,50,1000,skill,500,0,500,0.946,0.28591329876897104,0.28986203522199905,0.0,,
0.75,0.9,0.7,50,1000,repo,500,0,500,0.96,0.3003546145264661,0.3030908122597119,0.0,,
0.75,0.9,0.7,50,1000,stratified,500,0,500,0.956,0.29889679116217893,0.3028035461637961,0.0,,
0.75,0.9,0.7,50,1000,lang_reiczigel,500,0,500,0.972,0.2989756465122689,0.30199239325977567,0.0,,
0.75,0.9,0.7,50,1000,wilson_known,500,0,500,0.498,0.0960125484258842,0.09561144983392617,0.0,,
0.75,0.9,0.7,50,1000,point_rogan_gladen,500,0,500,,,,,0.008548776343469603,0.07230582660181123
0.75,0.9,0.7,100,100,judgy,500,0,500,0.712,0.19686434574374667,0.19442376073276157,0.0,,
0.75,0.9,0.7,100,100,skill,500,0,500,0.698,0.19642480574004992,0.19293897245504182,0.0,,
0.75,0.9,0.7,100,100,repo,500,0,500,0.944,0.35212724489212077,0.35091594950870564,0.0,,
0.75,0.9,0.7,100,100,stratified,500,0,500,0.942,0.35262259534750706,0.3516669622418279,0.0,,
0.75,0.9,0.7,100,100,lang_reiczigel,500,0,500,0.94,0.35070409885284287,0.3478946308112016,0.0,,
0.75,0.9,0.7,100,100,wilson_known,500,0,500,0.882,0.29134942766021255,0.29001301550069547,0.0,,
0.75,0.9,0.7,100,100,point_rogan_gladen,500,0,500,,,,,0.0021739893696819017,0.09495271042978186
0.75,0.9,0.7,100,1000,judgy,500,0,500,0.91,0.19605298398330287,0.19362262471725022,0.0,,
0.75,0.9,0.7,100,1000,skill,500,0,500,0.918,0.195767991377288,0.19358068482896706,0.0,,
0.75,0.9,0.7,100,1000,repo,500,0,500,0.952,0.2180157319917598,0.21458433324386406,0.0,,
0.75,0.9,0.7,100,1000,stratified,500,0,500,0.946,0.2174827904498034,0.214456437727934,0.0,,
0.75,0.9,0.7,100,1000,lang_reiczigel,500,0,500,0.956,0.2171734256010086,0.21415656078631173,0.0,,
0.75,0.9,0.7,100,1000,wilson_known,500,0,500,0.572,0.09454503834845031,0.09337403212822609,0.0,,
0.75,0.9,0.7,100,1000,point_rogan_gladen,500,0,500,,,,,-0.0019141523478538576,0.05507364217125041
0.75,0.9,0.7,200,100,judgy,500,0,500,0.558,0.13857057768428838,0.1374404438943853,0.0,,
0.75,0.9,0.7,200,100,skill,500,0,500,0.556,0.1388975261228036,0.13808956152024104,0.0,,
0.75,0.9,0.7,200,100,repo,500,0,500,0.956,0.32783908861259603,0.32676096299949897,0.0,,
0.75,0.9,0.7,200,100,stratified,500,0,500,0.962,0.32892365538703494,0.32793284131677614,0.0,,
0.75,0.9,0.7,200,100,lang_reiczigel,500,0,500,0.966,0.32520789927429894,0.32416407075039344,0.0,,
0.75,0.9,0.7,200,100,wilson_known,500,0,500,0.932,0.2929120139875552,0.2922327788092661,0.0,,
0.75,0.9,0.7,200,100,point_rogan_gladen,500,0,500,,,,,0.004913951824179527,0.08358080806770168
0.75,0.9,0.7,200,1000,judgy,500,0,500,0.886,0.13844102692885166,0.1366599397096358,0.0,,
0.75,0.9,0.7,200,1000,skill,500,0,500,0.884,0.1385070783483008,0.1362784662129612,0.0,,
0.75,0.9,0.7,200,1000,repo,500,0,500,0.944,0.1683532928289734,0.16606876272608162,0.0,,
0.75,0.9,0.7,200,1000,stratified,500,0,500,0.946,0.16832504483122254,0.16593975058458332,0.0,,
0.75,0.9,0.7,200,1000,lang_reiczigel,500,0,500,0.948,0.16827522880832174,0.16579414706473639,0.0,,
0.75,0.9,0.7,200,1000,wilson_known,500,0,500,0.732,0.09491443258438693,0.09444838943782558,0.0,,
0.75,0.9,0.7,200,1000,point_rogan_gladen,500,0,500,,,,,0.00463582330911026,0.043170647030858315
0.75,0.9,0.9,10,100,judgy,500,0,500,0.912,0.33642293828792846,0.33000000000000007,0.007202000500250125,,
0.75,0.9,0.9,10,100,skill,500,0,500,0.926,0.3755329864944661,0.3300000000000003,0.007202000500250125,,
0.75,0.9,0.9,10,100,repo,500,0,500,0.93,0.4135540906954036,0.37793467881944437,0.007202000500250125,,
0.75,0.9,0.9,10,100,stratified,500,0,500,0.928,0.38894063095238096,0.3700000000000001,0.007202000500250125,,
0.75,0.9,0.9,10,100,lang_reiczigel,500,0,500,0.98,0.4432143738378759,0.4120871139838067,0.007202000500250125,,
0.75,0.9,0.9,10,100,wilson_known,500,0,500,0.454,0.17072338356910127,0.20217935454838154,0.007202000500250125,,
0.75,0.9,0.9,10,100,point_rogan_gladen,500,0,500,,,,,-0.019845476190476226,0.12330873852079922
0.75,0.9,0.9,10,1000,judgy,500,0,500,0.914,0.3540662885169776,0.33899999999999997,0.009588000000000001,,
0.75,0.9,0.9,10,1000,skill,500,0,500,0.924,0.4091083496715742,0.3517095454545454,0.009588000000000001,,
0.75,0.9,0.9,10,1000,repo,500,0,500,0.924,0.41309722172512187,0.3558260729386891,0.009588000000000001,,
0.75,0.9,0.9,10,1000,stratified,500,0,500,0.922,0.3848586287698413,0.34551944444444443,0.009588000000000001,,
0.75,0.9,0.9,10,1000,lang_reiczigel,500,0,500,0.944,0.4259378115326408,0.38534794109832654,0.009588000000000001,,
0.75,0.9,0.9,10,1000,wilson_known,500,0,500,0.102,0.062024418237809686,0.07173666220797792,0.009588000000000001,,
0.75,0.9,0.9,10,1000,point_rogan_gladen,500,0,500,,,,,-0.030581523809523843,0.12641480056829218
0.75,0.9,0.9,20,100,judgy,500,0,500,0.904,0.28152123793631867,0.28585714285714287,0.0005250000000000001,,
0.75,0.9,0.9,20,100,skill,500,0,500,0.91,0.2851039492793399,0.28805059895833346,0.0005250000000000001,,
0.75,0.9,0.9,20,100,repo,500,0,500,0.948,0.33142075026232987,0.3347239507489078,0.0005250000000000001,,
0.75,0.9,0.9,20,100,stratified,500,0,500,0.946,0.3260304742337126,0.33333333333333337,0.0005250000000000001,,
0.75,0.9,0.9,20,100,lang_reiczigel,500,0,500,0.97,0.3529403569786449,0.35388913255846166,0.0005250000000000001,,
0.75,0.9,0.9,20,100,wilson_known,500,0,500,0.624,0.19242265962727043,0.22112461673017392,0.0005250000000000001,,
0.75,0.9,0.9,20,100,point_rogan_gladen,500,0,500,,,,,-0.01522726192108547,0.10609266116426284
0.75,0.9,0.9,20,1000,judgy,500,0,500,0.928,0.2804413089568632,0.2827904761904761,0.000357,,
0.75,0.9,0.9,20,1000,skill,500,0,500,0.928,0.2839353511282822,0.284864646962514,0.000357,,
0.75,0.9,0.9,20,1000,repo,500,0,500,0.926,0.2894055987971931,0.28953869883040934,0.000357,,
0.75,0.9,0.9,20,1000,stratified,500,0,500,0.926,0.2826557597003916,0.28534019607843136,0.000357,,
0.75,0.9,0.9,20,1000,lang_reiczigel,500,0,500,0.964,0.30432388237229635,0.3022354007991422,0.000357,,
0.75,0.9,0.9,20,1000,wilson_known,500,0,500,0.22,0.06295586194079586,0.07623634472824348,0.000357,,
0.75,0.9,0.9,20,1000,point_rogan_gladen,500,0,500,,,,,-0.010622742425788876,0.09835359897959188
0.75,0.9,0.9,50,100,judgy,500,0,500,0.876,0.22007321894451473,0.22794841019821116,0.0,,
0.75,0.9,0.9,50,100,skill,500,0,500,0.886,0.22042251091940465,0.22882983915021438,0.0,,
0.75,0.9,0.9,50,100,repo,500,0,500,0.952,0.28670630864763724,0.2942586127356315,0.0,,
0.75,0.9,0.9,50,100,stratified,500,0,500,0.954,0.2857289574152314,0.2940097259062777,0.0,,
0.75,0.9,0.9,50,100,lang_reiczigel,500,0,500,0.956,0.2931815277470486,0.30143655119191126,0.0,,
0.75,0.9,0.9,50,100,wilson_known,500,0,500,0.806,0.21759117676230993,0.2368115598168763,0.0,,
0.75,0.9,0.9,50,100,point_rogan_gladen,500,0,500,,,,,-0.012059518535072481,0.08757831749983236
0.75,0.9,0.9,50,1000,judgy,500,0,500,0.928,0.22250935803616761,0.22970100155719386,0.0,,
0.75,0.9,0.9,50,1000,skill,500,0,500,0.928,0.222095263894111,0.23025021369025256,0.0,,
0.75,0.9,0.9,50,1000,repo,500,0,500,0.932,0.23026379410138464,0.23654691524273114,0.0,,
0.75,0.9,0.9,50,1000,stratified,500,0,500,0.934,0.2295133541138896,0.23750422297297274,0.0,,
0.75,0.9,0.9,50,1000,lang_reiczigel,500,0,500,0.948,0.23343487281327174,0.23935884618208364,0.0,,
0.75,0.9,0.9,50,1000,wilson_known,500,0,500,0.334,0.07218628672966257,0.08169729472593595,0.0,,
0.75,0.9,0.9,50,1000,point_rogan_gladen,500,0,500,,,,,-0.004406153567521892,0.07614242086567369
0.75,0.9,0.9,100,100,judgy,500,0,500,0.782,0.17110286444718062,0.18269605047443194,0.0,,
0.75,0.9,0.9,100,100,skill,500,0,500,0.796,0.1709327429176836,0.18258941710751825,0.0,,
0.75,0.9,0.9,100,100,repo,500,0,500,0.936,0.25827586980290507,0.26509793055831965,0.0,,
0.75,0.9,0.9,100,100,stratified,500,0,500,0.942,0.2575694136867093,0.2651248136815668,0.0,,
0.75,0.9,0.9,100,100,lang_reiczigel,500,0,500,0.95,0.26370210443958353,0.2711585508258705,0.0,,
0.75,0.9,0.9,100,100,wilson_known,500,0,500,0.864,0.21918301274907745,0.23716561566810473,0.0,,
0.75,0.9,0.9,100,100,point_rogan_gladen,500,0,500,,,,,-0.0024862657333911842,0.08135697712743857
0.75,0.9,0.9,100,1000,judgy,500,0,500,0.924,0.18105980483866416,0.18807392740812107,0.0,,
0.75,0.9,0.9,100,1000,skill,500,0,500,0.922,0.18122836062043793,0.18808096212520115,0.0,,
0.75,0.9,0.9,100,1000,repo,500,0,500,0.948,0.19293209803704203,0.19971569257376892,0.0,,
0.75,0.9,0.9,100,1000,stratified,500,0,500,0.946,0.19269242844333884,0.1997255909456856,0.0,,
0.75,0.9,0.9,100,1000,lang_reiczigel,500,0,500,0.952,0.19431427512963348,0.20118991806210196,0.0,,
0.75,0.9,0.9,100,1000,wilson_known,500,0,500,0.48,0.07905976797084566,0.08425880423236026,0.0,,
0.75,0.9,0.9,100,1000,point_rogan_gladen,500,0,500,,,,,-0.0012961089936248645,0.061214208049384995
0.75,0.9,0.9,200,100,judgy,500,0,500,0.696,0.13317407556785393,0.14355754457205144,0.0,,
0.75,0.9,0.9,200,100,skill,500,0,500,0.7,0.13279469590465165,0.14286804490700966,0.0,,
0.75,0.9,0.9,200,100,repo,500,0,500,0.948,0.2412625099578921,0.2503656115086601,0.0,,
0.75,0.9,0.9,200,100,stratified,500,0,500,0.944,0.24107904542073538,0.24822610084513425,0.0,,
0.75,0.9,0.9,200,100,lang_reiczigel,500,0,500,0.956,0.24664649555222454,0.256182946955819,0.0,,
0.75,0.9,0.9,200,100,wilson_known,500,0,500,0.906,0.2228230900581919,0.2397660720016389,0.0,,
0.75,0.9,0.9,200,100,point_rogan_gladen,500,0,500,,,,,0.0031657248797660664,0.07351017105705993
0.75,0.9,0.9,200,1000,judgy,500,0,500,0.89,0.14751931242862718,0.15170136688107855,0.0,,
0.75,0.9,0.9,200,1000,skill,500,0,500,0.896,0.14768126071976576,0.15126947161819781,0.0,,
0.75,0.9,0.9,200,1000,repo,500,0,500,0.94,0.16504896774988004,0.17021713921338438,0.0,,
0.75,0.9,0.9,200,1000,stratified,500,0,500,0.934,0.16487806621425039,0.1687472771666656,0.0,,
0.75,0.9,0.9,200,1000,lang_reiczigel,500,0,500,0.94,0.16554561084517536,0.16983631396275878,0.0,,
0.75,0.9,0.9,200,1000,wilson_known,500,0,500,0.634,0.08458776088419029,0.0870842382691755,0.0,,
0.75,0.9,0.9,200,1000,point_rogan_gladen,500,0,500,,,,,-0.0014676705795372393,0.047904590479114974
0.9,0.6,0.1,10,100,judgy,500,2,498,0.9196787148594378,0.4794201688652215,0.45476190476190465,0.0357844650236765,,
0.9,0.6,0.1,10,100,skill,500,2,498,0.9196787148594378,0.6072715612844785,0.52,0.0357844650236765,,
0.9,0.6,0.1,10,100,repo,500,2,498,0.9417670682730924,0.6406720285236867,0.5499999999999998,0.0357844650236765,,
0.9,0.6,0.1,10,100,stratified,500,2,498,0.9317269076305221,0.6136456659973225,0.5389375,0.0357844650236765,,
0.9,0.6,0.1,10,100,lang_reiczigel,500,2,498,0.9417670682730924,0.6913625112246878,0.643877437058781,0.0357844650236765,,
0.9,0.6,0.1,10,100,wilson_known,500,2,498,0.4357429718875502,0.22442119915997968,0.262252327943863,0.0357844650236765,,
0.9,0.6,0.1,10,100,point_rogan_gladen,500,2,498,,,,,0.06169575125900425,0.18094773584186596
0.9,0.6,0.1,10,1000,judgy,500,6,494,0.9453441295546559,0.49204307301778794,0.46769230769230774,0.03388375564300368,,
0.9,0.6,0.1,10,1000,skill,500,6,494,0.9473684210526315,0.6240933684506892,0.5256571428571428,0.03388375564300368,,
0.9,0.6,0.1,10,1000,repo,500,6,494,0.9493927125506073,0.627749250252657,0.5272243256743256,0.03388375564300368,,
0.9,0.6,0.1,10,1000,stratified,500,6,494,0.9453441295546559,0.5967961614774114,0.5054285714285713,0.03388375564300368,,
0.9,0.6,0.1,10,1000,lang_reiczigel,500,6,494,0.9574898785425101,0.6584065345484841,0.5942445648155379,0.03388375564300368,,
0.9,0.6,0.1,10,1000,wilson_known,500,6,494,0.22267206477732793,0.07235999904553694,0.08809703087359255,0.03388375564300368,,
0.9,0.6,0.1,10,1000,point_rogan_gladen,500,6,494,,,,,0.053723868967289985,0.1660430429605071
0.9,0.6,0.1,20,100,judgy,500,0,500,0.94,0.3663455752657289,0.37046459800136233,0.005634999999999999,,
0.9,0.6,0.1,20,100,skill,500,0,500,0.958,0.4067588452052531,0.38531402380030944,0.005634999999999999,,
0.9,0.6,0.1,20,100,repo,500,0,500,0.974,0.45865441460816125,0.43981117149177623,0.005634999999999999,,
0.9,0.6,0.1,20,100,stratified,500,0,500,0.97,0.45032699984509805,0.4375312499999999,0.005634999999999999,,
0.9,0.6,0.1,20,100,lang_reiczigel,500,0,500,0.972,0.5112774957074813,0.4921882773137993,0.005634999999999999,,
0.9,0.6,0.1,20,100,wilson_known,500,0,500,0.6,0.23381862123563332,0.2692546220432733,0.005634999999999999,,
0.9,0.6,0.1,20,100,point_rogan_gladen,500,0,500,,,,,0.032241269971858215,0.13884245209606122
0.9,0.6,0.1,20,1000,judgy,500,0,500,0.936,0.35847266027551217,0.3673906250000001,0.004730000000000001,,
0.9,0.6,0.1,20,1000,skill,500,0,500,0.942,0.39585423904534983,0.3830769230769233,0.004730000000000001,,
0.9,0.6,0.1,20,1000,repo,500,0,500,0.944,0.40024096112952134,0.3888948246354905,0.004730000000000001,,
0.9,0.6,0.1,20,1000,stratified,500,0,500,0.94,0.3839246254225478,0.38097922077922075,0.004730000000000001,,
0.9,0.6,0.1,20,1000,lang_reiczigel,500,0,500,0.958,0.4613536033961367,0.43874840673052795,0.004730000000000001,,
0.9,0.6,0.1,20,1000,wilson_known,500,0,500,0.25,0.07539297040856059,0.09463633999460232,0.004730000000000001,,
0.9,0.6,0.1,20,1000,point_rogan_gladen,500,0,500,,,,,0.015574483627483635,0.12089482086492626
0.9,0.6,0.1,50,100,judgy,500,0,500,0.88,0.2824059439335764,0.2903210608199748,8e-06,,
0.9,0.6,0.1,50,100,skill,500,0,500,0.878,0.28267165452440507,0.2913193900552401,8e-06,,
0.9,0.6,0.1,50,100,repo,500,0,500,0.962,0.36380383884616163,0.36886399682538773,8e-06,,
0.9,0.6,0.1,50,100,stratified,500,0,500,0.964,0.36289387528955924,0.3684353546910757,8e-06,,
0.9,0.6,0.1,50,100,lang_reiczigel,500,0,500,0.966,0.38731872681787644,0.39164754790712214,8e-06,,
0.9,0.6,0.1,50,100,wilson_known,500,0,500,0.788,0.26641746079949885,0.29001301550069547,8e-06,,
0.9,0.6,0.1,50,100,point_rogan_gladen,500,0,500,,,,,0.02885119744713881,0.1193877097239636
0.9,0.6,0.1,50,1000,judgy,500,0,500,0.95,0.28123175019500635,0.2872376969965201,2.7e-05,,
0.9,0.6,0.1,50,1000,skill,500,0,500,0.946,0.2813039741992316,0.28712885829661194,2.7e-05,,
0.9,0.6,0.1,50,1000,repo,500,0,500,0.954,0.2901796731450777,0.2980004581576645,2.7e-05,,
0.9,0.6,0.1,50,1000,stratified,500,0,500,0.952,0.2888352465896564,0.29501609848484833,2.7e-05,,
0.9,0.6,0.1,50,1000,lang_reiczigel,500,0,500,0.972,0.31626685517426095,0.3192919679880384,2.7e-05,,
0.9,0.6,0.1,50,1000,wilson_known,500,0,500,0.344,0.0889880730801874,0.10821024149364755,2.7e-05,,
0.9,0.6,0.1,50,1000,point_rogan_gladen,500,0,500,,,,,0.009046354448327023,0.09510052302587312
0.9,0.6,0.1,100,100,judgy,500,0,500,0.812,0.22049450556714342,0.23811884221970997,0.0,,
0.9,0.6,0.1,100,100,skill,500,0,500,0.812,0.2201125363046528,0.23870098080647711,0.0,,
0.9,0.6,0.1,100,100,repo,500,0,500,0.93,0.3231125792451937,0.3404294791045227,0.0,,
0.9,0.6,0.1,100,100,stratified,500,0,500,0.932,0.3229651086586119,0.33947447010536624,0.0,,
0.9,0.6,0.1,100,100,lang_reiczigel,500,0,500,0.95,0.3356146128699746,0.35245466369329503,0.0,,
0.9,0.6,0.1,100,100,wilson_known,500,0,500,0.858,0.2697385412421081,0.2976312292407064,0.0,,
0.9,0.6,0.1,100,100,point_rogan_gladen,500,0,500,,,,,0.01337537325573445,0.1016083379327627
0.9,0.6,0.1,100,1000,judgy,500,0,500,0.942,0.23380275899899858,0.24387596784316026,0.0,,
0.9,0.6,0.1,100,1000,skill,500,0,500,0.948,0.23379190143905554,0.24517856745536504,0.0,,
0.9,0.6,0.1,100,1000,repo,500,0,500,0.954,0.24668550589921712,0.2575548008929639,0.0,,
0.9,0.6,0.1,100,1000,stratified,500,0,500,0.96,0.2462654043620973,0.2590246965302861,0.0,,
0.9,0.6,0.1,100,1000,lang_reiczigel,500,0,500,0.958,0.2581292344889329,0.2663573079909868,0.0,,
0.9,0.6,0.1,100,1000,wilson_known,500,0,500,0.472,0.09970642702703292,0.1122146106414055,0.0,,
0.9,0.6,0.1,100,1000,point_rogan_gladen,500,0,500,,,,,0.0054013472595848344,0.07850485002498718
0.9,0.6,0.1,200,100,judgy,500,0,500,0.688,0.16665602490159875,0.18520725915723435,0.0,,
0.9,0.6,0.1,200,100,skill,500,0,500,0.688,0.16666199512555577,0.18679950823659947,0.0,,
0.9,0.6,0.1,200,100,repo,500,0,500,0.948,0.29922468830830107,0.30712796144377774,0.0,,
0.9,0.6,0.1,200,100,stratified,500,0,500,0.95,0.29893371573212396,0.30993971052690983,0.0,,
0.9,0.6,0.1,200,100,lang_reiczigel,500,0,500,0.956,0.30555332852686357,0.3175883124217692,0.0,,
0.9,0.6,0.1,200,100,wilson_known,500,0,500,0.91,0.2693002567153049,0.2846647266225733,0.0,,
0.9,0.6,0.1,200,100,point_rogan_gladen,500,0,500,,,,,0.0029494576542018706,0.09314880398928499
0.9,0.6,0.1,200,1000,judgy,500,0,500,0.914,0.18608928108137124,0.19553965715316765,0.0,,
0.9,0.6,0.1,200,1000,skill,500,0,500,0.908,0.18610381100698936,0.196035072815756,0.0,,
0.9,0.6,0.1,200,1000,repo,500,0,500,0.938,0.20504607779732592,0.21536385140890923,0.0,,
0.9,0.6,0.1,200,1000,stratified,500,0,500,0.94,0.20472457673734454,0.21424969588215603,0.0,,
0.9,0.6,0.1,200,1000,lang_reiczigel,500,0,500,0.952,0.2104328056900589,0.22084962523061127,0.0,,
0.9,0.6,0.1,200,1000,wilson_known,500,0,500,0.622,0.10680161018046526,0.11707822817232866,0.0,,
0.9,0.6,0.1,200,1000,point_rogan_gladen,500,0,500,,,,,-0.004028823556370884,0.06345163456607786
0.9,0.6,0.3,10,100,judgy,500,4,496,0.9193548387096774,0.6210621273469255,0.5975547297297298,0.03282862903225807,,
0.9,0.6,0.3,10,100,skill,500,4,496,0.9435483870967742,0.6870012457171643,0.6480517241379312,0.03282862903225807,,
0.9,0.6,0.3,10,100,repo,500,4,496,0.9576612903225806,0.7228399041022271,0.7010751096491227,0.03282862903225807,,
0.9,0.6,0.3,10,100,stratified,500,4,496,0.9495967741935484,0.7005869715661802,0.6669047619047619,0.03282862903225807,,
0.9,0.6,0.3,10,100,lang_reiczigel,500,4,496,0.9616935483870968,0.7642687172772641,0.7553627058018795,0.03282862903225807,,
0.9,0.6,0.3,10,100,wilson_known,500,4,496,0.5604838709677419,0.314162440239755,0.31827531763379746,0.03282862903225807,,
0.9,0.6,0.3,10,100,point_rogan_gladen,500,4,496,,,,,-0.00957709293394777,0.2069546449149273
0.9,0.6,0.3,10,1000,judgy,500,3,497,0.9235412474849095,0.6141093927619284,0.5771266704545452,0.035056347087024396,,
0.9,0.6,0.3,10,1000,skill,500,3,497,0.9336016096579477,0.6809775788793848,0.6542639999999994,0.035056347087024396,,
0.9,0.6,0.3,10,1000,repo,500,3,497,0.9336016096579477,0.6851605667765166,0.6555972131147542,0.035056347087024396,,
0.9,0.6,0.3,10,1000,stratified,500,3,497,0.9275653923541247,0.6661752243620452,0.6200000000000001,0.035056347087024396,,
0.9,0.6,0.3,10,1000,lang_reiczigel,500,3,497,0.9496981891348089,0.7308777796352929,0.7143508856385217,0.035056347087024396,,
0.9,0.6,0.3,10,1000,wilson_known,500,3,497,0.18108651911468812,0.10139844511895095,0.10280428699383093,0.035056347087024396,,
0.9,0.6,0.3,10,1000,point_rogan_gladen,500,3,497,,,,,-0.011708728561847244,0.212111126800458
0.9,0.6,0.3,20,100,judgy,500,0,500,0.904,0.49924260235013335,0.4887293809111191,0.004332,,
0.9,0.6,0.3,20,100,skill,500,0,500,0.912,0.5216769674982554,0.4962242123030758,0.004332,,
0.9,0.6,0.3,20,100,repo,500,0,500,0.958,0.5928089188199679,0.5686600830395248,0.004332,,
0.9,0.6,0.3,20,100,stratified,500,0,500,0.956,0.5825342959675341,0.5625551470588235,0.004332,,
0.9,0.6,0.3,20,100,lang_reiczigel,500,0,500,0.962,0.6204817088305264,0.6041030475224631,0.004332,,
0.9,0.6,0.3,20,100,wilson_known,500,0,500,0.686,0.33131678834994194,0.3429020486845081,0.004332,,
0.9,0.6,0.3,20,100,point_rogan_gladen,500,0,500,,,,,-0.024221838716838674,0.1744252559218947
0.9,0.6,0.3,20,1000,judgy,500,0,500,0.944,0.5071775921595587,0.49730911730928534,0.0040230000000000005,,
0.9,0.6,0.3,20,1000,skill,500,0,500,0.96,0.53103000957335,0.5055141771689182,0.0040230000000000005,,
0.9,0.6,0.3,20,1000,repo,500,0,500,0.962,0.5374990475067357,0.5073528657316864,0.0040230000000000005,,
0.9,0.6,0.3,20,1000,stratified,500,0,500,0.958,0.5266487058737657,0.5026147321428568,0.0040230000000000005,,
0.9,0.6,0.3,20,1000,lang_reiczigel,500,0,500,0.97,0.5594840689367856,0.5357212978744971,0.0040230000000000005,,
0.9,0.6,0.3,20,1000,wilson_known,500,0,500,0.328,0.11209609287593836,0.11207819298678846,0.0040230000000000005,,
0.9,0.6,0.3,20,1000,point_rogan_gladen,500,0,500,,,,,-0.025815976954418098,0.15531519675394317
0.9,0.6,0.3,50,100,judgy,500,0,500,0.818,0.36612903409606634,0.3651802551096022,1.1e-05,,
0.9,0.6,0.3,50,100,skill,500,0,500,0.82,0.366271265997462,0.36773187109816546,1.1e-05,,
0.9,0.6,0.3,50,100,repo,500,0,500,0.942,0.4898847913691619,0.49480245172976267,1.1e-05,,
0.9,0.6,0.3,50,100,stratified,500,0,500,0.946,0.48869568781221934,0.4919742788996576,1.1e-05,,
0.9,0.6,0.3,50,100,lang_reiczigel,500,0,500,0.952,0.4970167013449092,0.4962294775696656,1.1e-05,,
0.9,0.6,0.3,50,100,wilson_known,500,0,500,0.812,0.35612677531287906,0.35532089294599073,1.1e-05,,
0.9,0.6,0.3,50,100,point_rogan_gladen,500,0,500,,,,,-0.00848110412490798,0.14429839752419246
0.9,0.6,0.3,50,1000,judgy,500,0,500,0.936,0.38496251466000453,0.3842829227844152,9.2e-05,,
0.9,0.6,0.3,50,1000,skill,500,0,500,0.934,0.3847698388236815,0.38627134696618726,9.2e-05,,
0.9,0.6,0.3,50,1000,repo,500,0,500,0.942,0.40084618630340396,0.40037326575237797,9.2e-05,,
0.9,0.6,0.3,50,1000,stratified,500,0,500,0.944,0.3985780300477233,0.3992329173573034,9.2e-05,,
0.9,0.6,0.3,50,1000,lang_reiczigel,500,0,500,0.962,0.4023541671625873,0.4043768065884058,9.2e-05,,
0.9,0.6,0.3,50,1000,wilson_known,500,0,500,0.466,0.12344286892654759,0.12281598348771783,9.2e-05,,
0.9,0.6,0.3,50,1000,point_rogan_gladen,500,0,500,,,,,-0.01060523336223349,0.1043703878674344
0.9,0.6,0.3,100,100,judgy,500,0,500,0.768,0.2742359182066522,0.27463493344454837,0.0,,
0.9,0.6,0.3,100,100,skill,500,0,500,0.766,0.2746288432476607,0.27428493419436656,0.0,,
0.9,0.6,0.3,100,100,repo,500,0,500,0.948,0.444655039370242,0.44740381812976016,0.0,,
0.9,0.6,0.3,100,100,stratified,500,0,500,0.942,0.4446534398951124,0.4490051020408161,0.0,,
0.9,0.6,0.3,100,100,lang_reiczigel,500,0,500,0.954,0.4439120056600764,0.44652761130458096,0.0,,
0.9,0.6,0.3,100,100,wilson_known,500,0,500,0.894,0.3638884067294882,0.3663713832053379,0.0,,
0.9,0.6,0.3,100,100,point_rogan_gladen,500,0,500,,,,,-0.005449086345750304,0.12179722153676714
0.9,0.6,0.3,100,1000,judgy,500,0,500,0.926,0.2853534484006152,0.28424955934771745,0.0,,
0.9,0.6,0.3,100,1000,skill,500,0,500,0.926,0.28541333574819666,0.28428298045675066,0.0,,
0.9,0.6,0.3,100,1000,repo,500,0,500,0.944,0.30979214020635243,0.309642430198606,0.0,,
0.9,0.6,0.3,100,1000,stratified,500,0,500,0.94,0.3091467211262578,0.30900879258331543,0.0,,
0.9,0.6,0.3,100,1000,lang_reiczigel,500,0,500,0.946,0.30525477361230646,0.3029781938736767,0.0,,
0.9,0.6,0.3,100,1000,wilson_known,500,0,500,0.564,0.12314841737349244,0.12085833164996364,0.0,,
0.9,0.6,0.3,100,1000,point_rogan_gladen,500,0,500,,,,,-0.001927139160488678,0.07713419634280182
0.9,0.6,0.3,200,100,judgy,500,0,500,0.642,0.2004614108738521,0.19978182592858468,0.0,,
0.9,0.6,0.3,200,100,skill,500,0,500,0.64,0.20089622893595463,0.19929967555884176,0.0,,
0.9,0.6,0.3,200,100,repo,500,0,500,0.96,0.4199400014043708,0.42178337908607577,0.0,,
0.9,0.6,0.3,200,100,stratified,500,0,500,0.956,0.41959304816166754,0.42072607524625455,0.0,,
0.9,0.6,0.3,200,100,lang_reiczigel,500,0,500,0.964,0.416742927232272,0.41944712335483264,0.0,,
0.9,0.6,0.3,200,100,wilson_known,500,0,500,0.936,0.37287449801058026,0.37396568069224756,0.0,,
0.9,0.6,0.3,200,100,point_rogan_gladen,500,0,500,,,,,-0.001653519852190259,0.10559917149191198
0.9,0.6,0.3,200,1000,judgy,500,0,500,0.904,0.2026917285918044,0.19942134331778882,0.0,,
0.9,0.6,0.3,200,1000,skill,500,0,500,0.904,0.20270465192095077,0.19933900354841677,0.0,,
0.9,0.6,0.3,200,1000,repo,500,0,500,0.948,0.23775935703053377,0.23452233208365886,0.0,,
0.9,0.6,0.3,200,1000,stratified,500,0,500,0.948,0.23718659675090073,0.23390103279303176,0.0,,
0.9,0.6,0.3,200,1000,lang_reiczigel,500,0,500,0.952,0.2352928653717331,0.23252197695563592,0.0,,
0.9,0.6,0.3,200,1000,wilson_known,500,0,500,0.716,0.12362136086610963,0.122478300319755,0.0,,
0.9,0.6,0.3,200,1000,point_rogan_gladen,500,0,500,,,,,-0.0026075458982454474,0.060003169342619296
0.9,0.6,0.5,10,100,judgy,500,3,497,0.9094567404426559,0.6972322355440139,0.6533333333333337,0.02918312878773391,,
0.9,0.6,0.5,10,100,skill,500,3,497,0.9295774647887324,0.73697823884658,0.7316558441558437,0.02918312878773391,,
0.9,0.6,0.5,10,100,repo,500,3,497,0.96579476861167,0.7766589905765627,0.7844999999999968,0.02918312878773391,,
0.9,0.6,0.5,10,100,stratified,500,3,497,0.959758551307847,0.7547790712529143,0.7253749999999981,0.02918312878773391,,
0.9,0.6,0.5,10,100,lang_reiczigel,500,3,497,0.9738430583501007,0.7785271428338211,0.7653933020050386,0.02918312878773391,,
0.9,0.6,0.5,10,100,wilson_known,500,3,497,0.6458752515090543,0.36046928463581657,0.34305677863188455,0.02918312878773391,,
0.9,0.6,0.5,10,100,point_rogan_gladen,500,3,497,,,,,-0.026687665676599297,0.2165416041994991
0.9,0.6,0.5,10,1000,judgy,500,5,495,0.9535353535353536,0.7121036307841148,0.6881612903225804,0.032487904558339775,,
0.9,0.6,0.5,10,1000,skill,500,5,495,0.9515151515151515,0.7470134269130219,0.7869999999999996,0.032487904558339775,,
0.9,0.6,0.5,10,1000,repo,500,5,495,0.9535353535353536,0.7523401262484789,0.7957722857142855,0.032487904558339775,,
0.9,0.6,0.5,10,1000,stratified,500,5,495,0.9434343434343434,0.7253065289802788,0.751,0.032487904558339775,,
0.9,0.6,0.5,10,1000,lang_reiczigel,500,5,495,0.9777777777777777,0.748724815143923,0.737997425628313,0.032487904558339775,,
0.9,0.6,0.5,10,1000,wilson_known,500,5,495,0.2505050505050505,0.12366170485271766,0.11707395891095107,0.032487904558339775,,
0.9,0.6,0.5,10,1000,point_rogan_gladen,500,5,495,,,,,-0.030438896905563565,0.20320703461694564
0.9,0.6,0.5,20,100,judgy,500,0,500,0.868,0.5755497132794513,0.5528762115020869,0.005351000000000001,,
0.9,0.6,0.5,20,100,skill,500,0,500,0.886,0.5959086905734648,0.5634993119880297,0.005351000000000001,,
0.9,0.6,0.5,20,100,repo,500,0,500,0.948,0.6822326660537946,0.6589647239263802,0.005351000000000001,,
0.9,0.6,0.5,20,100,stratified,500,0,500,0.948,0.6692739204949246,0.6473517316017314,0.005351000000000001,,
0.9,0.6,0.5,20,100,lang_reiczigel,500,0,500,0.966,0.6661360002652496,0.6476767321232783,0.005351000000000001,,
0.9,0.6,0.5,20,100,wilson_known,500,0,500,0.72,0.37118206153172345,0.36264220449644924,0.005351000000000001,,
0.9,0.6,0.5,20,100,point_rogan_gladen,500,0,500,,,,,-0.01924784104784103,0.1934586460982508
0.9,0.6,0.5,20,1000,judgy,500,0,500,0.922,0.5974543814641556,0.5766160945120158,0.005131,,
0.9,0.6,0.5,20,1000,skill,500,0,500,0.932,0.6095567359426838,0.5825770908039324,0.005131,,
0.9,0.6,0.5,20,1000,repo,500,0,500,0.942,0.6195267522679004,0.5937771125670993,0.005131,,
0.9,0.6,0.5,20,1000,stratified,500,0,500,0.934,0.607594280463989,0.5843613636363636,0.005131,,
0.9,0.6,0.5,20,1000,lang_reiczigel,500,0,500,0.96,0.5776625265101462,0.5698988522447297,0.005131,,
0.9,0.6,0.5,20,1000,wilson_known,500,0,500,0.358,0.1230624127963932,0.11781014117849153,0.005131,,
0.9,0.6,0.5,20,1000,point_rogan_gladen,500,0,500,,,,,-0.016770359751359702,0.15450934552050016
0.9,0.6,0.5,50,100,judgy,500,0,500,0.77,0.3649935930672634,0.35842359772702237,3.1e-05,,
0.9,0.6,0.5,50,100,skill,500,0,500,0.774,0.3646662356130994,0.3557180792832644,3.1e-05,,
0.9,0.6,0.5,50,100,repo,500,0,500,0.948,0.5261418507482108,0.514574482673997,3.1e-05,,
0.9,0.6,0.5,50,100,stratified,500,0,500,0.95,0.524722489832956,0.5180337881610131,3.1e-05,,
0.9,0.6,0.5,50,100,lang_reiczigel,500,0,500,0.966,0.5135719253082026,0.5052357227620272,3.1e-05,,
0.9,0.6,0.5,50,100,wilson_known,500,0,500,0.864,0.371454782574349,0.36125004756234746,3.1e-05,,
0.9,0.6,0.5,50,100,point_rogan_gladen,500,0,500,,,,,-0.013183909225826372,0.13669294226702056
0.9,0.6,0.5,50,1000,judgy,500,0,500,0.924,0.36952353351728723,0.3558149330933905,0.00011700000000000001,,
0.9,0.6,0.5,50,1000,skill,500,0,500,0.92,0.37034276317672027,0.35800575314374444,0.00011700000000000001,,
0.9,0.6,0.5,50,1000,repo,500,0,500,0.94,0.3899547750446843,0.37517135970390963,0.00011700000000000001,,
0.9,0.6,0.5,50,1000,stratified,500,0,500,0.94,0.38844589743323593,0.3743306550929601,0.00011700000000000001,,
0.9,0.6,0.5,50,1000,lang_reiczigel,500,0,500,0.958,0.370618617527147,0.356484412123255,0.00011700000000000001,,
0.9,0.6,0.5,50,1000,wilson_known,500,0,500,0.488,0.12165294207477058,0.1181607634816042,0.00011700000000000001,,
0.9,0.6,0.5,50,1000,point_rogan_gladen,500,0,500,,,,,-0.013570728942728039,0.0970638477531578
0.9,0.6,0.5,100,100,judgy,500,0,500,0.686,0.24538661849564186,0.23824861192838048,0.0,,
0.9,0.6,0.5,100,100,skill,500,0,500,0.686,0.24529688428336288,0.23934808775944907,0.0,,
0.9,0.6,0.5,100,100,repo,500,0,500,0.968,0.45451464941394343,0.44726981270099675,0.0,,
0.9,0.6,0.5,100,100,stratified,500,0,500,0.968,0.4549407153603669,0.45072311515076563,0.0,,
0.9,0.6,0.5,100,100,lang_reiczigel,500,0,500,0.964,0.4465466251566212,0.4406777773223902,0.0,,
0.9,0.6,0.5,100,100,wilson_known,500,0,500,0.922,0.369990464480478,0.36521500695854403,0.0,,
0.9,0.6,0.5,100,100,point_rogan_gladen,500,0,500,,,,,-0.000876529987334349,0.11225789984108507
0.9,0.6,0.5,100,1000,judgy,500,0,500,0.904,0.2422221284783579,0.23569450681738402,0.0,,
0.9,0.6,0.5,100,1000,skill,500,0,500,0.906,0.24285480291634354,0.23670370209780933,0.0,,
0.9,0.6,0.5,100,1000,repo,500,0,500,0.946,0.27141327482386984,0.26620640179212773,0.0,,
0.9,0.6,0.5,100,1000,stratified,500,0,500,0.944,0.27024134365040997,0.26520911526074586,0.0,,
0.9,0.6,0.5,100,1000,lang_reiczigel,500,0,500,0.952,0.26479440488623446,0.26037745299773396,0.0,,
0.9,0.6,0.5,100,1000,wilson_known,500,0,500,0.604,0.11920559738555517,0.11756992848360692,0.0,,
0.9,0.6,0.5,100,1000,point_rogan_gladen,500,0,500,,,,,-0.0015620918410161585,0.06823588817853736
0.9,0.6,0.5,200,100,judgy,500,0,500,0.536,0.16843081807095386,0.16474316533497718,0.0,,
0.9,0.6,0.5,200,100,skill,500,0,500,0.532,0.16841299266566045,0.16513140062545076,0.0,,
0.9,0.6,0.5,200,100,repo,500,0,500,0.942,0.41526648711194825,0.41261890648730537,0.0,,
0.9,0.6,0.5,200,100,stratified,500,0,500,0.942,0.4155586943585456,0.41165431972456346,0.0,,
0.9,0.6,0.5,200,100,lang_reiczigel,500,0,500,0.942,0.40981748980612304,0.4070098201441962,0.0,,
0.9,0.6,0.5,200,100,wilson_known,500,0,500,0.926,0.3697386424454672,0.36725943368004693,0.0,,
0.9,0.6,0.5,200,100,point_rogan_gladen,500,0,500,,,,,-0.006533257814806538,0.1047804326174121
0.9,0.6,0.5,200,1000,judgy,500,0,500,0.898,0.163568300788591,0.16101172227951824,0.0,,
0.9,0.6,0.5,200,1000,skill,500,0,500,0.9,0.1636685818825681,0.16124571076527716,0.0,,
0.9,0.6,0.5,200,1000,repo,500,0,500,0.958,0.20248403693820777,0.2007239185707167,0.0,,
0.9,0.6,0.5,200,1000,stratified,500,0,500,0.96,0.2025730943064006,0.20022799420206025,0.0,,
0.9,0.6,0.5,200,1000,lang_reiczigel,500,0,500,0.958,0.20090452347555196,0.19830836376551345,0.0,,
0.9,0.6,0.5,200,1000,wilson_known,500,0,500,0.79,0.11806364550496172,0.11706647083697069,0.0,,
0.9,0.6,0.5,200,1000,point_rogan_gladen,500,0,500,,,,,-0.0003928567976923041,0.04834776825529687
0.9,0.6,0.7,10,100,judgy,500,3,497,0.8390342052313883,0.6536276306003843,0.6450000000000005,0.031678146920542764,,
0.9,0.6,0.7,10,100,skill,500,3,497,0.8531187122736419,0.6955290618753561,0.676,0.031678146920542764,,
0.9,0.6,0.7,10,100,repo,500,3,497,0.9094567404426559,0.7346786414949067,0.7341369047619047,0.031678146920542764,,
0.9,0.6,0.7,10,100,stratified,500,3,497,0.9094567404426559,0.7132436124684616,0.7000000000000001,0.031678146920542764,,
0.9,0.6,0.7,10,100,lang_reiczigel,500,3,497,0.9859154929577465,0.6999224445557488,0.6738317884933525,0.031678146920542764,,
0.9,0.6,0.7,10,100,wilson_known,500,3,497,0.6659959758551308,0.3370061423738379,0.3109244645242528,0.031678146920542764,,
0.9,0.6,0.7,10,100,point_rogan_gladen,500,3,497,,,,,-0.02817795662866085,0.1980519449947595
0.9,0.6,0.7,10,1000,judgy,500,3,497,0.8732394366197183,0.6336830158669392,0.6277500000000004,0.03288030786016751,,
0.9,0.6,0.7,10,1000,skill,500,3,497,0.8792756539235412,0.6785141381274482,0.656,0.03288030786016751,,
0.9,0.6,0.7,10,1000,repo,500,3,497,0.8913480885311871,0.6834710439677474,0.6648985714285712,0.03288030786016751,,
0.9,0.6,0.7,10,1000,stratified,500,3,497,0.8873239436619719,0.6537756539235412,0.6357222222222222,0.03288030786016751,,
0.9,0.6,0.7,10,1000,lang_reiczigel,500,3,497,0.9919517102615694,0.6360202815055852,0.5764793590477211,0.03288030786016751,,
0.9,0.6,0.7,10,1000,wilson_known,500,3,497,0.26156941649899396,0.11028631429834407,0.10292320801133403,0.03288030786016751,,
0.9,0.6,0.7,10,1000,point_rogan_gladen,500,3,497,,,,,-0.035192320590207916,0.19976201859521198
0.9,0.6,0.7,20,100,judgy,500,0,500,0.85,0.5252246809130684,0.48925018642803875,0.004553000000000001,,
0.9,0.6,0.7,20,100,skill,500,0,500,0.862,0.5403729964332692,0.49907218992248037,0.004553000000000001,,
0.9,0.6,0.7,20,100,repo,500,0,500,0.948,0.6252751717161869,0.5949321267381906,0.004553000000000001,,
0.9,0.6,0.7,20,100,stratified,500,0,500,0.94,0.6138520283228122,0.5800227272727273,0.004553000000000001,,
0.9,0.6,0.7,20,100,lang_reiczigel,500,0,500,0.986,0.5840501931694689,0.5585087880485468,0.004553000000000001,,
0.9,0.6,0.7,20,100,wilson_known,500,0,500,0.748,0.34402387155743724,0.32715402337187827,0.004553000000000001,,
0.9,0.6,0.7,20,100,point_rogan_gladen,500,0,500,,,,,-0.01171366411366406,0.1579004734814838
0.9,0.6,0.7,20,1000,judgy,500,0,500,0.898,0.5124374156393308,0.46759799243782857,0.005914,,
0.9,0.6,0.7,20,1000,skill,500,0,500,0.896,0.525819125323031,0.4749881548385956,0.005914,,
0.9,0.6,0.7,20,1000,repo,500,0,500,0.916,0.535489426584061,0.483604314673041,0.005914,,
0.9,0.6,0.7,20,1000,stratified,500,0,500,0.908,0.5256794873111837,0.4761083333333329,0.005914,,
0.9,0.6,0.7,20,1000,lang_reiczigel,500,0,500,0.986,0.4874233459040047,0.44845698735321,0.005914,,
0.9,0.6,0.7,20,1000,wilson_known,500,0,500,0.334,0.11123526538877306,0.10429293037922527,0.005914,,
0.9,0.6,0.7,20,1000,point_rogan_gladen,500,0,500,,,,,0.0004310466069878487,0.13462877728534312
0.9,0.6,0.7,50,100,judgy,500,0,500,0.774,0.3174257261609807,0.3016479413782561,1.6e-05,,
0.9,0.6,0.7,50,100,skill,500,0,500,0.772,0.31834791927592265,0.30256902208682307,1.6e-05,,
0.9,0.6,0.7,50,100,repo,500,0,500,0.936,0.46363978046279125,0.44385472832225337,1.6e-05,,
0.9,0.6,0.7,50,100,stratified,500,0,500,0.944,0.46192912250640544,0.44293290043290046,1.6e-05,,
0.9,0.6,0.7,50,100,lang_reiczigel,500,0,500,0.966,0.4555670861724813,0.4396700658861963,1.6e-05,,
0.9,0.6,0.7,50,100,wilson_known,500,0,500,0.856,0.3374986751498652,0.3275920247854428,1.6e-05,,
0.9,0.6,0.7,50,100,point_rogan_gladen,500,0,500,,,,,-0.005103932831035417,0.12006289136462941
0.9,0.6,0.7,50,1000,judgy,500,0,500,0.908,0.31951870285645884,0.3055043809180509,4e-05,,
0.9,0.6,0.7,50,1000,skill,500,0,500,0.908,0.3199839390796681,0.30588465518638924,4e-05,,
0.9,0.6,0.7,50,1000,repo,500,0,500,0.934,0.3387790032017447,0.3270303327203061,4e-05,,
0.9,0.6,0.7,50,1000,stratified,500,0,500,0.934,0.33720248617862875,0.3233853787645546,4e-05,,
0.9,0.6,0.7,50,1000,lang_reiczigel,500,0,500,0.966,0.3278712453911559,0.32280753486473535,4e-05,,
0.9,0.6,0.7,50,1000,wilson_known,500,0,500,0.566,0.10996008548397108,0.10605050443332908,4e-05,,
0.9,0.6,0.7,50,1000,point_rogan_gladen,500,0,500,,,,,-0.002741507727157168,0.08462154715573283
0.9,0.6,0.7,100,100,judgy,500,0,500,0.688,0.21759355208808545,0.21233089538217037,0.0,,
0.9,0.6,0.7,100,100,skill,500,0,500,0.694,0.2178835963483399,0.21322038919618286,0.0,,
0.9,0.6,0.7,100,100,repo,500,0,500,0.962,0.40321985379442526,0.39927641977578576,0.0,,
0.9,0.6,0.7,100,100,stratified,500,0,500,0.958,0.40317066211279157,0.4000000000000001,0.0,,
0.9,0.6,0.7,100,100,lang_reiczigel,500,0,500,0.972,0.40131639996716123,0.39698439460571744,0.0,,
0.9,0.6,0.7,100,100,wilson_known,500,0,500,0.928,0.3358789848307247,0.3328799416851085,0.0,,
0.9,0.6,0.7,100,100,point_rogan_gladen,500,0,500,,,,,0.004175930826788773,0.09470559415184135
0.9,0.6,0.7,100,1000,judgy,500,0,500,0.898,0.21727638983574524,0.21153293324262062,0.0,,
0.9,0.6,0.7,100,1000,skill,500,0,500,0.902,0.21724474814073994,0.21184683893504913,0.0,,
0.9,0.6,0.7,100,1000,repo,500,0,500,0.932,0.24405403679495935,0.23755043661193348,0.0,,
0.9,0.6,0.7,100,1000,stratified,500,0,500,0.936,0.24370570713212777,0.23725779908475642,0.0,,
0.9,0.6,0.7,100,1000,lang_reiczigel,500,0,500,0.954,0.24120842591345526,0.2351430211916954,0.0,,
0.9,0.6,0.7,100,1000,wilson_known,500,0,500,0.666,0.10879206634041384,0.10620207075685945,0.0,,
0.9,0.6,0.7,100,1000,point_rogan_gladen,500,0,500,,,,,0.0022852853690454133,0.06211432359237124
0.9,0.6,0.7,200,100,judgy,500,0,500,0.564,0.14972622189112883,0.14775231596063215,0.0,,
0.9,0.6,0.7,200,100,skill,500,0,500,0.564,0.14993512888508065,0.14893160748358902,0.0,,
0.9,0.6,0.7,200,100,repo,500,0,500,0.938,0.37123558702166676,0.3691928274461938,0.0,,
0.9,0.6,0.7,200,100,stratified,500,0,500,0.944,0.37155140595839686,0.36898337469404463,0.0,,
0.9,0.6,0.7,200,100,lang_reiczigel,500,0,500,0.942,0.3707178132561203,0.3695769823445283,0.0,,
0.9,0.6,0.7,200,100,wilson_known,500,0,500,0.924,0.3355665705651433,0.332787463907864,0.0,,
0.9,0.6,0.7,200,100,point_rogan_gladen,500,0,500,,,,,-0.004090117284457337,0.09611603135569398
0.9,0.6,0.7,200,1000,judgy,500,0,500,0.862,0.14892165630686965,0.1478335018292295,0.0,,
0.9,0.6,0.7,200,1000,skill,500,0,500,0.86,0.14879640806147335,0.1474208156893897,0.0,,
0.9,0.6,0.7,200,1000,repo,500,0,500,0.94,0.18528437116378482,0.18377556457818267,0.0,,
0.9,0.6,0.7,200,1000,stratified,500,0,500,0.942,0.1850839811638612,0.18231354054054077,0.0,,
0.9,0.6,0.7,200,1000,lang_reiczigel,500,0,500,0.95,0.18445210182000082,0.18260534057705358,0.0,,
0.9,0.6,0.7,200,1000,wilson_known,500,0,500,0.76,0.10863598991028084,0.10789200673410898,0.0,,
0.9,0.6,0.7,200,1000,point_rogan_gladen,500,0,500,,,,,-0.0025187233154119874,0.047449920570799366
0.9,0.6,0.9,10,100,judgy,500,7,493,0.6835699797160243,0.4501704888649985,0.38400000000000023,0.03475153550406034,,
0.9,0.6,0.9,10,100,skill,500,7,493,0.6937119675456389,0.5578921676649027,0.4800000000000003,0.03475153550406034,,
0.9,0.6,0.9,10,100,repo,500,7,493,0.7728194726166329,0.5964278504290603,0.5400000000000005,0.03475153550406034,,
0.9,0.6,0.9,10,100,stratified,500,7,493,0.77079107505071,0.5484101025467658,0.4671666666666653,0.03475153550406034,,
0.9,0.6,0.9,10,100,lang_reiczigel,500,7,493,1.0,0.5361197209251971,0.4768465588569887,0.03475153550406034,,
0.9,0.6,0.9,10,100,wilson_known,500,7,493,0.5294117647058824,0.2283200043822642,0.21805848384708026,0.03475153550406034,,
0.9,0.6,0.9,10,100,point_rogan_gladen,500,7,493,,,,,-0.039997182781158484,0.14878032900989563
0.9,0.6,0.9,10,1000,judgy,500,5,495,0.6686868686868687,0.4327260725140976,0.3602500000000005,0.0351081217376365,,
0.9,0.6,0.9,10,1000,skill,500,5,495,0.6707070707070707,0.5666074304554872,0.4770000000000002,0.0351081217376365,,
0.9,0.6,0.9,10,1000,repo,500,5,495,0.6707070707070707,0.5701612303888076,0.47418749999999954,0.0351081217376365,,
0.9,0.6,0.9,10,1000,stratified,500,5,495,0.6707070707070707,0.5088981184864518,0.4059999999999999,0.0351081217376365,,
0.9,0.6,0.9,10,1000,lang_reiczigel,500,5,495,1.0,0.491168209347105,0.42274985188488357,0.0351081217376365,,
0.9,0.6,0.9,10,1000,wilson_known,500,5,495,0.29292929292929293,0.0622287894135273,0.0708362517969352,0.0351081217376365,,
0.9,0.6,0.9,10,1000,point_rogan_gladen,500,5,495,,,,,-0.02977908449575123,0.12913011890227669
0.9,0.6,0.9,20,100,judgy,500,0,500,0.82,0.31591932811557183,0.2749999999999998,0.005037,,
0.9,0.6,0.9,20,100,skill,500,0,500,0.828,0.3371906423012464,0.2819841269841267,0.005037,,
0.9,0.6,0.9,20,100,repo,500,0,500,0.88,0.4046918282432353,0.34483035714285726,0.005037,,
0.9,0.6,0.9,20,100,stratified,500,0,500,0.872,0.39381674774717884,0.3428571428571431,0.005037,,
0.9,0.6,0.9,20,100,lang_reiczigel,500,0,500,0.984,0.40065837900918955,0.36710032661068825,0.005037,,
0.9,0.6,0.9,20,100,wilson_known,500,0,500,0.64,0.2291700601078618,0.22684740918374502,0.005037,,
0.9,0.6,0.9,20,100,point_rogan_gladen,500,0,500,,,,,-0.02820992781728077,0.1220869202070565
0.9,0.6,0.9,20,1000,judgy,500,0,500,0.874,0.29852245579960857,0.2830397727272726,0.005417,,
0.9,0.6,0.9,20,1000,skill,500,0,500,0.884,0.3372150194873525,0.2947745580808083,0.005417,,
0.9,0.6,0.9,20,1000,repo,500,0,500,0.884,0.34559879689865053,0.3008930319680319,0.005417,,
0.9,0.6,0.9,20,1000,stratified,500,0,500,0.882,0.3332234066666392,0.29528333333333323,0.005417,,
0.9,0.6,0.9,20,1000,lang_reiczigel,500,0,500,0.998,0.3346382997731985,0.3127362371107621,0.005417,,
0.9,0.6,0.9,20,1000,wilson_known,500,0,500,0.246,0.06542447276349375,0.07445490632936896,0.005417,,
0.9,0.6,0.9,20,1000,point_rogan_gladen,500,0,500,,,,,-0.013620258809817678,0.09697375997346609
0.9,0.6,0.9,50,100,judgy,500,0,500,0.812,0.2122608811673783,0.20941900600598873,7e-06,,
0.9,0.6,0.9,50,100,skill,500,0,500,0.812,0.21249496546236923,0.2110069006223907,7e-06,,
0.9,0.6,0.9,50,100,repo,500,0,500,0.932,0.29273972644352964,0.2902437784496216,7e-06,,
0.9,0.6,0.9,50,100,stratified,500,0,500,0.936,0.2916108146195571,0.28961719556243526,7e-06,,
0.9,0.6,0.9,50,100,lang_reiczigel,500,0,500,0.956,0.3075548633887139,0.30323977335302416,7e-06,,
0.9,0.6,0.9,50,100,wilson_known,500,0,500,0.788,0.23179628698947477,0.23959921738601458,7e-06,,
0.9,0.6,0.9,50,100,point_rogan_gladen,500,0,500,,,,,-0.008768684134595585,0.093531254246088
0.9,0.6,0.9,50,1000,judgy,500,0,500,0.91,0.21904480489943853,0.2191544646314943,5.7e-05,,
0.9,0.6,0.9,50,1000,skill,500,0,500,0.916,0.21936230105274152,0.21728599346642485,5.7e-05,,
0.9,0.6,0.9,50,1000,repo,500,0,500,0.928,0.22945031051402834,0.22851015237475913,5.7e-05,,
0.9,0.6,0.9,50,1000,stratified,500,0,500,0.924,0.22801780007534872,0.22800833333333315,5.7e-05,,
0.9,0.6,0.9,50,1000,lang_reiczigel,500,0,500,0.964,0.23386306399212975,0.23569270238879247,5.7e-05,,
0.9,0.6,0.9,50,1000,wilson_known,500,0,500,0.43,0.07835252243007952,0.08368793556763743,5.7e-05,,
0.9,0.6,0.9,50,1000,point_rogan_gladen,500,0,500,,,,,-0.005387437114814091,0.07126847838522794
0.9,0.6,0.9,100,100,judgy,500,0,500,0.774,0.16827383171421068,0.1739417862444705,0.0,,
0.9,0.6,0.9,100,100,skill,500,0,500,0.77,0.16814235659530896,0.17324392984382536,0.0,,
0.9,0.6,0.9,100,100,repo,500,0,500,0.94,0.2695615325070272,0.2712546310987726,0.0,,
0.9,0.6,0.9,100,100,stratified,500,0,500,0.934,0.2700023173706224,0.2743725326615628,0.0,,
0.9,0.6,0.9,100,100,lang_reiczigel,500,0,500,0.952,0.2850271253662053,0.28771248244562,0.0,,
0.9,0.6,0.9,100,100,wilson_known,500,0,500,0.856,0.2420341488900108,0.25132126439811564,0.0,,
0.9,0.6,0.9,100,100,point_rogan_gladen,500,0,500,,,,,-0.009085743715435279,0.08258063386510164
0.9,0.6,0.9,100,1000,judgy,500,0,500,0.928,0.17612209847300037,0.17787851485926864,0.0,,
0.9,0.6,0.9,100,1000,skill,500,0,500,0.93,0.17607692831395247,0.17952499865413696,0.0,,
0.9,0.6,0.9,100,1000,repo,500,0,500,0.948,0.18969851977927096,0.19394002891367068,0.0,,
0.9,0.6,0.9,100,1000,stratified,500,0,500,0.95,0.18942777233849062,0.19297074806429715,0.0,,
0.9,0.6,0.9,100,1000,lang_reiczigel,500,0,500,0.958,0.19191248049743445,0.19534627416790473,0.0,,
0.9,0.6,0.9,100,1000,wilson_known,500,0,500,0.538,0.08321101128188556,0.0855135433897255,0.0,,
0.9,0.6,0.9,100,1000,point_rogan_gladen,500,0,500,,,,,-0.0005459036857965891,0.05529388069351879
0.9,0.6,0.9,200,100,judgy,500,0,500,0.646,0.12489673009293523,0.1301998297910486,0.0,,
0.9,0.6,0.9,200,100,skill,500,0,500,0.634,0.12496156678299511,0.13080632591599684,0.0,,
0.9,0.6,0.9,200,100,repo,500,0,500,0.944,0.2483250771117523,0.252633887774067,0.0,,
0.9,0.6,0.9,200,100,stratified,500,0,500,0.952,0.24818463569826243,0.25002920560747655,0.0,,
0.9,0.6,0.9,200,100,lang_reiczigel,500,0,500,0.96,0.264410644341715,0.2716333057492674,0.0,,
0.9,0.6,0.9,200,100,wilson_known,500,0,500,0.912,0.24031831282479157,0.25111667074856653,0.0,,
0.9,0.6,0.9,200,100,point_rogan_gladen,500,0,500,,,,,-0.0010485993595244533,0.07493780553628474
0.9,0.6,0.9,200,1000,judgy,500,0,500,0.94,0.14053897519065384,0.14098671953396053,0.0,,
0.9,0.6,0.9,200,1000,skill,500,0,500,0.94,0.14072987217843713,0.14203806216419645,0.0,,
0.9,0.6,0.9,200,1000,repo,500,0,500,0.972,0.16003589642508,0.16092711293213502,0.0,,
0.9,0.6,0.9,200,1000,stratified,500,0,500,0.976,0.16000480816071042,0.16053806848826457,0.0,,
0.9,0.6,0.9,200,1000,lang_reiczigel,500,0,500,0.98,0.1613522579779219,0.16185617244641648,0.0,,
0.9,0.6,0.9,200,1000,wilson_known,500,0,500,0.702,0.08683834007419473,0.08745680757525764,0.0,,
0.9,0.6,0.9,200,1000,point_rogan_gladen,500,0,500,,,,,0.003240468010370945,0.041055801048103586
0.9,0.75,0.1,10,100,judgy,500,0,500,0.896,0.34695337928739334,0.33838636363636365,0.010986001500750376,,
0.9,0.75,0.1,10,100,skill,500,0,500,0.902,0.4050853421023425,0.3475654040404036,0.010986001500750376,,
0.9,0.75,0.1,10,100,repo,500,0,500,0.914,0.4462166038028772,0.3900111111111112,0.010986001500750376,,
0.9,0.75,0.1,10,100,stratified,500,0,500,0.908,0.4194685138888888,0.38224999999999976,0.010986001500750376,,
0.9,0.75,0.1,10,100,lang_reiczigel,500,0,500,0.966,0.46785781285467387,0.4231615211138574,0.010986001500750376,,
0.9,0.75,0.1,10,100,wilson_known,500,0,500,0.488,0.17892065392357678,0.20769606057789108,0.010986001500750376,,
0.9,0.75,0.1,10,100,point_rogan_gladen,500,0,500,,,,,0.02976619047619049,0.1320924678701523
0.9,0.75,0.1,10,1000,judgy,500,0,500,0.926,0.3564838644473419,0.3388987854251011,0.010599000000000003,,
0.9,0.75,0.1,10,1000,skill,500,0,500,0.944,0.4206811983255054,0.3632120586380829,0.010599000000000003,,
0.9,0.75,0.1,10,1000,repo,500,0,500,0.944,0.4245899483788897,0.3678330104321907,0.010599000000000003,,
0.9,0.75,0.1,10,1000,stratified,500,0,500,0.944,0.38799309047619024,0.3568944444444444,0.010599000000000003,,
0.9,0.75,0.1,10,1000,lang_reiczigel,500,0,500,0.956,0.42927821720259735,0.3959313029554013,0.010599000000000003,,
0.9,0.75,0.1,10,1000,wilson_known,500,0,500,0.088,0.05997026109857392,0.07164301732813447,0.010599000000000003,,
0.9,0.75,0.1,10,1000,point_rogan_gladen,500,0,500,,,,,0.03064976190476191,0.12690942476667452
0.9,0.75,0.1,20,100,judgy,500,0,500,0.894,0.27839857946283897,0.2829632154854159,0.000374,,
0.9,0.75,0.1,20,100,skill,500,0,500,0.896,0.28059465438197334,0.2853333333333334,0.000374,,
0.9,0.75,0.1,20,100,repo,500,0,500,0.934,0.32618736026422346,0.3323305283951502,0.000374,,
0.9,0.75,0.1,20,100,stratified,500,0,500,0.932,0.3241802692269459,0.3300416666666665,0.000374,,
0.9,0.75,0.1,20,100,lang_reiczigel,500,0,500,0.964,0.3451334365640479,0.34914013855944337,0.000374,,
0.9,0.75,0.1,20,100,wilson_known,500,0,500,0.628,0.19219031997707683,0.22244445892528658,0.000374,,
0.9,0.75,0.1,20,100,point_rogan_gladen,500,0,500,,,,,0.013130810354076634,0.10842925891304524
0.9,0.75,0.1,20,1000,judgy,500,0,500,0.93,0.2893745827007557,0.2947591504679866,0.000382,,
0.9,0.75,0.1,20,1000,skill,500,0,500,0.936,0.2902426890575915,0.2938333829146555,0.000382,,
0.9,0.75,0.1,20,1000,repo,500,0,500,0.942,0.2955661848455138,0.29870897835476584,0.000382,,
0.9,0.75,0.1,20,1000,stratified,500,0,500,0.94,0.2920021999169861,0.29602976973684225,0.000382,,
0.9,0.75,0.1,20,1000,lang_reiczigel,500,0,500,0.98,0.31003100737236705,0.3074312550870012,0.000382,,
0.9,0.75,0.1,20,1000,wilson_known,500,0,500,0.298,0.06577696627718814,0.07746710401849378,0.000382,,
0.9,0.75,0.1,20,1000,point_rogan_gladen,500,0,500,,,,,0.008743391499109758,0.09295385798993429
0.9,0.75,0.1,50,100,judgy,500,0,500,0.852,0.2110928235859986,0.22559391647199728,0.0,,
0.9,0.75,0.1,50,100,skill,500,0,500,0.856,0.2111061041434311,0.22376799444476433,0.0,,
0.9,0.75,0.1,50,100,repo,500,0,500,0.942,0.27534931410372115,0.2879973220150013,0.0,,
0.9,0.75,0.1,50,100,stratified,500,0,500,0.936,0.27506072751133626,0.28893120376776105,0.0,,
0.9,0.75,0.1,50,100,lang_reiczigel,500,0,500,0.948,0.2833955533821186,0.2942073975413494,0.0,,
0.9,0.75,0.1,50,100,wilson_known,500,0,500,0.774,0.20685137453645458,0.23458267321637394,0.0,,
0.9,0.75,0.1,50,100,point_rogan_gladen,500,0,500,,,,,0.002711101130028341,0.08914981831761964
0.9,0.75,0.1,50,1000,judgy,500,0,500,0.942,0.22094087718076155,0.2265116920369522,0.0,,
0.9,0.75,0.1,50,1000,skill,500,0,500,0.934,0.22076164801520406,0.2278093214450657,0.0,,
0.9,0.75,0.1,50,1000,repo,500,0,500,0.946,0.2290461950371406,0.23544287734282676,0.0,,
0.9,0.75,0.1,50,1000,stratified,500,0,500,0.946,0.2280079882405809,0.23463271230801713,0.0,,
0.9,0.75,0.1,50,1000,lang_reiczigel,500,0,500,0.96,0.23201412123473347,0.23733492396392242,0.0,,
0.9,0.75,0.1,50,1000,wilson_known,500,0,500,0.376,0.0727725526834465,0.0820201368383993,0.0,,
0.9,0.75,0.1,50,1000,point_rogan_gladen,500,0,500,,,,,0.0006313963498945679,0.0747311988127545
0.9,0.75,0.1,100,100,judgy,500,0,500,0.754,0.16604541553796054,0.17804212485402365,0.0,,
0.9,0.75,0.1,100,100,skill,500,0,500,0.746,0.1663104980983657,0.17894584971286084,0.0,,
0.9,0.75,0.1,100,100,repo,500,0,500,0.918,0.25113250846475665,0.2606722092718743,0.0,,
0.9,0.75,0.1,100,100,stratified,500,0,500,0.92,0.2515686389154382,0.2616982721118748,0.0,,
0.9,0.75,0.1,100,100,lang_reiczigel,500,0,500,0.934,0.25765516665159216,0.26690049337140254,0.0,,
0.9,0.75,0.1,100,100,wilson_known,500,0,500,0.834,0.2136399163187668,0.23478251596445082,0.0,,
0.9,0.75,0.1,100,100,point_rogan_gladen,500,0,500,,,,,-0.0016009382241465888,0.08399770364143068
0.9,0.75,0.1,100,1000,judgy,500,0,500,0.952,0.18466042441481856,0.1899551000088553,0.0,,
0.9,0.75,0.1,100,1000,skill,500,0,500,0.952,0.1846134039261014,0.19042139201239783,0.0,,
0.9,0.75,0.1,100,1000,repo,500,0,500,0.964,0.19594339076599432,0.20261838499168403,0.0,,
0.9,0.75,0.1,100,1000,stratified,500,0,500,0.962,0.19503852644632189,0.20128268113465486,0.0,,
0.9,0.75,0.1,100,1000,lang_reiczigel,500,0,500,0.966,0.19700652974774516,0.2027570369766371,0.0,,
0.9,0.75,0.1,100,1000,wilson_known,500,0,500,0.508,0.08167060451495041,0.08547406727224924,0.0,,
0.9,0.75,0.1,100,1000,point_rogan_gladen,500,0,500,,,,,-0.0006172946570958811,0.05714451267058801
0.9,0.75,0.1,200,100,judgy,500,0,500,0.678,0.13619437055030142,0.1460079077753178,0.0,,
0.9,0.75,0.1,200,100,skill,500,0,500,0.672,0.13618162184698754,0.14569716632186036,0.0,,
0.9,0.75,0.1,200,100,repo,500,0,500,0.952,0.24984753659833078,0.25938463696459924,0.0,,
0.9,0.75,0.1,200,100,stratified,500,0,500,0.948,0.2498587275640096,0.25996351448127675,0.0,,
0.9,0.75,0.1,200,100,lang_reiczigel,500,0,500,0.954,0.2545870456706627,0.2662499388081655,0.0,,
0.9,0.75,0.1,200,100,wilson_known,500,0,500,0.908,0.23023972192617959,0.24662619420244974,0.0,,
0.9,0.75,0.1,200,100,point_rogan_gladen,500,0,500,,,,,0.005415208842163409,0.07462275430865639
0.9,0.75,0.1,200,1000,judgy,500,0,500,0.94,0.14957980465398785,0.1535117515933163,0.0,,
0.9,0.75,0.1,200,1000,skill,500,0,500,0.934,0.14937567605607296,0.15274726258204904,0.0,,
0.9,0.75,0.1,200,1000,repo,500,0,500,0.96,0.16631664795133644,0.16991130631881068,0.0,,
0.9,0.75,0.1,200,1000,stratified,500,0,500,0.966,0.16633463917854882,0.17074092680509018,0.0,,
0.9,0.75,0.1,200,1000,lang_reiczigel,500,0,500,0.966,0.16700919946389878,0.1711635151482515,0.0,,
0.9,0.75,0.1,200,1000,wilson_known,500,0,500,0.666,0.08582702976892671,0.08742280618575951,0.0,,
0.9,0.75,0.1,200,1000,point_rogan_gladen,500,0,500,,,,,-0.001751456858430171,0.04443936841356918
0.9,0.75,0.3,10,100,judgy,500,0,500,0.876,0.47773456901009054,0.43999999999999995,0.008443011005502751,,
0.9,0.75,0.3,10,100,skill,500,0,500,0.9,0.5091041751509159,0.4608995535714287,0.008443011005502751,,
0.9,0.75,0.3,10,100,repo,500,0,500,0.92,0.5573353473436998,0.5098537878787868,0.008443011005502751,,
0.9,0.75,0.3,10,100,stratified,500,0,500,0.914,0.5378089682539683,0.49086904761904737,0.008443011005502751,,
0.9,0.75,0.3,10,100,lang_reiczigel,500,0,500,0.962,0.5893526439540188,0.5494018390255129,0.008443011005502751,,
0.9,0.75,0.3,10,100,wilson_known,500,0,500,0.612,0.2619218069944699,0.26885515446723407,0.008443011005502751,,
0.9,0.75,0.3,10,100,point_rogan_gladen,500,0,500,,,,,-0.021498095238095257,0.16481403627509397
0.9,0.75,0.3,10,1000,judgy,500,0,500,0.936,0.49494334896509146,0.45599999999999996,0.008782,,
0.9,0.75,0.3,10,1000,skill,500,0,500,0.94,0.5207792918114988,0.46271428571428563,0.008782,,
0.9,0.75,0.3,10,1000,repo,500,0,500,0.938,0.5282152400157225,0.4655032393483708,0.008782,,
0.9,0.75,0.3,10,1000,stratified,500,0,500,0.936,0.5109498212301586,0.4585,0.008782,,
0.9,0.75,0.3,10,1000,lang_reiczigel,500,0,500,0.966,0.5548652198295777,0.527810143353763,0.008782,,
0.9,0.75,0.3,10,1000,wilson_known,500,0,500,0.256,0.0895411150664453,0.0878480006455432,0.008782,,
0.9,0.75,0.3,10,1000,point_rogan_gladen,500,0,500,,,,,-0.02197026984126984,0.154138611586525
0.9,0.75,0.3,20,100,judgy,500,0,500,0.884,0.40112977313263504,0.4000031645569623,0.0004290000000000001,,
0.9,0.75,0.3,20,100,skill,500,0,500,0.882,0.4020431262245156,0.3984513179128564,0.0004290000000000001,,
0.9,0.75,0.3,20,100,repo,500,0,500,0.948,0.4752470442211545,0.46343803052633126,0.0004290000000000001,,
0.9,0.75,0.3,20,100,stratified,500,0,500,0.952,0.4705149466421091,0.45926262054938505,0.0004290000000000001,,
0.9,0.75,0.3,20,100,lang_reiczigel,500,0,500,0.958,0.4880930933304503,0.47837478663366784,0.0004290000000000001,,
0.9,0.75,0.3,20,100,wilson_known,500,0,500,0.758,0.28327862782812746,0.2823215941813836,0.0004290000000000001,,
0.9,0.75,0.3,20,100,point_rogan_gladen,500,0,500,,,,,-0.01699254281666046,0.1340512590370156
0.9,0.75,0.3,20,1000,judgy,500,0,500,0.908,0.39540423023392657,0.3955451612903226,0.000499,,
0.9,0.75,0.3,20,1000,skill,500,0,500,0.912,0.397507786929112,0.3993771237913175,0.000499,,
0.9,0.75,0.3,20,1000,repo,500,0,500,0.922,0.4063296254975668,0.4019366173845645,0.000499,,
0.9,0.75,0.3,20,1000,stratified,500,0,500,0.92,0.39987488191777254,0.401788627034515,0.000499,,
0.9,0.75,0.3,20,1000,lang_reiczigel,500,0,500,0.95,0.41717483554836704,0.4154244492350867,0.000499,,
0.9,0.75,0.3,20,1000,wilson_known,500,0,500,0.302,0.0922154467066009,0.09391817356455473,0.000499,,
0.9,0.75,0.3,20,1000,point_rogan_gladen,500,0,500,,,,,-0.010848142542871624,0.12128793995337753
0.9,0.75,0.3,50,100,judgy,500,0,500,0.81,0.2743300015975678,0.2732705994244933,0.0,,
0.9,0.75,0.3,50,100,skill,500,0,500,0.814,0.27395242304195105,0.2736327905979796,0.0,,
0.9,0.75,0.3,50,100,repo,500,0,500,0.942,0.3937142877096253,0.3932226992536375,0.0,,
0.9,0.75,0.3,50,100,stratified,500,0,500,0.94,0.39236400483364936,0.38894115223374276,0.0,,
0.9,0.75,0.3,50,100,lang_reiczigel,500,0,500,0.946,0.39392583554342525,0.3904135518963012,0.0,,
0.9,0.75,0.3,50,100,wilson_known,500,0,500,0.848,0.28882882548777666,0.28514940625312707,0.0,,
0.9,0.75,0.3,50,100,point_rogan_gladen,500,0,500,,,,,-0.005897003140965734,0.10736542158359207
0.9,0.75,0.3,50,1000,judgy,500,0,500,0.928,0.2829702454141726,0.2863824293766335,0.0,,
0.9,0.75,0.3,50,1000,skill,500,0,500,0.916,0.2825656223942237,0.285060507233589,0.0,,
0.9,0.75,0.3,50,1000,repo,500,0,500,0.95,0.2982105466914866,0.3017708645617255,0.0,,
0.9,0.75,0.3,50,1000,stratified,500,0,500,0.938,0.29577920784661654,0.2990072830442695,0.0,,
0.9,0.75,0.3,50,1000,lang_reiczigel,500,0,500,0.956,0.2966665443292294,0.2995684418467263,0.0,,
0.9,0.75,0.3,50,1000,wilson_known,500,0,500,0.45,0.09522963705124696,0.09347229932688685,0.0,,
0.9,0.75,0.3,50,1000,point_rogan_gladen,500,0,500,,,,,-0.007465219277067963,0.07708336826034227
0.9,0.75,0.3,100,100,judgy,500,0,500,0.71,0.19917801867754883,0.1963353396091156,0.0,,
0.9,0.75,0.3,100,100,skill,500,0,500,0.7,0.1988761751771533,0.1962385952019479,0.0,,
0.9,0.75,0.3,100,100,repo,500,0,500,0.94,0.35369169723874616,0.35347289236489876,0.0,,
0.9,0.75,0.3,100,100,stratified,500,0,500,0.94,0.35375749171704673,0.353153747555789,0.0,,
0.9,0.75,0.3,100,100,lang_reiczigel,500,0,500,0.95,0.3520780552528453,0.35095684663231536,0.0,,
0.9,0.75,0.3,100,100,wilson_known,500,0,500,0.886,0.2924056963724582,0.29125010654542616,0.0,,
0.9,0.75,0.3,100,100,point_rogan_gladen,500,0,500,,,,,-0.0072879733305998996,0.0935325526630639
0.9,0.75,0.3,100,1000,judgy,500,0,500,0.922,0.19927322301035355,0.19603100324645129,0.0,,
0.9,0.75,0.3,100,1000,skill,500,0,500,0.922,0.19947947473767805,0.19581847044288891,0.0,,
0.9,0.75,0.3,100,1000,repo,500,0,500,0.958,0.22162923618558636,0.21923077807209385,0.0,,
0.9,0.75,0.3,100,1000,stratified,500,0,500,0.954,0.22086356713692729,0.21839217597291766,0.0,,
0.9,0.75,0.3,100,1000,lang_reiczigel,500,0,500,0.96,0.22029010914564046,0.21676227562900668,0.0,,
0.9,0.75,0.3,100,1000,wilson_known,500,0,500,0.61,0.09519321084985444,0.09447344577562176,0.0,,
0.9,0.75,0.3,100,1000,point_rogan_gladen,500,0,500,,,,,-0.003811234583333885,0.05597962001861298
0.9,0.75,0.3,200,100,judgy,500,0,500,0.572,0.13844436764133355,0.13634125750617287,0.0,,
0.9,0.75,0.3,200,100,skill,500,0,500,0.574,0.13838765921554189,0.13717258332403476,0.0,,
0.9,0.75,0.3,200,100,repo,500,0,500,0.936,0.32758477512722245,0.3280761645289393,0.0,,
0.9,0.75,0.3,200,100,stratified,500,0,500,0.946,0.3273774945657402,0.3257537363731813,0.0,,
0.9,0.75,0.3,200,100,lang_reiczigel,500,0,500,0.95,0.32453107574149453,0.3224838047756817,0.0,,
0.9,0.75,0.3,200,100,wilson_known,500,0,500,0.916,0.2926148922176087,0.291039248015452,0.0,,
0.9,0.75,0.3,200,100,point_rogan_gladen,500,0,500,,,,,-0.0017045265118458845,0.08577129100081557
0.9,0.75,0.3,200,1000,judgy,500,0,500,0.91,0.13881971888040948,0.13681891783397215,0.0,,
0.9,0.75,0.3,200,1000,skill,500,0,500,0.91,0.13892502443135618,0.13703296427701156,0.0,,
0.9,0.75,0.3,200,1000,repo,500,0,500,0.958,0.168631602558799,0.16655103557565315,0.0,,
0.9,0.75,0.3,200,1000,stratified,500,0,500,0.952,0.16871385006151207,0.16686249277322895,0.0,,
0.9,0.75,0.3,200,1000,lang_reiczigel,500,0,500,0.956,0.1686692671468423,0.16617410141708944,0.0,,
0.9,0.75,0.3,200,1000,wilson_known,500,0,500,0.77,0.09524362012763504,0.09451283892291157,0.0,,
0.9,0.75,0.3,200,1000,point_rogan_gladen,500,0,500,,,,,-0.002596141121397147,0.04082718909052588
0.9,0.75,0.5,10,100,judgy,500,0,500,0.858,0.5776956322579981,0.5629691666666672,0.010303018009004504,,
0.9,0.75,0.5,10,100,skill,500,0,500,0.87,0.5994874716087536,0.5730892857142854,0.010303018009004504,,
0.9,0.75,0.5,10,100,repo,500,0,500,0.934,0.6532384112711965,0.6237325910931175,0.010303018009004504,,
0.9,0.75,0.5,10,100,stratified,500,0,500,0.93,0.6335606984126984,0.6074999999999999,0.010303018009004504,,
0.9,0.75,0.5,10,100,lang_reiczigel,500,0,500,0.968,0.6670550177582454,0.6441673055644904,0.010303018009004504,,
0.9,0.75,0.5,10,100,wilson_known,500,0,500,0.632,0.2948814641672261,0.2742903581508479,0.010303018009004504,,
0.9,0.75,0.5,10,100,point_rogan_gladen,500,0,500,,,,,-0.018595079365079373,0.1874439415484801
0.9,0.75,0.5,10,1000,judgy,500,0,500,0.886,0.5853454956429543,0.5755,0.01022,,
0.9,0.75,0.5,10,1000,skill,500,0,500,0.886,0.5986804075913753,0.5787851190476193,0.01022,,
0.9,0.75,0.5,10,1000,repo,500,0,500,0.888,0.6044361489340472,0.576152625512295,0.01022,,
0.9,0.75,0.5,10,1000,stratified,500,0,500,0.886,0.5892526430555555,0.5613374999999996,0.01022,,
0.9,0.75,0.5,10,1000,lang_reiczigel,500,0,500,0.972,0.6127104492860319,0.5869507586205063,0.01022,,
0.9,0.75,0.5,10,1000,wilson_known,500,0,500,0.278,0.09570398869028583,0.08753029305151713,0.01022,,
0.9,0.75,0.5,10,1000,point_rogan_gladen,500,0,500,,,,,-0.01547755555555562,0.16614139607684417
0.9,0.75,0.5,20,100,judgy,500,0,500,0.854,0.44560919006622524,0.43204884528620324,0.0011619999999999998,,
0.9,0.75,0.5,20,100,skill,500,0,500,0.852,0.44632868135507664,0.42860620253561765,0.0011619999999999998,,
0.9,0.75,0.5,20,100,repo,500,0,500,0.958,0.5417254589621683,0.5241949136636632,0.0011619999999999998,,
0.9,0.75,0.5,20,100,stratified,500,0,500,0.952,0.5368194519546928,0.5174698242933534,0.0011619999999999998,,
0.9,0.75,0.5,20,100,lang_reiczigel,500,0,500,0.964,0.5337448460972475,0.5162924650450162,0.0011619999999999998,,
0.9,0.75,0.5,20,100,wilson_known,500,0,500,0.772,0.3052662500172384,0.29309710656427035,0.0011619999999999998,,
0.9,0.75,0.5,20,100,point_rogan_gladen,500,0,500,,,,,-0.002963823742476988,0.13119835998981363
0.9,0.75,0.5,20,1000,judgy,500,0,500,0.918,0.4271321654902676,0.41622000754147775,0.000448,,
0.9,0.75,0.5,20,1000,skill,500,0,500,0.922,0.42955786709467064,0.4149800219075865,0.000448,,
0.9,0.75,0.5,20,1000,repo,500,0,500,0.93,0.4408478032686426,0.42863324864860064,0.000448,,
0.9,0.75,0.5,20,1000,stratified,500,0,500,0.932,0.43266903621403946,0.4230996420246419,0.000448,,
0.9,0.75,0.5,20,1000,lang_reiczigel,500,0,500,0.968,0.42663095972877757,0.41208594923139574,0.000448,,
0.9,0.75,0.5,20,1000,wilson_known,500,0,500,0.41,0.09688875993584282,0.09379050530729102,0.000448,,
0.9,0.75,0.5,20,1000,point_rogan_gladen,500,0,500,,,,,-0.00931937148987927,0.10554590148313486
0.9,0.75,0.5,50,100,judgy,500,0,500,0.776,0.24824451275180007,0.2393762347094061,0.0,,
0.9,0.75,0.5,50,100,skill,500,0,500,0.768,0.24803188767125822,0.2402654869385785,0.0,,
0.9,0.75,0.5,50,100,repo,500,0,500,0.966,0.39533533476098104,0.38420932684024217,0.0,,
0.9,0.75,0.5,50,100,stratified,500,0,500,0.97,0.3941946369391545,0.38367354269293885,0.0,,
0.9,0.75,0.5,50,100,lang_reiczigel,500,0,500,0.968,0.39158473425252793,0.38301804483189456,0.0,,
0.9,0.75,0.5,50,100,wilson_known,500,0,500,0.894,0.2939097305135883,0.2888076296174837,0.0,,
0.9,0.75,0.5,50,100,point_rogan_gladen,500,0,500,,,,,0.00043496582047331114,0.09515581026576833
0.9,0.75,0.5,50,1000,judgy,500,0,500,0.934,0.24926153467842585,0.24298550562392776,0.0,,
0.9,0.75,0.5,50,1000,skill,500,0,500,0.932,0.24852706269898206,0.24239491506679522,0.0,,
0.9,0.75,0.5,50,1000,repo,500,0,500,0.944,0.2679435656619728,0.2610016158621665,0.0,,
0.9,0.75,0.5,50,1000,stratified,500,0,500,0.948,0.266072688624863,0.25785264339390335,0.0,,
0.9,0.75,0.5,50,1000,lang_reiczigel,500,0,500,0.964,0.2637934065227826,0.26066735006677233,0.0,,
0.9,0.75,0.5,50,1000,wilson_known,500,0,500,0.57,0.0955510888886818,0.09508464339043163,0.0,,
0.9,0.75,0.5,50,1000,point_rogan_gladen,500,0,500,,,,,-0.00036997185424109103,0.06091239368754467
0.9,0.75,0.5,100,100,judgy,500,0,500,0.69,0.16867620722868826,0.1653327990461549,0.0,,
0.9,0.75,0.5,100,100,skill,500,0,500,0.682,0.16860226637694462,0.16511955150227134,0.0,,
0.9,0.75,0.5,100,100,repo,500,0,500,0.948,0.34644824979052374,0.3424118501799859,0.0,,
0.9,0.75,0.5,100,100,stratified,500,0,500,0.956,0.3466686393883027,0.34173095166310785,0.0,,
0.9,0.75,0.5,100,100,lang_reiczigel,500,0,500,0.956,0.34422036784908333,0.34032460223409805,0.0,,
0.9,0.75,0.5,100,100,wilson_known,500,0,500,0.922,0.2941888229132177,0.29125010654542616,0.0,,
0.9,0.75,0.5,100,100,point_rogan_gladen,500,0,500,,,,,2.457524094799557e-05,0.08274916176307129
0.9,0.75,0.5,100,1000,judgy,500,0,500,0.916,0.16752541529674164,0.16646777349530542,0.0,,
0.9,0.75,0.5,100,1000,skill,500,0,500,0.91,0.16755376035126607,0.16540539177608482,0.0,,
0.9,0.75,0.5,100,1000,repo,500,0,500,0.948,0.19362973315091736,0.19132396673931867,0.0,,
0.9,0.75,0.5,100,1000,stratified,500,0,500,0.948,0.19332141024405475,0.19143224047548693,0.0,,
0.9,0.75,0.5,100,1000,lang_reiczigel,500,0,500,0.952,0.19302633236302233,0.19114456737221522,0.0,,
0.9,0.75,0.5,100,1000,wilson_known,500,0,500,0.688,0.09500247674959875,0.09439061234967328,0.0,,
0.9,0.75,0.5,100,1000,point_rogan_gladen,500,0,500,,,,,-0.0027068847057271374,0.04837761562906823
0.9,0.75,0.5,200,100,judgy,500,0,500,0.512,0.11606584652030309,0.1147125260062559,0.0,,
0.9,0.75,0.5,200,100,skill,500,0,500,0.5,0.11603602985683423,0.11530823334206244,0.0,,
0.9,0.75,0.5,200,100,repo,500,0,500,0.928,0.3203326181583784,0.3190457915360007,0.0,,
0.9,0.75,0.5,200,100,stratified,500,0,500,0.936,0.3204839064289026,0.31897787561739555,0.0,,
0.9,0.75,0.5,200,100,lang_reiczigel,500,0,500,0.936,0.31739760536929373,0.3164567526942328,0.0,,
0.9,0.75,0.5,200,100,wilson_known,500,0,500,0.912,0.2921437744660437,0.29148226044136405,0.0,,
0.9,0.75,0.5,200,100,point_rogan_gladen,500,0,500,,,,,0.0005054700048220298,0.08534141106240709
0.9,0.75,0.5,200,1000,judgy,500,0,500,0.846,0.11534564246389865,0.11397383326877711,0.0,,
0.9,0.75,0.5,200,1000,skill,500,0,500,0.848,0.11551628949964673,0.11432186117626866,0.0,,
0.9,0.75,0.5,200,1000,repo,500,0,500,0.94,0.1496226174344966,0.14875639899786872,0.0,,
0.9,0.75,0.5,200,1000,stratified,500,0,500,0.94,0.1496504199199395,0.14797908876122687,0.0,,
0.9,0.75,0.5,200,1000,lang_reiczigel,500,0,500,0.94,0.14990156286442488,0.14841070842081538,0.0,,
0.9,0.75,0.5,200,1000,wilson_known,500,0,500,0.774,0.09459524683557859,0.09409314648723643,0.0,,
0.9,0.75,0.5,200,1000,point_rogan_gladen,500,0,500,,,,,-0.0012394691654924793,0.03909171598661267
0.9,0.75,0.7,10,100,judgy,500,0,500,0.79,0.48757476302675673,0.4489999999999999,0.010382,,
0.9,0.75,0.7,10,100,skill,500,0,500,0.804,0.514403637161271,0.45374999999999976,0.010382,,
0.9,0.75,0.7,10,100,repo,500,0,500,0.918,0.5714948477019154,0.5100427631578947,0.010382,,
0.9,0.75,0.7,10,100,stratified,500,0,500,0.918,0.5525627420634921,0.4966369047619045,0.010382,,
0.9,0.75,0.7,10,100,lang_reiczigel,500,0,500,0.982,0.5691578805203961,0.5323437855830181,0.010382,,
0.9,0.75,0.7,10,100,wilson_known,500,0,500,0.674,0.2635552848360706,0.24783347855335652,0.010382,,
0.9,0.75,0.7,10,100,point_rogan_gladen,500,0,500,,,,,-0.003040396825396809,0.15939236267869705
0.9,0.75,0.7,10,1000,judgy,500,1,499,0.7915831663326653,0.5084624644917577,0.4772966666666668,0.008786588690643422,,
0.9,0.75,0.7,10,1000,skill,500,1,499,0.7975951903807615,0.5293572535377102,0.48716000000000004,0.008786588690643422,,
0.9,0.75,0.7,10,1000,repo,500,1,499,0.8717434869739479,0.5344236284346421,0.4888336956521735,0.008786588690643422,,
0.9,0.75,0.7,10,1000,stratified,500,1,499,0.8537074148296593,0.5159683195756593,0.4756333333333328,0.008786588690643422,,
0.9,0.75,0.7,10,1000,lang_reiczigel,500,1,499,0.9939879759519038,0.5186131067728981,0.47962817238111416,0.008786588690643422,,
0.9,0.75,0.7,10,1000,wilson_known,500,1,499,0.2745490981963928,0.08845173545091936,0.08110089854981517,0.008786588690643422,,
0.9,0.75,0.7,10,1000,point_rogan_gladen,500,1,499,,,,,-0.004367290135827243,0.14264701361239418
0.9,0.75,0.7,20,100,judgy,500,0,500,0.83,0.3841595298743892,0.366820158538927,0.000629,,
0.9,0.75,0.7,20,100,skill,500,0,500,0.824,0.3844069178015644,0.36041752552860873,0.000629,,
0.9,0.75,0.7,20,100,repo,500,0,500,0.934,0.4693092062950012,0.43711856458942955,0.000629,,
0.9,0.75,0.7,20,100,stratified,500,0,500,0.938,0.46553945560438004,0.43684483225108184,0.000629,,
0.9,0.75,0.7,20,100,lang_reiczigel,500,0,500,0.968,0.46813842665733213,0.4484873679009087,0.000629,,
0.9,0.75,0.7,20,100,wilson_known,500,0,500,0.766,0.27887098313550995,0.26781785217300624,0.000629,,
0.9,0.75,0.7,20,100,point_rogan_gladen,500,0,500,,,,,-0.00048123582300048774,0.12433059714960676
0.9,0.75,0.7,20,1000,judgy,500,0,500,0.872,0.3606496170949792,0.35095567009855483,0.000404,,
0.9,0.75,0.7,20,1000,skill,500,0,500,0.874,0.3624731410385839,0.3521096148459381,0.000404,,
0.9,0.75,0.7,20,1000,repo,500,0,500,0.906,0.3729241370562777,0.36278058845475464,0.000404,,
0.9,0.75,0.7,20,1000,stratified,500,0,500,0.906,0.3675883220718737,0.3567867965367965,0.000404,,
0.9,0.75,0.7,20,1000,lang_reiczigel,500,0,500,0.992,0.3746699830846577,0.3667508669827617,0.000404,,
0.9,0.75,0.7,20,1000,wilson_known,500,0,500,0.362,0.08772632274558481,0.08273824819150605,0.000404,,
0.9,0.75,0.7,20,1000,point_rogan_gladen,500,0,500,,,,,-0.0030314692864754815,0.09140835731588774
0.9,0.75,0.7,50,100,judgy,500,0,500,0.774,0.22959797926901923,0.22274451023240482,0.0,,
0.9,0.75,0.7,50,100,skill,500,0,500,0.77,0.22884017796719885,0.2226238032399944,0.0,,
0.9,0.75,0.7,50,100,repo,500,0,500,0.95,0.36090018301275234,0.35441797163854794,0.0,,
0.9,0.75,0.7,50,100,stratified,500,0,500,0.948,0.3596037624620431,0.3548210085445468,0.0,,
0.9,0.75,0.7,50,100,lang_reiczigel,500,0,500,0.956,0.3625427312801977,0.3576269338303707,0.0,,
0.9,0.75,0.7,50,100,wilson_known,500,0,500,0.89,0.27229856423274124,0.27031051912538573,0.0,,
0.9,0.75,0.7,50,100,point_rogan_gladen,500,0,500,,,,,-0.0008211088544511368,0.08956608315425839
0.9,0.75,0.7,50,1000,judgy,500,0,500,0.896,0.22619969717370345,0.22183191675910985,0.0,,
0.9,0.75,0.7,50,1000,skill,500,0,500,0.9,0.22644329550476083,0.22225840454534437,0.0,,
0.9,0.75,0.7,50,1000,repo,500,0,500,0.936,0.24356592672373636,0.2406773694298971,0.0,,
0.9,0.75,0.7,50,1000,stratified,500,0,500,0.924,0.2426076454003414,0.24078781206788502,0.0,,
0.9,0.75,0.7,50,1000,lang_reiczigel,500,0,500,0.952,0.24584714546815298,0.24123182779514674,0.0,,
0.9,0.75,0.7,50,1000,wilson_known,500,0,500,0.538,0.08721754290462297,0.08634801574671364,0.0,,
0.9,0.75,0.7,50,1000,point_rogan_gladen,500,0,500,,,,,0.0004686996120869218,0.06052033491631768
0.9,0.75,0.7,100,100,judgy,500,0,500,0.638,0.15797310529386566,0.15354579909870542,0.0,,
0.9,0.75,0.7,100,100,skill,500,0,500,0.632,0.15824078920577175,0.15484034353300807,0.0,,
0.9,0.75,0.7,100,100,repo,500,0,500,0.944,0.31866647836591155,0.3148820677672384,0.0,,
0.9,0.75,0.7,100,100,stratified,500,0,500,0.938,0.31865214360652205,0.31465471138704193,0.0,,
0.9,0.75,0.7,100,100,lang_reiczigel,500,0,500,0.948,0.3190573921113905,0.31513948030978467,0.0,,
0.9,0.75,0.7,100,100,wilson_known,500,0,500,0.902,0.2715809105180407,0.2685592729172135,0.0,,
0.9,0.75,0.7,100,100,point_rogan_gladen,500,0,500,,,,,-0.0010284328331939007,0.08379824901883781
0.9,0.75,0.7,100,1000,judgy,500,0,500,0.924,0.15483013502009005,0.15176872681358267,0.0,,
0.9,0.75,0.7,100,1000,skill,500,0,500,0.926,0.15454779936959603,0.15199237278646094,0.0,,
0.9,0.75,0.7,100,1000,repo,500,0,500,0.96,0.1785767986945641,0.17642767059548264,0.0,,
0.9,0.75,0.7,100,1000,stratified,500,0,500,0.956,0.17816630634472172,0.1756788071447044,0.0,,
0.9,0.75,0.7,100,1000,lang_reiczigel,500,0,500,0.96,0.179766267508519,0.17746924465104352,0.0,,
0.9,0.75,0.7,100,1000,wilson_known,500,0,500,0.708,0.08699975633198162,0.08639474092701804,0.0,,
0.9,0.75,0.7,100,1000,point_rogan_gladen,500,0,500,,,,,0.0012898487102590097,0.04177696821167113
0.9,0.75,0.7,200,100,judgy,500,0,500,0.522,0.10796401911059848,0.10664057370159918,0.0,,
0.9,0.75,0.7,200,100,skill,500,0,500,0.52,0.107907722675775,0.10686331863830462,0.0,,
0.9,0.75,0.7,200,100,repo,500,0,500,0.964,0.2956283769206285,0.29331708779779847,0.0,,
0.9,0.75,0.7,200,100,stratified,500,0,500,0.964,0.2948952870785297,0.2937679387819289,0.0,,
0.9,0.75,0.7,200,100,lang_reiczigel,500,0,500,0.968,0.29430352560398715,0.29296365128449275,0.0,,
0.9,0.75,0.7,200,100,wilson_known,500,0,500,0.952,0.2698839709766011,0.2693646221771603,0.0,,
0.9,0.75,0.7,200,100,point_rogan_gladen,500,0,500,,,,,-0.0005617562028154546,0.07240213498655164
0.9,0.75,0.7,200,1000,judgy,500,0,500,0.852,0.1077909810713208,0.10674892581628803,0.0,,
0.9,0.75,0.7,200,1000,skill,500,0,500,0.852,0.10776269054325496,0.10643220785922242,0.0,,
0.9,0.75,0.7,200,1000,repo,500,0,500,0.938,0.13891558127047213,0.1376161835868585,0.0,,
0.9,0.75,0.7,200,1000,stratified,500,0,500,0.942,0.1387890774509021,0.13768937129582143,0.0,,
0.9,0.75,0.7,200,1000,lang_reiczigel,500,0,500,0.942,0.13965028641920402,0.13838156720900963,0.0,,
0.9,0.75,0.7,200,1000,wilson_known,500,0,500,0.774,0.08713991522268481,0.08680460723285977,0.0,,
0.9,0.75,0.7,200,1000,point_rogan_gladen,500,0,500,,,,,-0.0012239408761408612,0.03544968562611938
0.9,0.75,0.9,10,100,judgy,500,0,500,0.612,0.2856170035477223,0.24019999999999997,0.011018001500750376,,
0.9,0.75,0.9,10,100,skill,500,0,500,0.624,0.34277382454848576,0.2564333333333334,0.011018001500750376,,
0.9,0.75,0.9,10,100,repo,500,0,500,0.692,0.39926159693727187,0.30881597222222207,0.011018001500750376,,
0.9,0.75,0.9,10,100,stratified,500,0,500,0.7,0.36544150198412695,0.29999999999999993,0.011018001500750376,,
0.9,0.75,0.9,10,100,lang_reiczigel,500,0,500,0.996,0.3955409317881479,0.3507710475666316,0.011018001500750376,,
0.9,0.75,0.9,10,100,wilson_known,500,0,500,0.46,0.1766721068123558,0.18302216430796053,0.011018001500750376,,
0.9,0.75,0.9,10,100,point_rogan_gladen,500,0,500,,,,,-0.026994206349206407,0.11403653317617571
0.9,0.75,0.9,10,1000,judgy,500,0,500,0.64,0.30223509796871223,0.26585714285714307,0.010473006503251624,,
0.9,0.75,0.9,10,1000,skill,500,0,500,0.644,0.3561153239434793,0.2715833333333336,0.010473006503251624,,
0.9,0.75,0.9,10,1000,repo,500,0,500,0.644,0.3626559896563017,0.27721875000000007,0.010473006503251624,,
0.9,0.75,0.9,10,1000,stratified,500,0,500,0.644,0.32579017837301594,0.26899930555555557,0.010473006503251624,,
0.9,0.75,0.9,10,1000,lang_reiczigel,500,0,500,0.998,0.35497793723126736,0.31776018839351355,0.010473006503251624,,
0.9,0.75,0.9,10,1000,wilson_known,500,0,500,0.304,0.05471307769362562,0.05858028892956235,0.010473006503251624,,
0.9,0.75,0.9,10,1000,point_rogan_gladen,500,0,500,,,,,-0.024850126984127068,0.09791053546169878
0.9,0.75,0.9,20,100,judgy,500,0,500,0.85,0.2250896824837569,0.2215470085470087,0.00026700000000000004,,
0.9,0.75,0.9,20,100,skill,500,0,500,0.848,0.22554653920062454,0.221155577714503,0.00026700000000000004,,
0.9,0.75,0.9,20,100,repo,500,0,500,0.914,0.28077550499986054,0.26881483644859827,0.00026700000000000004,,
0.9,0.75,0.9,20,100,stratified,500,0,500,0.912,0.2777596478603955,0.26666666666666683,0.00026700000000000004,,
0.9,0.75,0.9,20,100,lang_reiczigel,500,0,500,0.986,0.2939946496821324,0.2857377194732402,0.00026700000000000004,,
0.9,0.75,0.9,20,100,wilson_known,500,0,500,0.662,0.1782250085320677,0.18940651633171252,0.00026700000000000004,,
0.9,0.75,0.9,20,100,point_rogan_gladen,500,0,500,,,,,-0.005991379004552402,0.08962418123986389
0.9,0.75,0.9,20,1000,judgy,500,0,500,0.87,0.23139241579045156,0.22693262820512816,0.00038700000000000003,,
0.9,0.75,0.9,20,1000,skill,500,0,500,0.868,0.23334402087389747,0.2259759381381894,0.00038700000000000003,,
0.9,0.75,0.9,20,1000,repo,500,0,500,0.87,0.2410893262497195,0.23119195148900346,0.00038700000000000003,,
0.9,0.75,0.9,20,1000,stratified,500,0,500,0.87,0.23700233031448686,0.22927857142857133,0.00038700000000000003,,
0.9,0.75,0.9,20,1000,lang_reiczigel,500,0,500,0.996,0.25082475181810365,0.24296224983477516,0.00038700000000000003,,
0.9,0.75,0.9,20,1000,wilson_known,500,0,500,0.276,0.058476051885574164,0.06424311294164148,0.00038700000000000003,,
0.9,0.75,0.9,20,1000,point_rogan_gladen,500,0,500,,,,,-0.00519222528451945,0.07869851826944699
0.9,0.75,0.9,50,100,judgy,500,0,500,0.816,0.1723527854990073,0.1739040667174891,0.0,,
0.9,0.75,0.9,50,100,skill,500,0,500,0.81,0.17192857324187535,0.17518253562258634,0.0,,
0.9,0.75,0.9,50,100,repo,500,0,500,0.934,0.2421541704744585,0.24563888997057332,0.0,,
0.9,0.75,0.9,50,100,stratified,500,0,500,0.94,0.2415119156577701,0.24504422166203682,0.0,,
0.9,0.75,0.9,50,100,lang_reiczigel,500,0,500,0.96,0.2521802427403565,0.25709663157913676,0.0,,
0.9,0.75,0.9,50,100,wilson_known,500,0,500,0.814,0.19416031494292435,0.2046425842923636,0.0,,
0.9,0.75,0.9,50,100,point_rogan_gladen,500,0,500,,,,,-0.005422149041245309,0.07296911276929531
0.9,0.75,0.9,50,1000,judgy,500,0,500,0.906,0.17919947904205896,0.18218517864389372,1e-06,,
0.9,0.75,0.9,50,1000,skill,500,0,500,0.906,0.1788956473497189,0.18032550201732833,1e-06,,
0.9,0.75,0.9,50,1000,repo,500,0,500,0.932,0.187951294717118,0.19018365481945448,1e-06,,
0.9,0.75,0.9,50,1000,stratified,500,0,500,0.924,0.18701454946067742,0.1892528389734272,1e-06,,
0.9,0.75,0.9,50,1000,lang_reiczigel,500,0,500,0.95,0.19176601610231003,0.19298899161901795,1e-06,,
0.9,0.75,0.9,50,1000,wilson_known,500,0,500,0.406,0.06544594668010015,0.06831288236260658,1e-06,,
0.9,0.75,0.9,50,1000,point_rogan_gladen,500,0,500,,,,,-0.002939242478736701,0.05831854486136006
0.9,0.75,0.9,100,100,judgy,500,0,500,0.77,0.13538546044367722,0.13780169767843092,0.0,,
0.9,0.75,0.9,100,100,skill,500,0,500,0.766,0.13575713009938772,0.13847103527374727,0.0,,
0.9,0.75,0.9,100,100,repo,500,0,500,0.966,0.22247591121599777,0.22945083845911773,0.0,,
0.9,0.75,0.9,100,100,stratified,500,0,500,0.964,0.22235396052531184,0.2277857134834525,0.0,,
0.9,0.75,0.9,100,100,lang_reiczigel,500,0,500,0.98,0.23248256761242458,0.23924060301331856,0.0,,
0.9,0.75,0.9,100,100,wilson_known,500,0,500,0.904,0.198077710756581,0.20598826748222399,0.0,,
0.9,0.75,0.9,100,100,point_rogan_gladen,500,0,500,,,,,0.0007049638337777925,0.06270284920796802
0.9,0.75,0.9,100,1000,judgy,500,0,500,0.886,0.1442082331833916,0.14747840777073096,0.0,,
0.9,0.75,0.9,100,1000,skill,500,0,500,0.886,0.14417155815132293,0.14782466830632446,0.0,,
0.9,0.75,0.9,100,1000,repo,500,0,500,0.922,0.1566806083789956,0.15876931270645533,0.0,,
0.9,0.75,0.9,100,1000,stratified,500,0,500,0.92,0.15624575332368612,0.15857261904761877,0.0,,
0.9,0.75,0.9,100,1000,lang_reiczigel,500,0,500,0.94,0.1585427378074644,0.16052019176423643,0.0,,
0.9,0.75,0.9,100,1000,wilson_known,500,0,500,0.578,0.0679882243196422,0.06953530427087207,0.0,,
0.9,0.75,0.9,100,1000,point_rogan_gladen,500,0,500,,,,,-0.0004001181538124958,0.046071008690578376
0.9,0.75,0.9,200,100,judgy,500,0,500,0.634,0.10434006721973978,0.10660890920223265,0.0,,
0.9,0.75,0.9,200,100,skill,500,0,500,0.636,0.10439168536337051,0.10700970962258993,0.0,,
0.9,0.75,0.9,200,100,repo,500,0,500,0.954,0.21118709288042903,0.22000861180799153,0.0,,
0.9,0.75,0.9,200,100,stratified,500,0,500,0.96,0.2115123316029297,0.21900576726805948,0.0,,
0.9,0.75,0.9,200,100,lang_reiczigel,500,0,500,0.966,0.22137103867993635,0.23071088185216881,0.0,,
0.9,0.75,0.9,200,100,wilson_known,500,0,500,0.93,0.20182030093440445,0.2125468040892073,0.0,,
0.9,0.75,0.9,200,100,point_rogan_gladen,500,0,500,,,,,0.0019304103753247754,0.06031235726126304
0.9,0.75,0.9,200,1000,judgy,500,0,500,0.908,0.11432330436660623,0.11593390230711387,0.0,,
0.9,0.75,0.9,200,1000,skill,500,0,500,0.898,0.11427357898753636,0.11504695785898328,0.0,,
0.9,0.75,0.9,200,1000,repo,500,0,500,0.958,0.13222942916878186,0.13328931543937167,0.0,,
0.9,0.75,0.9,200,1000,stratified,500,0,500,0.95,0.13219319246562708,0.13237940060331044,0.0,,
0.9,0.75,0.9,200,1000,lang_reiczigel,500,0,500,0.958,0.13332892552523493,0.13438253961579028,0.0,,
0.9,0.75,0.9,200,1000,wilson_known,500,0,500,0.7,0.07069529795912274,0.07100765185868352,0.0,,
0.9,0.75,0.9,200,1000,point_rogan_gladen,500,0,500,,,,,0.0017774954119367953,0.03442111890740706
0.9,0.9,0.1,10,100,judgy,500,0,500,0.652,0.18555089396493485,0.19412335164835154,0.0018450000000000003,,
0.9,0.9,0.1,10,100,skill,500,0,500,0.658,0.19745853688190457,0.19999999999999987,0.0018450000000000003,,
0.9,0.9,0.1,10,100,repo,500,0,500,0.74,0.2602786209368438,0.24,0.0018450000000000003,,
0.9,0.9,0.1,10,100,stratified,500,0,500,0.738,0.2525866765873015,0.2302142857142852,0.0018450000000000003,,
0.9,0.9,0.1,10,100,lang_reiczigel,500,0,500,1.0,0.30022063894609435,0.29153550468558675,0.0018450000000000003,,
0.9,0.9,0.1,10,100,wilson_known,500,0,500,0.512,0.1489221829219182,0.1628270961504577,0.0018450000000000003,,
0.9,0.9,0.1,10,100,point_rogan_gladen,500,0,500,,,,,0.012501666666666683,0.0899291030665672
0.9,0.9,0.1,10,1000,judgy,500,0,500,0.644,0.18815376400213826,0.19199999999999995,0.0011260005002501252,,
0.9,0.9,0.1,10,1000,skill,500,0,500,0.642,0.19519357703844764,0.19300000000000006,0.0011260005002501252,,
0.9,0.9,0.1,10,1000,repo,500,0,500,0.646,0.21001668319999436,0.20503749999999976,0.0011260005002501252,,
0.9,0.9,0.1,10,1000,stratified,500,0,500,0.644,0.20230215218253966,0.2025,0.0011260005002501252,,
0.9,0.9,0.1,10,1000,lang_reiczigel,500,0,500,0.996,0.26376780347780865,0.25479655833114273,0.0011260005002501252,,
0.9,0.9,0.1,10,1000,wilson_known,500,0,500,0.346,0.04644832741293534,0.0532227583800355,0.0011260005002501252,,
0.9,0.9,0.1,10,1000,point_rogan_gladen,500,0,500,,,,,0.014703325396825404,0.08161813155748851
0.9,0.9,0.1,20,100,judgy,500,0,500,0.824,0.17600253889429612,0.18701118421052618,7e-06,,
0.9,0.9,0.1,20,100,skill,500,0,500,0.828,0.17597094929304893,0.18700624999999987,7e-06,,
0.9,0.9,0.1,20,100,repo,500,0,500,0.872,0.22873640902148668,0.22924431818181806,7e-06,,
0.9,0.9,0.1,20,100,stratified,500,0,500,0.87,0.22729750992029116,0.2285714285714286,7e-06,,
0.9,0.9,0.1,20,100,lang_reiczigel,500,0,500,0.97,0.24245915156384865,0.24692754739346845,7e-06,,
0.9,0.9,0.1,20,100,wilson_known,500,0,500,0.692,0.15563233326026973,0.16914811716189881,7e-06,,
0.9,0.9,0.1,20,100,point_rogan_gladen,500,0,500,,,,,0.0018537207048197671,0.0757888407144307
0.9,0.9,0.1,20,1000,judgy,500,0,500,0.898,0.1862008098387675,0.19772727272727275,1e-06,,
0.9,0.9,0.1,20,1000,skill,500,0,500,0.898,0.18637277142257408,0.19856565490430628,1e-06,,
0.9,0.9,0.1,20,1000,repo,500,0,500,0.894,0.1941762748100282,0.20309718296409474,1e-06,,
0.9,0.9,0.1,20,1000,stratified,500,0,500,0.892,0.19096311486748113,0.20102852167182667,1e-06,,
0.9,0.9,0.1,20,1000,lang_reiczigel,500,0,500,0.986,0.20597734724073005,0.2087623834872251,1e-06,,
0.9,0.9,0.1,20,1000,wilson_known,500,0,500,0.276,0.05088458608769531,0.056174644097679166,1e-06,,
0.9,0.9,0.1,20,1000,point_rogan_gladen,500,0,500,,,,,-0.00035517236753616866,0.06407957114775063
0.9,0.9,0.1,50,100,judgy,500,0,500,0.794,0.14800008725329036,0.1514995498276483,0.0,,
0.9,0.9,0.1,50,100,skill,500,0,500,0.798,0.1479763532054577,0.15255272705603762,0.0,,
0.9,0.9,0.1,50,100,repo,500,0,500,0.926,0.2103926959764716,0.21566915655633984,0.0,,
0.9,0.9,0.1,50,100,stratified,500,0,500,0.932,0.2098517835580557,0.2143339768339766,0.0,,
0.9,0.9,0.1,50,100,lang_reiczigel,500,0,500,0.95,0.21731436175526636,0.22349853050270685,0.0,,
0.9,0.9,0.1,50,100,wilson_known,500,0,500,0.814,0.16950995249869663,0.1787126665065999,0.0,,
0.9,0.9,0.1,50,100,point_rogan_gladen,500,0,500,,,,,0.002794138749596434,0.06206096060931846
0.9,0.9,0.1,50,1000,judgy,500,0,500,0.922,0.15323350909130862,0.1581026126045933,0.0,,
0.9,0.9,0.1,50,1000,skill,500,0,500,0.922,0.15324034974224685,0.15746086858638347,0.0,,
0.9,0.9,0.1,50,1000,repo,500,0,500,0.936,0.16191700015399685,0.16517694440720815,0.0,,
0.9,0.9,0.1,50,1000,stratified,500,0,500,0.932,0.16108306264757075,0.16428266323932905,0.0,,
0.9,0.9,0.1,50,1000,lang_reiczigel,500,0,500,0.96,0.16624074665085886,0.16821940017090747,0.0,,
0.9,0.9,0.1,50,1000,wilson_known,500,0,500,0.438,0.057527189161485325,0.05816779393393001,0.0,,
0.9,0.9,0.1,50,1000,point_rogan_gladen,500,0,500,,,,,0.00414323240531448,0.04615241581067047
0.9,0.9,0.1,100,100,judgy,500,0,500,0.742,0.11710932587235723,0.11944402899836426,0.0,,
0.9,0.9,0.1,100,100,skill,500,0,500,0.742,0.11710709017367564,0.1204380866857954,0.0,,
0.9,0.9,0.1,100,100,repo,500,0,500,0.956,0.19851425460698457,0.20398656324822836,0.0,,
0.9,0.9,0.1,100,100,stratified,500,0,500,0.958,0.19819865836239103,0.203778463338218,0.0,,
0.9,0.9,0.1,100,100,lang_reiczigel,500,0,500,0.966,0.2049083448660307,0.21088799843920925,0.0,,
0.9,0.9,0.1,100,100,wilson_known,500,0,500,0.892,0.17546166295911808,0.18171540320590043,0.0,,
0.9,0.9,0.1,100,100,point_rogan_gladen,500,0,500,,,,,0.003951601057296722,0.05523548054617893
0.9,0.9,0.1,100,1000,judgy,500,0,500,0.916,0.12418623248655164,0.12733421216074314,0.0,,
0.9,0.9,0.1,100,1000,skill,500,0,500,0.922,0.12393195030459578,0.12706961969609548,0.0,,
0.9,0.9,0.1,100,1000,repo,500,0,500,0.948,0.135460375831164,0.13834228469056165,0.0,,
0.9,0.9,0.1,100,1000,stratified,500,0,500,0.944,0.1350072828682629,0.1381259974854167,0.0,,
0.9,0.9,0.1,100,1000,lang_reiczigel,500,0,500,0.952,0.1376601183004965,0.1404129216314725,0.0,,
0.9,0.9,0.1,100,1000,wilson_known,500,0,500,0.586,0.05913277983960128,0.059542341810943644,0.0,,
0.9,0.9,0.1,100,1000,point_rogan_gladen,500,0,500,,,,,-0.0016564021223808773,0.03701607970593071
0.9,0.9,0.1,200,100,judgy,500,0,500,0.642,0.08889574265879284,0.09079705725232942,0.0,,
0.9,0.9,0.1,200,100,skill,500,0,500,0.64,0.08880493940740079,0.09051069618978339,0.0,,
0.9,0.9,0.1,200,100,repo,500,0,500,0.936,0.18906960716052607,0.19770850867833284,0.0,,
0.9,0.9,0.1,200,100,stratified,500,0,500,0.942,0.18924062711512535,0.19710942189955394,0.0,,
0.9,0.9,0.1,200,100,lang_reiczigel,500,0,500,0.954,0.19550825713710515,0.20262948852866275,0.0,,
0.9,0.9,0.1,200,100,wilson_known,500,0,500,0.922,0.1781466014248664,0.18435349533836015,0.0,,
0.9,0.9,0.1,200,100,point_rogan_gladen,500,0,500,,,,,0.0028001019519338912,0.05066693437547419
0.9,0.9,0.1,200,1000,judgy,500,0,500,0.908,0.09351566244599505,0.09370066954387793,0.0,,
0.9,0.9,0.1,200,1000,skill,500,0,500,0.904,0.09337754442173563,0.09318760761894532,0.0,,
0.9,0.9,0.1,200,1000,repo,500,0,500,0.95,0.10992848592382845,0.11029992747019024,0.0,,
0.9,0.9,0.1,200,1000,stratified,500,0,500,0.954,0.10974528660527003,0.10967812982921607,0.0,,
0.9,0.9,0.1,200,1000,lang_reiczigel,500,0,500,0.956,0.11128721442759788,0.11165507057689003,0.0,,
0.9,0.9,0.1,200,1000,wilson_known,500,0,500,0.702,0.05934162559767488,0.05937185147687171,0.0,,
0.9,0.9,0.1,200,1000,point_rogan_gladen,500,0,500,,,,,-0.0023033727143521882,0.02811600719992668
0.9,0.9,0.3,10,100,judgy,500,0,500,0.64,0.34366837559521585,0.3400000000000001,0.001174,,
0.9,0.9,0.3,10,100,skill,500,0,500,0.64,0.34965149133579226,0.3400000000000001,0.001174,,
0.9,0.9,0.3,10,100,repo,500,0,500,0.898,0.4286083587232137,0.40794563492063474,0.001174,,
0.9,0.9,0.3,10,100,stratified,500,0,500,0.886,0.41804505952380944,0.4000000000000001,0.001174,,
0.9,0.9,0.3,10,100,lang_reiczigel,500,0,500,0.976,0.47358652319408534,0.4622636868332596,0.001174,,
0.9,0.9,0.3,10,100,wilson_known,500,0,500,0.696,0.22592175652979224,0.22307948133891697,0.001174,,
0.9,0.9,0.3,10,100,point_rogan_gladen,500,0,500,,,,,0.0003713492063492403,0.11528138282208289
0.9,0.9,0.3,10,1000,judgy,500,0,500,0.628,0.3479535166536935,0.3474999999999999,0.000883,,
0.9,0.9,0.3,10,1000,skill,500,0,500,0.63,0.350931272128488,0.349,0.000883,,
0.9,0.9,0.3,10,1000,repo,500,0,500,0.674,0.36630559963074383,0.35403624999999994,0.000883,,
0.9,0.9,0.3,10,1000,stratified,500,0,500,0.672,0.3498812517857143,0.35,0.000883,,
0.9,0.9,0.3,10,1000,lang_reiczigel,500,0,500,1.0,0.4237787151172064,0.4120121815234106,0.000883,,
0.9,0.9,0.3,10,1000,wilson_known,500,0,500,0.284,0.07489813914571061,0.07332784076984136,0.000883,,
0.9,0.9,0.3,10,1000,point_rogan_gladen,500,0,500,,,,,-0.002297158730158707,0.1052767261421458
0.9,0.9,0.3,20,100,judgy,500,0,500,0.784,0.2604673558418365,0.2630776955580246,8e-06,,
0.9,0.9,0.3,20,100,skill,500,0,500,0.78,0.26029297097677595,0.2643528248822251,8e-06,,
0.9,0.9,0.3,20,100,repo,500,0,500,0.938,0.34898908314324817,0.34209572261286286,8e-06,,
0.9,0.9,0.3,20,100,stratified,500,0,500,0.936,0.34677626857817095,0.341587406015037,8e-06,,
0.9,0.9,0.3,20,100,lang_reiczigel,500,0,500,0.96,0.37387838176871363,0.3698405680053555,8e-06,,
0.9,0.9,0.3,20,100,wilson_known,500,0,500,0.814,0.22714118656887736,0.22187779620762296,8e-06,,
0.9,0.9,0.3,20,100,point_rogan_gladen,500,0,500,,,,,0.003049217031678336,0.08877103104316615
0.9,0.9,0.3,20,1000,judgy,500,0,500,0.874,0.26897890960958737,0.27439352388763694,2e-06,,
0.9,0.9,0.3,20,1000,skill,500,0,500,0.872,0.2689819308636038,0.27378718862256185,2e-06,,
0.9,0.9,0.3,20,1000,repo,500,0,500,0.882,0.2814578766536085,0.2859212402795145,2e-06,,
0.9,0.9,0.3,20,1000,stratified,500,0,500,0.882,0.27757786872286205,0.2833991147741145,2e-06,,
0.9,0.9,0.3,20,1000,lang_reiczigel,500,0,500,0.974,0.3076581938637661,0.31194771486130557,2e-06,,
0.9,0.9,0.3,20,1000,wilson_known,500,0,500,0.408,0.07401466389497924,0.07306499642230374,2e-06,,
0.9,0.9,0.3,20,1000,point_rogan_gladen,500,0,500,,,,,-0.008401368426722901,0.07211148028698808
0.9,0.9,0.3,50,100,judgy,500,0,500,0.694,0.16733511878541937,0.16506163026642456,0.0,,
0.9,0.9,0.3,50,100,skill,500,0,500,0.7,0.16720635759672547,0.16541397997322624,0.0,,
0.9,0.9,0.3,50,100,repo,500,0,500,0.932,0.2884435142565815,0.2852164481886028,0.0,,
0.9,0.9,0.3,50,100,stratified,500,0,500,0.926,0.28791537816545293,0.2844653526933275,0.0,,
0.9,0.9,0.3,50,100,lang_reiczigel,500,0,500,0.942,0.29480505431911086,0.29213481981058476,0.0,,
0.9,0.9,0.3,50,100,wilson_known,500,0,500,0.874,0.22873233522431796,0.22679447869761396,0.0,,
0.9,0.9,0.3,50,100,point_rogan_gladen,500,0,500,,,,,0.0007225728390682769,0.07518455204882325
0.9,0.9,0.3,50,1000,judgy,500,0,500,0.902,0.16551039387646285,0.1606185090910775,0.0,,
0.9,0.9,0.3,50,1000,skill,500,0,500,0.894,0.16526991977611186,0.1603809009374283,0.0,,
0.9,0.9,0.3,50,1000,repo,500,0,500,0.928,0.1820924439670681,0.17828749618877382,0.0,,
0.9,0.9,0.3,50,1000,stratified,500,0,500,0.926,0.18115923561162312,0.17686955705705684,0.0,,
0.9,0.9,0.3,50,1000,lang_reiczigel,500,0,500,0.948,0.19014686610973308,0.1854653633329263,0.0,,
0.9,0.9,0.3,50,1000,wilson_known,500,0,500,0.592,0.07342639788086122,0.07279302086507844,0.0,,
0.9,0.9,0.3,50,1000,point_rogan_gladen,500,0,500,,,,,-0.00033618276473393506,0.0460389619401307
0.9,0.9,0.3,100,100,judgy,500,0,500,0.608,0.11547154916641127,0.11316613358188979,0.0,,
0.9,0.9,0.3,100,100,skill,500,0,500,0.6,0.11539985413673459,0.11263654628584589,0.0,,
0.9,0.9,0.3,100,100,repo,500,0,500,0.962,0.259750491755114,0.2578851011724239,0.0,,
0.9,0.9,0.3,100,100,stratified,500,0,500,0.958,0.25903715559989837,0.257155141606361,0.0,,
0.9,0.9,0.3,100,100,lang_reiczigel,500,0,500,0.962,0.2608973377529769,0.2586307051192171,0.0,,
0.9,0.9,0.3,100,100,wilson_known,500,0,500,0.932,0.22726410016910728,0.22679425084107865,0.0,,
0.9,0.9,0.3,100,100,point_rogan_gladen,500,0,500,,,,,-0.004015569917805234,0.0636373543382797
0.9,0.9,0.3,100,1000,judgy,500,0,500,0.902,0.11572933029589633,0.11490638017712065,0.0,,
0.9,0.9,0.3,100,1000,skill,500,0,500,0.9,0.11562321374229208,0.11518600034870877,0.0,,
0.9,0.9,0.3,100,1000,repo,500,0,500,0.96,0.1376782644084776,0.1362018456566442,0.0,,
0.9,0.9,0.3,100,1000,stratified,500,0,500,0.96,0.13720700761337065,0.13616143621995175,0.0,,
0.9,0.9,0.3,100,1000,lang_reiczigel,500,0,500,0.962,0.14078651465361372,0.13977341484253186,0.0,,
0.9,0.9,0.3,100,1000,wilson_known,500,0,500,0.71,0.07362086279810637,0.07326514245707001,0.0,,
0.9,0.9,0.3,100,1000,point_rogan_gladen,500,0,500,,,,,-0.001209128352991125,0.03311804447684573
0.9,0.9,0.3,200,100,judgy,500,0,500,0.458,0.08052831053780761,0.07970201976517965,0.0,,
0.9,0.9,0.3,200,100,skill,500,0,500,0.452,0.08051807382894917,0.07961447098899277,0.0,,
0.9,0.9,0.3,200,100,repo,500,0,500,0.95,0.2445832938613468,0.24308887274800609,0.0,,
0.9,0.9,0.3,200,100,stratified,500,0,500,0.942,0.2440974858593397,0.2439491869100851,0.0,,
0.9,0.9,0.3,200,100,lang_reiczigel,500,0,500,0.944,0.24378439514300335,0.24361984303646336,0.0,,
0.9,0.9,0.3,200,100,wilson_known,500,0,500,0.93,0.2268229290096984,0.22692973407425293,0.0,,
0.9,0.9,0.3,200,100,point_rogan_gladen,500,0,500,,,,,-0.0032128885098341763,0.06382101273585952
0.9,0.9,0.3,200,1000,judgy,500,0,500,0.866,0.08064154670505055,0.0800792113816354,0.0,,
0.9,0.9,0.3,200,1000,skill,500,0,500,0.872,0.08044833386500652,0.07999056063790229,0.0,,
0.9,0.9,0.3,200,1000,repo,500,0,500,0.952,0.10938388177916054,0.10898757606371459,0.0,,
0.9,0.9,0.3,200,1000,stratified,500,0,500,0.948,0.10927686974717798,0.10886898303635276,0.0,,
0.9,0.9,0.3,200,1000,lang_reiczigel,500,0,500,0.958,0.11050046674508689,0.11005871968258668,0.0,,
0.9,0.9,0.3,200,1000,wilson_known,500,0,500,0.854,0.07346660025577836,0.0734155843830937,0.0,,
0.9,0.9,0.3,200,1000,point_rogan_gladen,500,0,500,,,,,-0.0006579220877385544,0.026566499558721476
0.9,0.9,0.5,10,100,judgy,500,0,500,0.668,0.4028942352870797,0.4251693295739348,0.0008080005002501252,,
0.9,0.9,0.5,10,100,skill,500,0,500,0.67,0.40534436039464505,0.42667423103212565,0.0008080005002501252,,
0.9,0.9,0.5,10,100,repo,500,0,500,0.94,0.49014558637051164,0.4938406249999997,0.0008080005002501252,,
0.9,0.9,0.5,10,100,stratified,500,0,500,0.94,0.47923115873015865,0.4750347222222222,0.0008080005002501252,,
0.9,0.9,0.5,10,100,lang_reiczigel,500,0,500,0.982,0.5390160627210521,0.5334195277847691,0.0008080005002501252,,
0.9,0.9,0.5,10,100,wilson_known,500,0,500,0.77,0.24700441694973033,0.2396791420950961,0.0008080005002501252,,
0.9,0.9,0.5,10,100,point_rogan_gladen,500,0,500,,,,,0.0004530158730158893,0.11215590896199791
0.9,0.9,0.5,10,1000,judgy,500,0,500,0.664,0.42275491897047535,0.43249971428571377,0.000929,,
0.9,0.9,0.5,10,1000,skill,500,0,500,0.664,0.4254293473005386,0.4296988471177948,0.000929,,
0.9,0.9,0.5,10,1000,repo,500,0,500,0.904,0.43730414516631505,0.4416491237709657,0.000929,,
0.9,0.9,0.5,10,1000,stratified,500,0,500,0.892,0.4284652823412698,0.4271428571428572,0.000929,,
0.9,0.9,0.5,10,1000,lang_reiczigel,500,0,500,0.994,0.4802716450220634,0.45822012648977867,0.000929,,
0.9,0.9,0.5,10,1000,wilson_known,500,0,500,0.32,0.08025350647329194,0.07730735555017423,0.000929,,
0.9,0.9,0.5,10,1000,point_rogan_gladen,500,0,500,,,,,0.003733849206349214,0.10469679372265289
0.9,0.9,0.5,20,100,judgy,500,0,500,0.766,0.2864316165163211,0.26982334652476825,3e-06,,
0.9,0.9,0.5,20,100,skill,500,0,500,0.766,0.28570172025624246,0.2694573858702245,3e-06,,
0.9,0.9,0.5,20,100,repo,500,0,500,0.932,0.3884648025705895,0.3688621534356266,3e-06,,
0.9,0.9,0.5,20,100,stratified,500,0,500,0.934,0.3854032803678518,0.3625796568627447,3e-06,,
0.9,0.9,0.5,20,100,lang_reiczigel,500,0,500,0.956,0.4058496749345799,0.3866876073208754,3e-06,,
0.9,0.9,0.5,20,100,wilson_known,500,0,500,0.836,0.2463833587969809,0.2401199721705219,3e-06,,
0.9,0.9,0.5,20,100,point_rogan_gladen,500,0,500,,,,,0.005558240302868801,0.09614877764910008
0.9,0.9,0.5,20,1000,judgy,500,0,500,0.856,0.27434643507252715,0.26530481704051895,3.4e-05,,
0.9,0.9,0.5,20,1000,skill,500,0,500,0.856,0.2735176833123171,0.2650254573388475,3.4e-05,,
0.9,0.9,0.5,20,1000,repo,500,0,500,0.906,0.28680737417732644,0.27541730587194624,3.4e-05,,
0.9,0.9,0.5,20,1000,stratified,500,0,500,0.912,0.2826662220177397,0.2725151785714285,3.4e-05,,
0.9,0.9,0.5,20,1000,lang_reiczigel,500,0,500,0.966,0.30507764674959353,0.2940507157105628,3.4e-05,,
0.9,0.9,0.5,20,1000,wilson_known,500,0,500,0.432,0.07846813187180186,0.07729995852417737,3.4e-05,,
0.9,0.9,0.5,20,1000,point_rogan_gladen,500,0,500,,,,,-0.0010581352897188806,0.06913114512978072
0.9,0.9,0.5,50,100,judgy,500,0,500,0.684,0.15426980890943778,0.15140772258229573,0.0,,
0.9,0.9,0.5,50,100,skill,500,0,500,0.684,0.15448335747397465,0.15065695364528348,0.0,,
0.9,0.9,0.5,50,100,repo,500,0,500,0.944,0.2908609735262862,0.28681917193114653,0.0,,
0.9,0.9,0.5,50,100,stratified,500,0,500,0.942,0.2902814621704749,0.284916196945074,0.0,,
0.9,0.9,0.5,50,100,lang_reiczigel,500,0,500,0.942,0.29670127750368774,0.2934665046353162,0.0,,
0.9,0.9,0.5,50,100,wilson_known,500,0,500,0.89,0.23910198597641738,0.23574515847059943,0.0,,
0.9,0.9,0.5,50,100,point_rogan_gladen,500,0,500,,,,,-0.0005735205737354497,0.07121548832494995
0.9,0.9,0.5,50,1000,judgy,500,0,500,0.89,0.15519415796188668,0.15159227377088783,0.0,,
0.9,0.9,0.5,50,1000,skill,500,0,500,0.89,0.15546053395305529,0.15284927819903338,0.0,,
0.9,0.9,0.5,50,1000,repo,500,0,500,0.94,0.17420236982915593,0.17191820227946833,0.0,,
0.9,0.9,0.5,50,1000,stratified,500,0,500,0.94,0.17343988741853103,0.1704337571126958,0.0,,
0.9,0.9,0.5,50,1000,lang_reiczigel,500,0,500,0.95,0.18070735329305557,0.1788916076610887,0.0,,
0.9,0.9,0.5,50,1000,wilson_known,500,0,500,0.638,0.07746446647077156,0.07726435043192481,0.0,,
0.9,0.9,0.5,50,1000,point_rogan_gladen,500,0,500,,,,,-0.0005721062059477611,0.04416020091097236
0.9,0.9,0.5,100,100,judgy,500,0,500,0.55,0.10792940860048808,0.10793863942348239,0.0,,
0.9,0.9,0.5,100,100,skill,500,0,500,0.546,0.10779124734500564,0.10714397956589616,0.0,,
0.9,0.9,0.5,100,100,repo,500,0,500,0.952,0.2681680590644893,0.26683333292806616,0.0,,
0.9,0.9,0.5,100,100,stratified,500,0,500,0.954,0.26815790158649133,0.26690442964254696,0.0,,
0.9,0.9,0.5,100,100,lang_reiczigel,500,0,500,0.956,0.2686983304999841,0.2678190008044169,0.0,,
0.9,0.9,0.5,100,100,wilson_known,500,0,500,0.94,0.23998707612658507,0.2387292744006067,0.0,,
0.9,0.9,0.5,100,100,point_rogan_gladen,500,0,500,,,,,0.0016224529236047798,0.06760209247230077
0.9,0.9,0.5,100,1000,judgy,500,0,500,0.894,0.1066749028121001,0.10709141931452482,0.0,,
0.9,0.9,0.5,100,1000,skill,500,0,500,0.884,0.10664078789718778,0.10631115164082613,0.0,,
0.9,0.9,0.5,100,1000,repo,500,0,500,0.952,0.13225973719321615,0.13177547761471384,0.0,,
0.9,0.9,0.5,100,1000,stratified,500,0,500,0.952,0.13179836539030523,0.13183770540284218,0.0,,
0.9,0.9,0.5,100,1000,lang_reiczigel,500,0,500,0.952,0.1349458452094615,0.13447750397637953,0.0,,
0.9,0.9,0.5,100,1000,wilson_known,500,0,500,0.76,0.07741746035330095,0.077310591526496,0.0,,
0.9,0.9,0.5,100,1000,point_rogan_gladen,500,0,500,,,,,0.001529658417964756,0.03296160400076277
0.9,0.9,0.5,200,100,judgy,500,0,500,0.434,0.07483887113218697,0.07488296672070827,0.0,,
0.9,0.9,0.5,200,100,skill,500,0,500,0.436,0.07465866378758164,0.07442665157914383,0.0,,
0.9,0.9,0.5,200,100,repo,500,0,500,0.95,0.2551522264906549,0.25503777791694093,0.0,,
0.9,0.9,0.5,200,100,stratified,500,0,500,0.956,0.2549685717966312,0.2546572261340435,0.0,,
0.9,0.9,0.5,200,100,lang_reiczigel,500,0,500,0.948,0.25336268685640884,0.2537567966999694,0.0,,
0.9,0.9,0.5,200,100,wilson_known,500,0,500,0.944,0.2393065655176813,0.23944994075993353,0.0,,
0.9,0.9,0.5,200,100,point_rogan_gladen,500,0,500,,,,,0.0004914274814165219,0.06374867834937124
0.9,0.9,0.5,200,1000,judgy,500,0,500,0.796,0.0746153621044628,0.0739305874363525,0.0,,
0.9,0.9,0.5,200,1000,skill,500,0,500,0.786,0.07452062836632321,0.07431288219424073,0.0,,
0.9,0.9,0.5,200,1000,repo,500,0,500,0.944,0.107590590541411,0.10723319988465083,0.0,,
0.9,0.9,0.5,200,1000,stratified,500,0,500,0.946,0.1075471381078582,0.10679437508990663,0.0,,
0.9,0.9,0.5,200,1000,lang_reiczigel,500,0,500,0.944,0.1087276160979432,0.10843123119587592,0.0,,
0.9,0.9,0.5,200,1000,wilson_known,500,0,500,0.81,0.07736845729032683,0.07729356257587913,0.0,,
0.9,0.9,0.5,200,1000,point_rogan_gladen,500,0,500,,,,,-0.0012839461604849385,0.028308267816783753
0.9,0.9,0.7,10,100,judgy,500,0,500,0.692,0.3472159705467366,0.35444444444444445,0.0015570040020010003,,
0.9,0.9,0.7,10,100,skill,500,0,500,0.698,0.35315456990975413,0.35874999999999996,0.0015570040020010003,,
0.9,0.9,0.7,10,100,repo,500,0,500,0.922,0.43224495387571865,0.41478535353535356,0.0015570040020010003,,
0.9,0.9,0.7,10,100,stratified,500,0,500,0.926,0.42176164880952377,0.4000000000000001,0.0015570040020010003,,
0.9,0.9,0.7,10,100,lang_reiczigel,500,0,500,0.98,0.4766564592183344,0.4527336508080959,0.0015570040020010003,,
0.9,0.9,0.7,10,100,wilson_known,500,0,500,0.746,0.2282173433340244,0.2239989362035419,0.0015570040020010003,,
0.9,0.9,0.7,10,100,point_rogan_gladen,500,0,500,,,,,0.008717619047619082,0.11519924896765173
0.9,0.9,0.7,10,1000,judgy,500,0,500,0.66,0.34214115578726545,0.3434999999999999,0.001379,,
0.9,0.9,0.7,10,1000,skill,500,0,500,0.66,0.3471598077221895,0.34299999999999997,0.001379,,
0.9,0.9,0.7,10,1000,repo,500,0,500,0.706,0.3627669792515658,0.3540000000000001,0.001379,,
0.9,0.9,0.7,10,1000,stratified,500,0,500,0.7,0.34742269503968254,0.342525,0.001379,,
0.9,0.9,0.7,10,1000,lang_reiczigel,500,0,500,1.0,0.41896911061941067,0.4090306179196008,0.001379,,
0.9,0.9,0.7,10,1000,wilson_known,500,0,500,0.268,0.07416054433814409,0.0729029132968288,0.001379,,
0.9,0.9,0.7,10,1000,point_rogan_gladen,500,0,500,,,,,0.013382880952381033,0.10340569490485818
0.9,0.9,0.7,20,100,judgy,500,0,500,0.798,0.26687891917470064,0.2667526300766808,4e-06,,
0.9,0.9,0.7,20,100,skill,500,0,500,0.796,0.26687360961066703,0.2649783420944135,4e-06,,
0.9,0.9,0.7,20,100,repo,500,0,500,0.928,0.3545730574278107,0.3461085718338291,4e-06,,
0.9,0.9,0.7,20,100,stratified,500,0,500,0.934,0.3519137871102065,0.34445707070707066,4e-06,,
0.9,0.9,0.7,20,100,lang_reiczigel,500,0,500,0.96,0.37753819262410626,0.3676059594652508,4e-06,,
0.9,0.9,0.7,20,100,wilson_known,500,0,500,0.816,0.22957445321056683,0.22315442438009753,4e-06,,
0.9,0.9,0.7,20,100,point_rogan_gladen,500,0,500,,,,,0.003165886179523989,0.09186990954188543
0.9,0.9,0.7,20,1000,judgy,500,0,500,0.836,0.262912001291251,0.2610577182539683,4e-06,,
0.9,0.9,0.7,20,1000,skill,500,0,500,0.836,0.2622360585168426,0.26016418474648745,4e-06,,
0.9,0.9,0.7,20,1000,repo,500,0,500,0.854,0.2752485426375862,0.27304452279568725,4e-06,,
0.9,0.9,0.7,20,1000,stratified,500,0,500,0.848,0.27159029380091,0.26801641122035885,4e-06,,
0.9,0.9,0.7,20,1000,lang_reiczigel,500,0,500,0.99,0.3030077758457691,0.30043136470692045,4e-06,,
0.9,0.9,0.7,20,1000,wilson_known,500,0,500,0.396,0.07423792267596574,0.07265353053741241,4e-06,,
0.9,0.9,0.7,20,1000,point_rogan_gladen,500,0,500,,,,,-0.0027538413301523893,0.07117867847689437
0.9,0.9,0.7,50,100,judgy,500,0,500,0.718,0.16744440231208738,0.1625918528126712,0.0,,
0.9,0.9,0.7,50,100,skill,500,0,500,0.714,0.16723132819242117,0.1619855352381281,0.0,,
0.9,0.9,0.7,50,100,repo,500,0,500,0.936,0.2875078203567074,0.2840605875827893,0.0,,
0.9,0.9,0.7,50,100,stratified,500,0,500,0.942,0.28672863943577853,0.28319395416548554,0.0,,
0.9,0.9,0.7,50,100,lang_reiczigel,500,0,500,0.948,0.29415942293771463,0.29199442847906387,0.0,,
0.9,0.9,0.7,50,100,wilson_known,500,0,500,0.88,0.2285750554995834,0.2267942508410788,0.0,,
0.9,0.9,0.7,50,100,point_rogan_gladen,500,0,500,,,,,0.0028660633847953846,0.074347815438786
0.9,0.9,0.7,50,1000,judgy,500,0,500,0.912,0.16679330084304558,0.16328226104343563,0.0,,
0.9,0.9,0.7,50,1000,skill,500,0,500,0.904,0.1675288275184335,0.16130391106688774,0.0,,
0.9,0.9,0.7,50,1000,repo,500,0,500,0.94,0.18354345140181347,0.1788830124314741,0.0,,
0.9,0.9,0.7,50,1000,stratified,500,0,500,0.942,0.1830319986272549,0.17736360014567693,0.0,,
0.9,0.9,0.7,50,1000,lang_reiczigel,500,0,500,0.96,0.19164705123464348,0.18603526334607046,0.0,,
0.9,0.9,0.7,50,1000,wilson_known,500,0,500,0.578,0.0738223982878896,0.07259710354474969,0.0,,
0.9,0.9,0.7,50,1000,point_rogan_gladen,500,0,500,,,,,0.0003940232890858626,0.046227102963879656
0.9,0.9,0.7,100,100,judgy,500,0,500,0.576,0.1173518678123609,0.11606995101476886,0.0,,
0.9,0.9,0.7,100,100,skill,500,0,500,0.582,0.11730306853400495,0.11590592831707358,0.0,,
0.9,0.9,0.7,100,100,repo,500,0,500,0.93,0.26123955763035817,0.26101849128988464,0.0,,
0.9,0.9,0.7,100,100,stratified,500,0,500,0.932,0.26167946750245424,0.2613878452430977,0.0,,
0.9,0.9,0.7,100,100,lang_reiczigel,500,0,500,0.94,0.2629027781606618,0.2619638011019976,0.0,,
0.9,0.9,0.7,100,100,wilson_known,500,0,500,0.884,0.22868148598423405,0.2280232618574763,0.0,,
0.9,0.9,0.7,100,100,point_rogan_gladen,500,0,500,,,,,0.0021170702698076146,0.07117465812920105
0.9,0.9,0.7,100,1000,judgy,500,0,500,0.89,0.11507771519186744,0.11466407005789975,0.0,,
0.9,0.9,0.7,100,1000,skill,500,0,500,0.892,0.1146512661036897,0.11357637415137939,0.0,,
0.9,0.9,0.7,100,1000,repo,500,0,500,0.948,0.136726960838028,0.13597274485906108,0.0,,
0.9,0.9,0.7,100,1000,stratified,500,0,500,0.952,0.13670903106835852,0.13536428950134144,0.0,,
0.9,0.9,0.7,100,1000,lang_reiczigel,500,0,500,0.956,0.1400129312849268,0.13932692138799385,0.0,,
0.9,0.9,0.7,100,1000,wilson_known,500,0,500,0.704,0.07348803943878898,0.0730702292819852,0.0,,
0.9,0.9,0.7,100,1000,point_rogan_gladen,500,0,500,,,,,-3.178267446362271e-05,0.03391322049877937
0.9,0.9,0.7,200,100,judgy,500,0,500,0.486,0.08066901757480688,0.08032892481362258,0.0,,
0.9,0.9,0.7,200,100,skill,500,0,500,0.484,0.0807552935211362,0.07977702853373414,0.0,,
0.9,0.9,0.7,200,100,repo,500,0,500,0.954,0.2451035447913384,0.24528189267554734,0.0,,
0.9,0.9,0.7,200,100,stratified,500,0,500,0.962,0.2451351403633617,0.2449142038415802,0.0,,
0.9,0.9,0.7,200,100,lang_reiczigel,500,0,500,0.962,0.24426764293995074,0.24361818084262998,0.0,,
0.9,0.9,0.7,200,100,wilson_known,500,0,500,0.95,0.22733078950430283,0.2268771111297122,0.0,,
0.9,0.9,0.7,200,100,point_rogan_gladen,500,0,500,,,,,0.0023361176044823634,0.06091743479601165
0.9,0.9,0.7,200,1000,judgy,500,0,500,0.848,0.08028373431867376,0.08074722415679769,0.0,,
0.9,0.9,0.7,200,1000,skill,500,0,500,0.844,0.08011431088989633,0.0797408738577034,0.0,,
0.9,0.9,0.7,200,1000,repo,500,0,500,0.942,0.10888224610623291,0.10892289120963206,0.0,,
0.9,0.9,0.7,200,1000,stratified,500,0,500,0.938,0.1088500408626237,0.10871617511265969,0.0,,
0.9,0.9,0.7,200,1000,lang_reiczigel,500,0,500,0.95,0.11020194699180502,0.10978485680068595,0.0,,
0.9,0.9,0.7,200,1000,wilson_known,500,0,500,0.82,0.07337621126709434,0.07337545976233861,0.0,,
0.9,0.9,0.7,200,1000,point_rogan_gladen,500,0,500,,,,,-0.00020454542940962495,0.027908622163106214
0.9,0.9,0.9,10,100,judgy,500,0,500,0.656,0.1866926516758453,0.1861904761904764,0.0011070010005002503,,
0.9,0.9,0.9,10,100,skill,500,0,500,0.658,0.18874256304528803,0.18333333333333346,0.0011070010005002503,,
0.9,0.9,0.9,10,100,repo,500,0,500,0.73,0.25102790084090804,0.23632623106060618,0.0011070010005002503,,
0.9,0.9,0.9,10,100,stratified,500,0,500,0.724,0.2469751587301587,0.23291666666666644,0.0011070010005002503,,
0.9,0.9,0.9,10,100,lang_reiczigel,500,0,500,0.996,0.2911710126392069,0.2830501320907354,0.0011070010005002503,,
0.9,0.9,0.9,10,100,wilson_known,500,0,500,0.522,0.15024343839501075,0.16282709615045776,0.0011070010005002503,,
0.9,0.9,0.9,10,100,point_rogan_gladen,500,0,500,,,,,-0.0136938888888889,0.09064484133498715
0.9,0.9,0.9,10,1000,judgy,500,0,500,0.65,0.1847226789088771,0.18799999999999994,0.0008230000000000001,,
0.9,0.9,0.9,10,1000,skill,500,0,500,0.65,0.1877859940620552,0.18714333333333344,0.0008230000000000001,,
0.9,0.9,0.9,10,1000,repo,500,0,500,0.65,0.20148162194791217,0.1989596428571428,0.0008230000000000001,,
0.9,0.9,0.9,10,1000,stratified,500,0,500,0.65,0.19517153531746032,0.196361111111111,0.0008230000000000001,,
0.9,0.9,0.9,10,1000,lang_reiczigel,500,0,500,0.998,0.2580995949630504,0.25618640723125097,0.0008230000000000001,,
0.9,0.9,0.9,10,1000,wilson_known,500,0,500,0.352,0.043823842294303784,0.0527694983437198,0.0008230000000000001,,
0.9,0.9,0.9,10,1000,point_rogan_gladen,500,0,500,,,,,-0.010095301587301606,0.08489297732560891
0.9,0.9,0.9,20,100,judgy,500,0,500,0.802,0.17408173892583859,0.18481454072243536,8e-05,,
0.9,0.9,0.9,20,100,skill,500,0,500,0.804,0.1738245690338483,0.18513997446975644,8e-05,,
0.9,0.9,0.9,20,100,repo,500,0,500,0.896,0.22957665657976345,0.23709375000000016,8e-05,,
0.9,0.9,0.9,20,100,stratified,500,0,500,0.892,0.22678342711747315,0.231578947368421,8e-05,,
0.9,0.9,0.9,20,100,lang_reiczigel,500,0,500,0.962,0.2441917272882852,0.24891612404068075,8e-05,,
0.9,0.9,0.9,20,100,wilson_known,500,0,500,0.674,0.15479329558880908,0.1665715098308866,8e-05,,
0.9,0.9,0.9,20,100,point_rogan_gladen,500,0,500,,,,,-0.0035372354030558514,0.07589509503557444
0.9,0.9,0.9,20,1000,judgy,500,0,500,0.858,0.17915119926823614,0.19193460728744927,8e-06,,
0.9,0.9,0.9,20,1000,skill,500,0,500,0.858,0.17882450204058803,0.19113157894736843,8e-06,,
0.9,0.9,0.9,20,1000,repo,500,0,500,0.854,0.18819126369112557,0.19840397467320248,8e-06,,
0.9,0.9,0.9,20,1000,stratified,500,0,500,0.856,0.1855637473443094,0.1947707258341933,8e-06,,
0.9,0.9,0.9,20,1000,lang_reiczigel,500,0,500,0.988,0.2053815917109138,0.2064434843749181,8e-06,,
0.9,0.9,0.9,20,1000,wilson_known,500,0,500,0.298,0.0515067529392119,0.05611401243561115,8e-06,,
0.9,0.9,0.9,20,1000,point_rogan_gladen,500,0,500,,,,,-0.004573827605315259,0.06495470336180267
0.9,0.9,0.9,50,100,judgy,500,0,500,0.81,0.14803319402004042,0.15099720463699523,0.0,,
0.9,0.9,0.9,50,100,skill,500,0,500,0.816,0.148062626217883,0.15069858805979414,0.0,,
0.9,0.9,0.9,50,100,repo,500,0,500,0.926,0.2095403210424936,0.21651224391610513,0.0,,
0.9,0.9,0.9,50,100,stratified,500,0,500,0.934,0.2092194495411951,0.21512153387153393,0.0,,
0.9,0.9,0.9,50,100,lang_reiczigel,500,0,500,0.956,0.21657807506686197,0.22653309845466219,0.0,,
0.9,0.9,0.9,50,100,wilson_known,500,0,500,0.822,0.16881408900355319,0.18077003751410048,0.0,,
0.9,0.9,0.9,50,100,point_rogan_gladen,500,0,500,,,,,-0.0003923644145332643,0.06346728728342105
0.9,0.9,0.9,50,1000,judgy,500,0,500,0.926,0.15393967538829847,0.1573856810622925,0.0,,
0.9,0.9,0.9,50,1000,skill,500,0,500,0.916,0.15389255165944882,0.15726200945657842,0.0,,
0.9,0.9,0.9,50,1000,repo,500,0,500,0.938,0.16200675874261503,0.16405230372820562,0.0,,
0.9,0.9,0.9,50,1000,stratified,500,0,500,0.932,0.1614801469159275,0.16289619773994773,0.0,,
0.9,0.9,0.9,50,1000,lang_reiczigel,500,0,500,0.962,0.1656052459313872,0.1674391579811475,0.0,,
0.9,0.9,0.9,50,1000,wilson_known,500,0,500,0.428,0.05789096511963284,0.05866006131317203,0.0,,
0.9,0.9,0.9,50,1000,point_rogan_gladen,500,0,500,,,,,-0.00027931810467997375,0.04689445529415479
0.9,0.9,0.9,100,100,judgy,500,0,500,0.752,0.11685052298828195,0.1187044168942536,0.0,,
0.9,0.9,0.9,100,100,skill,500,0,500,0.744,0.11694188496484938,0.11903555457392939,0.0,,
0.9,0.9,0.9,100,100,repo,500,0,500,0.958,0.19631447891285198,0.20264753257864554,0.0,,
0.9,0.9,0.9,100,100,stratified,500,0,500,0.958,0.19638653616017998,0.20283126678475505,0.0,,
0.9,0.9,0.9,100,100,lang_reiczigel,500,0,500,0.962,0.20294004384667205,0.20910795842975677,0.0,,
0.9,0.9,0.9,100,100,wilson_known,500,0,500,0.906,0.1736738024681419,0.1809189957227305,0.0,,
0.9,0.9,0.9,100,100,point_rogan_gladen,500,0,500,,,,,-0.00010101164765453108,0.05490935555645538
0.9,0.9,0.9,100,1000,judgy,500,0,500,0.918,0.12319374028200869,0.12469840434994683,0.0,,
0.9,0.9,0.9,100,1000,skill,500,0,500,0.926,0.12341811687221148,0.12561014513438767,0.0,,
0.9,0.9,0.9,100,1000,repo,500,0,500,0.94,0.13500719883801138,0.1368942265684957,0.0,,
0.9,0.9,0.9,100,1000,stratified,500,0,500,0.946,0.13446114673551632,0.13623203673989093,0.0,,
0.9,0.9,0.9,100,1000,lang_reiczigel,500,0,500,0.962,0.13714061905508276,0.1390682405312169,0.0,,
0.9,0.9,0.9,100,1000,wilson_known,500,0,500,0.588,0.058644529030210106,0.05910665876323129,0.0,,
0.9,0.9,0.9,100,1000,point_rogan_gladen,500,0,500,,,,,0.00037915895356386284,0.036820812457012714
0.9,0.9,0.9,200,100,judgy,500,0,500,0.596,0.0878935194426268,0.0893378725010272,0.0,,
0.9,0.9,0.9,200,100,skill,500,0,500,0.602,0.08771012759156804,0.08900805427604491,0.0,,
0.9,0.9,0.9,200,100,repo,500,0,500,0.936,0.18552477063807787,0.19543092506106352,0.0,,
0.9,0.9,0.9,200,100,stratified,500,0,500,0.932,0.1855860215321297,0.1960168520649846,0.0,,
0.9,0.9,0.9,200,100,lang_reiczigel,500,0,500,0.946,0.19196811111074852,0.2024401487627565,0.0,,
0.9,0.9,0.9,200,100,wilson_known,500,0,500,0.92,0.1748138586902627,0.1843325616797633,0.0,,
0.9,0.9,0.9,200,100,point_rogan_gladen,500,0,500,,,,,0.00234838051790849,0.05393477260986026
0.9,0.9,0.9,200,1000,judgy,500,0,500,0.9,0.09363127224744866,0.09339107647114053,0.0,,
0.9,0.9,0.9,200,1000,skill,500,0,500,0.904,0.09350649841397816,0.09316432451883394,0.0,,
0.9,0.9,0.9,200,1000,repo,500,0,500,0.954,0.1104584766093298,0.11058746099835359,0.0,,
0.9,0.9,0.9,200,1000,stratified,500,0,500,0.954,0.11046581867534369,0.11059582857217687,0.0,,
0.9,0.9,0.9,200,1000,lang_reiczigel,500,0,500,0.958,0.11186499948927815,0.11217806162097765,0.0,,
0.9,0.9,0.9,200,1000,wilson_known,500,0,500,0.718,0.0596032729168556,0.05950721732133013,0.0,,
0.9,0.9,0.9,200,1000,point_rogan_gladen,500,0,500,,,,,0.0001937631425973543,0.02796243009309566
